assay_key,gene,source,is_direct_ndd,field,current_value,status,what_was_searched,why_unresolved,next_source_needed
ADSL::gate_consensus,ADSL,original_v3,1,host,unknown,original_provenance_missing,"Checked the supplied corpus, README_ndd_training_corpus_v3.txt, prepared/audit/assay_metadata.csv and the V4 build script for a constituent-assay manifest or aggregation rule.","Collapsed consensus target: the supplied files contain no constituent assay identifiers, raw phenotype columns, score transforms or aggregation rules, so no experimental context can be attributed to this row.","Original consensus build script or source manifest listing constituent assay IDs, their raw phenotype columns, score transforms/signs, aggregation weights and construct mapping."
ADSL::gate_consensus,ADSL,original_v3,1,selection,unknown,original_provenance_missing,"Checked the supplied corpus, README_ndd_training_corpus_v3.txt, prepared/audit/assay_metadata.csv and the V4 build script for a constituent-assay manifest or aggregation rule.","Collapsed consensus target: the supplied files contain no constituent assay identifiers, raw phenotype columns, score transforms or aggregation rules, so no experimental context can be attributed to this row.","Original consensus build script or source manifest listing constituent assay IDs, their raw phenotype columns, score transforms/signs, aggregation weights and construct mapping."
ADSL::gate_consensus,ADSL,original_v3,1,system,unknown,original_provenance_missing,"Checked the supplied corpus, README_ndd_training_corpus_v3.txt, prepared/audit/assay_metadata.csv and the V4 build script for a constituent-assay manifest or aggregation rule.","Collapsed consensus target: the supplied files contain no constituent assay identifiers, raw phenotype columns, score transforms or aggregation rules, so no experimental context can be attributed to this row.","Original consensus build script or source manifest listing constituent assay IDs, their raw phenotype columns, score transforms/signs, aggregation weights and construct mapping."
ADSL::gate_consensus,ADSL,original_v3,1,treatment,unknown,original_provenance_missing,"Checked the supplied corpus, README_ndd_training_corpus_v3.txt, prepared/audit/assay_metadata.csv and the V4 build script for a constituent-assay manifest or aggregation rule.","Collapsed consensus target: the supplied files contain no constituent assay identifiers, raw phenotype columns, score transforms or aggregation rules, so no experimental context can be attributed to this row.","Original consensus build script or source manifest listing constituent assay IDs, their raw phenotype columns, score transforms/signs, aggregation weights and construct mapping."
ADSL::gate_consensus,ADSL,original_v3,1,region,unknown,original_provenance_missing,"Checked the supplied corpus, README_ndd_training_corpus_v3.txt, prepared/audit/assay_metadata.csv and the V4 build script for a constituent-assay manifest or aggregation rule.","Collapsed consensus target: the supplied files contain no constituent assay identifiers, raw phenotype columns, score transforms or aggregation rules, so no experimental context can be attributed to this row.","Original consensus build script or source manifest listing constituent assay IDs, their raw phenotype columns, score transforms/signs, aggregation weights and construct mapping."
AIRE::gate_consensus,AIRE,original_v3,0,host,unknown,original_provenance_missing,"Checked the supplied corpus, README_ndd_training_corpus_v3.txt, prepared/audit/assay_metadata.csv and the V4 build script for a constituent-assay manifest or aggregation rule.","Collapsed consensus target: the supplied files contain no constituent assay identifiers, raw phenotype columns, score transforms or aggregation rules, so no experimental context can be attributed to this row.","Original consensus build script or source manifest listing constituent assay IDs, their raw phenotype columns, score transforms/signs, aggregation weights and construct mapping."
AIRE::gate_consensus,AIRE,original_v3,0,selection,unknown,original_provenance_missing,"Checked the supplied corpus, README_ndd_training_corpus_v3.txt, prepared/audit/assay_metadata.csv and the V4 build script for a constituent-assay manifest or aggregation rule.","Collapsed consensus target: the supplied files contain no constituent assay identifiers, raw phenotype columns, score transforms or aggregation rules, so no experimental context can be attributed to this row.","Original consensus build script or source manifest listing constituent assay IDs, their raw phenotype columns, score transforms/signs, aggregation weights and construct mapping."
AIRE::gate_consensus,AIRE,original_v3,0,system,unknown,original_provenance_missing,"Checked the supplied corpus, README_ndd_training_corpus_v3.txt, prepared/audit/assay_metadata.csv and the V4 build script for a constituent-assay manifest or aggregation rule.","Collapsed consensus target: the supplied files contain no constituent assay identifiers, raw phenotype columns, score transforms or aggregation rules, so no experimental context can be attributed to this row.","Original consensus build script or source manifest listing constituent assay IDs, their raw phenotype columns, score transforms/signs, aggregation weights and construct mapping."
AIRE::gate_consensus,AIRE,original_v3,0,treatment,unknown,original_provenance_missing,"Checked the supplied corpus, README_ndd_training_corpus_v3.txt, prepared/audit/assay_metadata.csv and the V4 build script for a constituent-assay manifest or aggregation rule.","Collapsed consensus target: the supplied files contain no constituent assay identifiers, raw phenotype columns, score transforms or aggregation rules, so no experimental context can be attributed to this row.","Original consensus build script or source manifest listing constituent assay IDs, their raw phenotype columns, score transforms/signs, aggregation weights and construct mapping."
AIRE::gate_consensus,AIRE,original_v3,0,region,unknown,original_provenance_missing,"Checked the supplied corpus, README_ndd_training_corpus_v3.txt, prepared/audit/assay_metadata.csv and the V4 build script for a constituent-assay manifest or aggregation rule.","Collapsed consensus target: the supplied files contain no constituent assay identifiers, raw phenotype columns, score transforms or aggregation rules, so no experimental context can be attributed to this row.","Original consensus build script or source manifest listing constituent assay IDs, their raw phenotype columns, score transforms/signs, aggregation weights and construct mapping."
BRCA1::gate_consensus,BRCA1,original_v3,0,host,unknown,original_provenance_missing,"Checked the supplied corpus, README_ndd_training_corpus_v3.txt, prepared/audit/assay_metadata.csv and the V4 build script for a constituent-assay manifest or aggregation rule.","Collapsed consensus target: the supplied files contain no constituent assay identifiers, raw phenotype columns, score transforms or aggregation rules, so no experimental context can be attributed to this row.","Original consensus build script or source manifest listing constituent assay IDs, their raw phenotype columns, score transforms/signs, aggregation weights and construct mapping."
BRCA1::gate_consensus,BRCA1,original_v3,0,selection,unknown,original_provenance_missing,"Checked the supplied corpus, README_ndd_training_corpus_v3.txt, prepared/audit/assay_metadata.csv and the V4 build script for a constituent-assay manifest or aggregation rule.","Collapsed consensus target: the supplied files contain no constituent assay identifiers, raw phenotype columns, score transforms or aggregation rules, so no experimental context can be attributed to this row.","Original consensus build script or source manifest listing constituent assay IDs, their raw phenotype columns, score transforms/signs, aggregation weights and construct mapping."
BRCA1::gate_consensus,BRCA1,original_v3,0,system,unknown,original_provenance_missing,"Checked the supplied corpus, README_ndd_training_corpus_v3.txt, prepared/audit/assay_metadata.csv and the V4 build script for a constituent-assay manifest or aggregation rule.","Collapsed consensus target: the supplied files contain no constituent assay identifiers, raw phenotype columns, score transforms or aggregation rules, so no experimental context can be attributed to this row.","Original consensus build script or source manifest listing constituent assay IDs, their raw phenotype columns, score transforms/signs, aggregation weights and construct mapping."
BRCA1::gate_consensus,BRCA1,original_v3,0,treatment,unknown,original_provenance_missing,"Checked the supplied corpus, README_ndd_training_corpus_v3.txt, prepared/audit/assay_metadata.csv and the V4 build script for a constituent-assay manifest or aggregation rule.","Collapsed consensus target: the supplied files contain no constituent assay identifiers, raw phenotype columns, score transforms or aggregation rules, so no experimental context can be attributed to this row.","Original consensus build script or source manifest listing constituent assay IDs, their raw phenotype columns, score transforms/signs, aggregation weights and construct mapping."
BRCA1::gate_consensus,BRCA1,original_v3,0,region,unknown,original_provenance_missing,"Checked the supplied corpus, README_ndd_training_corpus_v3.txt, prepared/audit/assay_metadata.csv and the V4 build script for a constituent-assay manifest or aggregation rule.","Collapsed consensus target: the supplied files contain no constituent assay identifiers, raw phenotype columns, score transforms or aggregation rules, so no experimental context can be attributed to this row.","Original consensus build script or source manifest listing constituent assay IDs, their raw phenotype columns, score transforms/signs, aggregation weights and construct mapping."
BRCA2::gate_consensus,BRCA2,original_v3,0,treatment,unknown,original_provenance_missing,"Checked the supplied corpus, README_ndd_training_corpus_v3.txt, prepared/audit/assay_metadata.csv and the V4 build script for a constituent-assay manifest or aggregation rule.","Collapsed consensus target: the supplied files contain no constituent assay identifiers, raw phenotype columns, score transforms or aggregation rules, so no experimental context can be attributed to this row.","Original consensus build script or source manifest listing constituent assay IDs, their raw phenotype columns, score transforms/signs, aggregation weights and construct mapping."
CBS::gate_consensus,CBS,original_v3,1,host,unknown,original_provenance_missing,"Checked the supplied corpus, README_ndd_training_corpus_v3.txt, prepared/audit/assay_metadata.csv and the V4 build script for a constituent-assay manifest or aggregation rule.","Collapsed consensus target: the supplied files contain no constituent assay identifiers, raw phenotype columns, score transforms or aggregation rules, so no experimental context can be attributed to this row.","Original consensus build script or source manifest listing constituent assay IDs, their raw phenotype columns, score transforms/signs, aggregation weights and construct mapping."
CBS::gate_consensus,CBS,original_v3,1,selection,unknown,original_provenance_missing,"Checked the supplied corpus, README_ndd_training_corpus_v3.txt, prepared/audit/assay_metadata.csv and the V4 build script for a constituent-assay manifest or aggregation rule.","Collapsed consensus target: the supplied files contain no constituent assay identifiers, raw phenotype columns, score transforms or aggregation rules, so no experimental context can be attributed to this row.","Original consensus build script or source manifest listing constituent assay IDs, their raw phenotype columns, score transforms/signs, aggregation weights and construct mapping."
CBS::gate_consensus,CBS,original_v3,1,system,unknown,original_provenance_missing,"Checked the supplied corpus, README_ndd_training_corpus_v3.txt, prepared/audit/assay_metadata.csv and the V4 build script for a constituent-assay manifest or aggregation rule.","Collapsed consensus target: the supplied files contain no constituent assay identifiers, raw phenotype columns, score transforms or aggregation rules, so no experimental context can be attributed to this row.","Original consensus build script or source manifest listing constituent assay IDs, their raw phenotype columns, score transforms/signs, aggregation weights and construct mapping."
CBS::gate_consensus,CBS,original_v3,1,treatment,unknown,original_provenance_missing,"Checked the supplied corpus, README_ndd_training_corpus_v3.txt, prepared/audit/assay_metadata.csv and the V4 build script for a constituent-assay manifest or aggregation rule.","Collapsed consensus target: the supplied files contain no constituent assay identifiers, raw phenotype columns, score transforms or aggregation rules, so no experimental context can be attributed to this row.","Original consensus build script or source manifest listing constituent assay IDs, their raw phenotype columns, score transforms/signs, aggregation weights and construct mapping."
CBS::gate_consensus,CBS,original_v3,1,region,unknown,original_provenance_missing,"Checked the supplied corpus, README_ndd_training_corpus_v3.txt, prepared/audit/assay_metadata.csv and the V4 build script for a constituent-assay manifest or aggregation rule.","Collapsed consensus target: the supplied files contain no constituent assay identifiers, raw phenotype columns, score transforms or aggregation rules, so no experimental context can be attributed to this row.","Original consensus build script or source manifest listing constituent assay IDs, their raw phenotype columns, score transforms/signs, aggregation weights and construct mapping."
FKRP::gate_consensus,FKRP,original_v3,1,host,unknown,original_provenance_missing,"Checked the supplied corpus, README_ndd_training_corpus_v3.txt, prepared/audit/assay_metadata.csv and the V4 build script for a constituent-assay manifest or aggregation rule.","Collapsed consensus target: the supplied files contain no constituent assay identifiers, raw phenotype columns, score transforms or aggregation rules, so no experimental context can be attributed to this row.","Original consensus build script or source manifest listing constituent assay IDs, their raw phenotype columns, score transforms/signs, aggregation weights and construct mapping."
FKRP::gate_consensus,FKRP,original_v3,1,treatment,unknown,original_provenance_missing,"Checked the supplied corpus, README_ndd_training_corpus_v3.txt, prepared/audit/assay_metadata.csv and the V4 build script for a constituent-assay manifest or aggregation rule.","Collapsed consensus target: the supplied files contain no constituent assay identifiers, raw phenotype columns, score transforms or aggregation rules, so no experimental context can be attributed to this row.","Original consensus build script or source manifest listing constituent assay IDs, their raw phenotype columns, score transforms/signs, aggregation weights and construct mapping."
HMGCR::gate_consensus,HMGCR,original_v3,0,host,unknown,original_provenance_missing,"Checked the supplied corpus, README_ndd_training_corpus_v3.txt, prepared/audit/assay_metadata.csv and the V4 build script for a constituent-assay manifest or aggregation rule.","Collapsed consensus target: the supplied files contain no constituent assay identifiers, raw phenotype columns, score transforms or aggregation rules, so no experimental context can be attributed to this row.","Original consensus build script or source manifest listing constituent assay IDs, their raw phenotype columns, score transforms/signs, aggregation weights and construct mapping."
HMGCR::gate_consensus,HMGCR,original_v3,0,selection,unknown,original_provenance_missing,"Checked the supplied corpus, README_ndd_training_corpus_v3.txt, prepared/audit/assay_metadata.csv and the V4 build script for a constituent-assay manifest or aggregation rule.","Collapsed consensus target: the supplied files contain no constituent assay identifiers, raw phenotype columns, score transforms or aggregation rules, so no experimental context can be attributed to this row.","Original consensus build script or source manifest listing constituent assay IDs, their raw phenotype columns, score transforms/signs, aggregation weights and construct mapping."
HMGCR::gate_consensus,HMGCR,original_v3,0,system,unknown,original_provenance_missing,"Checked the supplied corpus, README_ndd_training_corpus_v3.txt, prepared/audit/assay_metadata.csv and the V4 build script for a constituent-assay manifest or aggregation rule.","Collapsed consensus target: the supplied files contain no constituent assay identifiers, raw phenotype columns, score transforms or aggregation rules, so no experimental context can be attributed to this row.","Original consensus build script or source manifest listing constituent assay IDs, their raw phenotype columns, score transforms/signs, aggregation weights and construct mapping."
HMGCR::gate_consensus,HMGCR,original_v3,0,treatment,unknown,original_provenance_missing,"Checked the supplied corpus, README_ndd_training_corpus_v3.txt, prepared/audit/assay_metadata.csv and the V4 build script for a constituent-assay manifest or aggregation rule.","Collapsed consensus target: the supplied files contain no constituent assay identifiers, raw phenotype columns, score transforms or aggregation rules, so no experimental context can be attributed to this row.","Original consensus build script or source manifest listing constituent assay IDs, their raw phenotype columns, score transforms/signs, aggregation weights and construct mapping."
HMGCR::gate_consensus,HMGCR,original_v3,0,region,unknown,original_provenance_missing,"Checked the supplied corpus, README_ndd_training_corpus_v3.txt, prepared/audit/assay_metadata.csv and the V4 build script for a constituent-assay manifest or aggregation rule.","Collapsed consensus target: the supplied files contain no constituent assay identifiers, raw phenotype columns, score transforms or aggregation rules, so no experimental context can be attributed to this row.","Original consensus build script or source manifest listing constituent assay IDs, their raw phenotype columns, score transforms/signs, aggregation weights and construct mapping."
JAG1::gate_consensus,JAG1,original_v3,0,host,unknown,original_provenance_missing,"Checked the supplied corpus, README_ndd_training_corpus_v3.txt, prepared/audit/assay_metadata.csv and the V4 build script for a constituent-assay manifest or aggregation rule.","Collapsed consensus target: the supplied files contain no constituent assay identifiers, raw phenotype columns, score transforms or aggregation rules, so no experimental context can be attributed to this row.","Original consensus build script or source manifest listing constituent assay IDs, their raw phenotype columns, score transforms/signs, aggregation weights and construct mapping."
JAG1::gate_consensus,JAG1,original_v3,0,selection,unknown,original_provenance_missing,"Checked the supplied corpus, README_ndd_training_corpus_v3.txt, prepared/audit/assay_metadata.csv and the V4 build script for a constituent-assay manifest or aggregation rule.","Collapsed consensus target: the supplied files contain no constituent assay identifiers, raw phenotype columns, score transforms or aggregation rules, so no experimental context can be attributed to this row.","Original consensus build script or source manifest listing constituent assay IDs, their raw phenotype columns, score transforms/signs, aggregation weights and construct mapping."
JAG1::gate_consensus,JAG1,original_v3,0,system,unknown,original_provenance_missing,"Checked the supplied corpus, README_ndd_training_corpus_v3.txt, prepared/audit/assay_metadata.csv and the V4 build script for a constituent-assay manifest or aggregation rule.","Collapsed consensus target: the supplied files contain no constituent assay identifiers, raw phenotype columns, score transforms or aggregation rules, so no experimental context can be attributed to this row.","Original consensus build script or source manifest listing constituent assay IDs, their raw phenotype columns, score transforms/signs, aggregation weights and construct mapping."
JAG1::gate_consensus,JAG1,original_v3,0,treatment,unknown,original_provenance_missing,"Checked the supplied corpus, README_ndd_training_corpus_v3.txt, prepared/audit/assay_metadata.csv and the V4 build script for a constituent-assay manifest or aggregation rule.","Collapsed consensus target: the supplied files contain no constituent assay identifiers, raw phenotype columns, score transforms or aggregation rules, so no experimental context can be attributed to this row.","Original consensus build script or source manifest listing constituent assay IDs, their raw phenotype columns, score transforms/signs, aggregation weights and construct mapping."
JAG1::gate_consensus,JAG1,original_v3,0,region,unknown,original_provenance_missing,"Checked the supplied corpus, README_ndd_training_corpus_v3.txt, prepared/audit/assay_metadata.csv and the V4 build script for a constituent-assay manifest or aggregation rule.","Collapsed consensus target: the supplied files contain no constituent assay identifiers, raw phenotype columns, score transforms or aggregation rules, so no experimental context can be attributed to this row.","Original consensus build script or source manifest listing constituent assay IDs, their raw phenotype columns, score transforms/signs, aggregation weights and construct mapping."
KCNE1::gate_consensus,KCNE1,original_v3,0,host,unknown,original_provenance_missing,"Checked the supplied corpus, README_ndd_training_corpus_v3.txt, prepared/audit/assay_metadata.csv and the V4 build script for a constituent-assay manifest or aggregation rule.","Collapsed consensus target: the supplied files contain no constituent assay identifiers, raw phenotype columns, score transforms or aggregation rules, so no experimental context can be attributed to this row.","Original consensus build script or source manifest listing constituent assay IDs, their raw phenotype columns, score transforms/signs, aggregation weights and construct mapping."
KCNE1::gate_consensus,KCNE1,original_v3,0,selection,unknown,original_provenance_missing,"Checked the supplied corpus, README_ndd_training_corpus_v3.txt, prepared/audit/assay_metadata.csv and the V4 build script for a constituent-assay manifest or aggregation rule.","Collapsed consensus target: the supplied files contain no constituent assay identifiers, raw phenotype columns, score transforms or aggregation rules, so no experimental context can be attributed to this row.","Original consensus build script or source manifest listing constituent assay IDs, their raw phenotype columns, score transforms/signs, aggregation weights and construct mapping."
KCNE1::gate_consensus,KCNE1,original_v3,0,system,unknown,original_provenance_missing,"Checked the supplied corpus, README_ndd_training_corpus_v3.txt, prepared/audit/assay_metadata.csv and the V4 build script for a constituent-assay manifest or aggregation rule.","Collapsed consensus target: the supplied files contain no constituent assay identifiers, raw phenotype columns, score transforms or aggregation rules, so no experimental context can be attributed to this row.","Original consensus build script or source manifest listing constituent assay IDs, their raw phenotype columns, score transforms/signs, aggregation weights and construct mapping."
KCNE1::gate_consensus,KCNE1,original_v3,0,treatment,unknown,original_provenance_missing,"Checked the supplied corpus, README_ndd_training_corpus_v3.txt, prepared/audit/assay_metadata.csv and the V4 build script for a constituent-assay manifest or aggregation rule.","Collapsed consensus target: the supplied files contain no constituent assay identifiers, raw phenotype columns, score transforms or aggregation rules, so no experimental context can be attributed to this row.","Original consensus build script or source manifest listing constituent assay IDs, their raw phenotype columns, score transforms/signs, aggregation weights and construct mapping."
KCNE1::gate_consensus,KCNE1,original_v3,0,region,unknown,original_provenance_missing,"Checked the supplied corpus, README_ndd_training_corpus_v3.txt, prepared/audit/assay_metadata.csv and the V4 build script for a constituent-assay manifest or aggregation rule.","Collapsed consensus target: the supplied files contain no constituent assay identifiers, raw phenotype columns, score transforms or aggregation rules, so no experimental context can be attributed to this row.","Original consensus build script or source manifest listing constituent assay IDs, their raw phenotype columns, score transforms/signs, aggregation weights and construct mapping."
KCNQ1::gate_consensus,KCNQ1,original_v3,0,host,unknown,original_provenance_missing,"Checked the supplied corpus, README_ndd_training_corpus_v3.txt, prepared/audit/assay_metadata.csv and the V4 build script for a constituent-assay manifest or aggregation rule.","Collapsed consensus target: the supplied files contain no constituent assay identifiers, raw phenotype columns, score transforms or aggregation rules, so no experimental context can be attributed to this row.","Original consensus build script or source manifest listing constituent assay IDs, their raw phenotype columns, score transforms/signs, aggregation weights and construct mapping."
KCNQ1::gate_consensus,KCNQ1,original_v3,0,treatment,unknown,original_provenance_missing,"Checked the supplied corpus, README_ndd_training_corpus_v3.txt, prepared/audit/assay_metadata.csv and the V4 build script for a constituent-assay manifest or aggregation rule.","Collapsed consensus target: the supplied files contain no constituent assay identifiers, raw phenotype columns, score transforms or aggregation rules, so no experimental context can be attributed to this row.","Original consensus build script or source manifest listing constituent assay IDs, their raw phenotype columns, score transforms/signs, aggregation weights and construct mapping."
KCNQ1::gate_consensus,KCNQ1,original_v3,0,region,unknown,original_provenance_missing,"Checked the supplied corpus, README_ndd_training_corpus_v3.txt, prepared/audit/assay_metadata.csv and the V4 build script for a constituent-assay manifest or aggregation rule.","Collapsed consensus target: the supplied files contain no constituent assay identifiers, raw phenotype columns, score transforms or aggregation rules, so no experimental context can be attributed to this row.","Original consensus build script or source manifest listing constituent assay IDs, their raw phenotype columns, score transforms/signs, aggregation weights and construct mapping."
KCNQ2::gate_consensus,KCNQ2,original_v3,1,host,unknown,original_provenance_missing,"Checked the supplied corpus, README_ndd_training_corpus_v3.txt, prepared/audit/assay_metadata.csv and the V4 build script for a constituent-assay manifest or aggregation rule.","Collapsed consensus target: the supplied files contain no constituent assay identifiers, raw phenotype columns, score transforms or aggregation rules, so no experimental context can be attributed to this row.","Original consensus build script or source manifest listing constituent assay IDs, their raw phenotype columns, score transforms/signs, aggregation weights and construct mapping."
KCNQ2::gate_consensus,KCNQ2,original_v3,1,selection,unknown,original_provenance_missing,"Checked the supplied corpus, README_ndd_training_corpus_v3.txt, prepared/audit/assay_metadata.csv and the V4 build script for a constituent-assay manifest or aggregation rule.","Collapsed consensus target: the supplied files contain no constituent assay identifiers, raw phenotype columns, score transforms or aggregation rules, so no experimental context can be attributed to this row.","Original consensus build script or source manifest listing constituent assay IDs, their raw phenotype columns, score transforms/signs, aggregation weights and construct mapping."
KCNQ2::gate_consensus,KCNQ2,original_v3,1,system,unknown,original_provenance_missing,"Checked the supplied corpus, README_ndd_training_corpus_v3.txt, prepared/audit/assay_metadata.csv and the V4 build script for a constituent-assay manifest or aggregation rule.","Collapsed consensus target: the supplied files contain no constituent assay identifiers, raw phenotype columns, score transforms or aggregation rules, so no experimental context can be attributed to this row.","Original consensus build script or source manifest listing constituent assay IDs, their raw phenotype columns, score transforms/signs, aggregation weights and construct mapping."
KCNQ2::gate_consensus,KCNQ2,original_v3,1,treatment,unknown,original_provenance_missing,"Checked the supplied corpus, README_ndd_training_corpus_v3.txt, prepared/audit/assay_metadata.csv and the V4 build script for a constituent-assay manifest or aggregation rule.","Collapsed consensus target: the supplied files contain no constituent assay identifiers, raw phenotype columns, score transforms or aggregation rules, so no experimental context can be attributed to this row.","Original consensus build script or source manifest listing constituent assay IDs, their raw phenotype columns, score transforms/signs, aggregation weights and construct mapping."
KCNQ2::gate_consensus,KCNQ2,original_v3,1,region,unknown,original_provenance_missing,"Checked the supplied corpus, README_ndd_training_corpus_v3.txt, prepared/audit/assay_metadata.csv and the V4 build script for a constituent-assay manifest or aggregation rule.","Collapsed consensus target: the supplied files contain no constituent assay identifiers, raw phenotype columns, score transforms or aggregation rules, so no experimental context can be attributed to this row.","Original consensus build script or source manifest listing constituent assay IDs, their raw phenotype columns, score transforms/signs, aggregation weights and construct mapping."
KRAS::gate_consensus,KRAS,original_v3,1,host,unknown,original_provenance_missing,"Checked the supplied corpus, README_ndd_training_corpus_v3.txt, prepared/audit/assay_metadata.csv and the V4 build script for a constituent-assay manifest or aggregation rule.","Collapsed consensus target: the supplied files contain no constituent assay identifiers, raw phenotype columns, score transforms or aggregation rules, so no experimental context can be attributed to this row.","Original consensus build script or source manifest listing constituent assay IDs, their raw phenotype columns, score transforms/signs, aggregation weights and construct mapping."
KRAS::gate_consensus,KRAS,original_v3,1,selection,unknown,original_provenance_missing,"Checked the supplied corpus, README_ndd_training_corpus_v3.txt, prepared/audit/assay_metadata.csv and the V4 build script for a constituent-assay manifest or aggregation rule.","Collapsed consensus target: the supplied files contain no constituent assay identifiers, raw phenotype columns, score transforms or aggregation rules, so no experimental context can be attributed to this row.","Original consensus build script or source manifest listing constituent assay IDs, their raw phenotype columns, score transforms/signs, aggregation weights and construct mapping."
KRAS::gate_consensus,KRAS,original_v3,1,system,unknown,original_provenance_missing,"Checked the supplied corpus, README_ndd_training_corpus_v3.txt, prepared/audit/assay_metadata.csv and the V4 build script for a constituent-assay manifest or aggregation rule.","Collapsed consensus target: the supplied files contain no constituent assay identifiers, raw phenotype columns, score transforms or aggregation rules, so no experimental context can be attributed to this row.","Original consensus build script or source manifest listing constituent assay IDs, their raw phenotype columns, score transforms/signs, aggregation weights and construct mapping."
KRAS::gate_consensus,KRAS,original_v3,1,treatment,unknown,original_provenance_missing,"Checked the supplied corpus, README_ndd_training_corpus_v3.txt, prepared/audit/assay_metadata.csv and the V4 build script for a constituent-assay manifest or aggregation rule.","Collapsed consensus target: the supplied files contain no constituent assay identifiers, raw phenotype columns, score transforms or aggregation rules, so no experimental context can be attributed to this row.","Original consensus build script or source manifest listing constituent assay IDs, their raw phenotype columns, score transforms/signs, aggregation weights and construct mapping."
KRAS::gate_consensus,KRAS,original_v3,1,region,unknown,original_provenance_missing,"Checked the supplied corpus, README_ndd_training_corpus_v3.txt, prepared/audit/assay_metadata.csv and the V4 build script for a constituent-assay manifest or aggregation rule.","Collapsed consensus target: the supplied files contain no constituent assay identifiers, raw phenotype columns, score transforms or aggregation rules, so no experimental context can be attributed to this row.","Original consensus build script or source manifest listing constituent assay IDs, their raw phenotype columns, score transforms/signs, aggregation weights and construct mapping."
LARGE1::gate_consensus,LARGE1,original_v3,1,host,unknown,original_provenance_missing,"Checked the supplied corpus, README_ndd_training_corpus_v3.txt, prepared/audit/assay_metadata.csv and the V4 build script for a constituent-assay manifest or aggregation rule.","Collapsed consensus target: the supplied files contain no constituent assay identifiers, raw phenotype columns, score transforms or aggregation rules, so no experimental context can be attributed to this row.","Original consensus build script or source manifest listing constituent assay IDs, their raw phenotype columns, score transforms/signs, aggregation weights and construct mapping."
LARGE1::gate_consensus,LARGE1,original_v3,1,treatment,unknown,original_provenance_missing,"Checked the supplied corpus, README_ndd_training_corpus_v3.txt, prepared/audit/assay_metadata.csv and the V4 build script for a constituent-assay manifest or aggregation rule.","Collapsed consensus target: the supplied files contain no constituent assay identifiers, raw phenotype columns, score transforms or aggregation rules, so no experimental context can be attributed to this row.","Original consensus build script or source manifest listing constituent assay IDs, their raw phenotype columns, score transforms/signs, aggregation weights and construct mapping."
MAPK1::gate_consensus,MAPK1,original_v3,1,treatment,unknown,original_provenance_missing,"Checked the supplied corpus, README_ndd_training_corpus_v3.txt, prepared/audit/assay_metadata.csv and the V4 build script for a constituent-assay manifest or aggregation rule.","Collapsed consensus target: the supplied files contain no constituent assay identifiers, raw phenotype columns, score transforms or aggregation rules, so no experimental context can be attributed to this row.","Original consensus build script or source manifest listing constituent assay IDs, their raw phenotype columns, score transforms/signs, aggregation weights and construct mapping."
MTHFR::gate_consensus,MTHFR,original_v3,1,host,unknown,original_provenance_missing,"Checked the supplied corpus, README_ndd_training_corpus_v3.txt, prepared/audit/assay_metadata.csv and the V4 build script for a constituent-assay manifest or aggregation rule.","Collapsed consensus target: the supplied files contain no constituent assay identifiers, raw phenotype columns, score transforms or aggregation rules, so no experimental context can be attributed to this row.","Original consensus build script or source manifest listing constituent assay IDs, their raw phenotype columns, score transforms/signs, aggregation weights and construct mapping."
MTHFR::gate_consensus,MTHFR,original_v3,1,selection,unknown,original_provenance_missing,"Checked the supplied corpus, README_ndd_training_corpus_v3.txt, prepared/audit/assay_metadata.csv and the V4 build script for a constituent-assay manifest or aggregation rule.","Collapsed consensus target: the supplied files contain no constituent assay identifiers, raw phenotype columns, score transforms or aggregation rules, so no experimental context can be attributed to this row.","Original consensus build script or source manifest listing constituent assay IDs, their raw phenotype columns, score transforms/signs, aggregation weights and construct mapping."
MTHFR::gate_consensus,MTHFR,original_v3,1,system,unknown,original_provenance_missing,"Checked the supplied corpus, README_ndd_training_corpus_v3.txt, prepared/audit/assay_metadata.csv and the V4 build script for a constituent-assay manifest or aggregation rule.","Collapsed consensus target: the supplied files contain no constituent assay identifiers, raw phenotype columns, score transforms or aggregation rules, so no experimental context can be attributed to this row.","Original consensus build script or source manifest listing constituent assay IDs, their raw phenotype columns, score transforms/signs, aggregation weights and construct mapping."
MTHFR::gate_consensus,MTHFR,original_v3,1,treatment,unknown,original_provenance_missing,"Checked the supplied corpus, README_ndd_training_corpus_v3.txt, prepared/audit/assay_metadata.csv and the V4 build script for a constituent-assay manifest or aggregation rule.","Collapsed consensus target: the supplied files contain no constituent assay identifiers, raw phenotype columns, score transforms or aggregation rules, so no experimental context can be attributed to this row.","Original consensus build script or source manifest listing constituent assay IDs, their raw phenotype columns, score transforms/signs, aggregation weights and construct mapping."
MTHFR::gate_consensus,MTHFR,original_v3,1,region,unknown,original_provenance_missing,"Checked the supplied corpus, README_ndd_training_corpus_v3.txt, prepared/audit/assay_metadata.csv and the V4 build script for a constituent-assay manifest or aggregation rule.","Collapsed consensus target: the supplied files contain no constituent assay identifiers, raw phenotype columns, score transforms or aggregation rules, so no experimental context can be attributed to this row.","Original consensus build script or source manifest listing constituent assay IDs, their raw phenotype columns, score transforms/signs, aggregation weights and construct mapping."
PAX6::gate_consensus,PAX6,original_v3,1,host,unknown,original_provenance_missing,"Checked the supplied corpus, README_ndd_training_corpus_v3.txt, prepared/audit/assay_metadata.csv and the V4 build script for a constituent-assay manifest or aggregation rule.","Collapsed consensus target: the supplied files contain no constituent assay identifiers, raw phenotype columns, score transforms or aggregation rules, so no experimental context can be attributed to this row.","Original consensus build script or source manifest listing constituent assay IDs, their raw phenotype columns, score transforms/signs, aggregation weights and construct mapping."
PAX6::gate_consensus,PAX6,original_v3,1,selection,unknown,original_provenance_missing,"Checked the supplied corpus, README_ndd_training_corpus_v3.txt, prepared/audit/assay_metadata.csv and the V4 build script for a constituent-assay manifest or aggregation rule.","Collapsed consensus target: the supplied files contain no constituent assay identifiers, raw phenotype columns, score transforms or aggregation rules, so no experimental context can be attributed to this row.","Original consensus build script or source manifest listing constituent assay IDs, their raw phenotype columns, score transforms/signs, aggregation weights and construct mapping."
PAX6::gate_consensus,PAX6,original_v3,1,system,unknown,original_provenance_missing,"Checked the supplied corpus, README_ndd_training_corpus_v3.txt, prepared/audit/assay_metadata.csv and the V4 build script for a constituent-assay manifest or aggregation rule.","Collapsed consensus target: the supplied files contain no constituent assay identifiers, raw phenotype columns, score transforms or aggregation rules, so no experimental context can be attributed to this row.","Original consensus build script or source manifest listing constituent assay IDs, their raw phenotype columns, score transforms/signs, aggregation weights and construct mapping."
PAX6::gate_consensus,PAX6,original_v3,1,treatment,unknown,original_provenance_missing,"Checked the supplied corpus, README_ndd_training_corpus_v3.txt, prepared/audit/assay_metadata.csv and the V4 build script for a constituent-assay manifest or aggregation rule.","Collapsed consensus target: the supplied files contain no constituent assay identifiers, raw phenotype columns, score transforms or aggregation rules, so no experimental context can be attributed to this row.","Original consensus build script or source manifest listing constituent assay IDs, their raw phenotype columns, score transforms/signs, aggregation weights and construct mapping."
PAX6::gate_consensus,PAX6,original_v3,1,region,unknown,original_provenance_missing,"Checked the supplied corpus, README_ndd_training_corpus_v3.txt, prepared/audit/assay_metadata.csv and the V4 build script for a constituent-assay manifest or aggregation rule.","Collapsed consensus target: the supplied files contain no constituent assay identifiers, raw phenotype columns, score transforms or aggregation rules, so no experimental context can be attributed to this row.","Original consensus build script or source manifest listing constituent assay IDs, their raw phenotype columns, score transforms/signs, aggregation weights and construct mapping."
PTEN::gate_consensus,PTEN,original_v3,1,host,unknown,original_provenance_missing,"Checked the supplied corpus, README_ndd_training_corpus_v3.txt, prepared/audit/assay_metadata.csv and the V4 build script for a constituent-assay manifest or aggregation rule.","Collapsed consensus target: the supplied files contain no constituent assay identifiers, raw phenotype columns, score transforms or aggregation rules, so no experimental context can be attributed to this row.","Original consensus build script or source manifest listing constituent assay IDs, their raw phenotype columns, score transforms/signs, aggregation weights and construct mapping."
PTEN::gate_consensus,PTEN,original_v3,1,selection,unknown,original_provenance_missing,"Checked the supplied corpus, README_ndd_training_corpus_v3.txt, prepared/audit/assay_metadata.csv and the V4 build script for a constituent-assay manifest or aggregation rule.","Collapsed consensus target: the supplied files contain no constituent assay identifiers, raw phenotype columns, score transforms or aggregation rules, so no experimental context can be attributed to this row.","Original consensus build script or source manifest listing constituent assay IDs, their raw phenotype columns, score transforms/signs, aggregation weights and construct mapping."
PTEN::gate_consensus,PTEN,original_v3,1,system,unknown,original_provenance_missing,"Checked the supplied corpus, README_ndd_training_corpus_v3.txt, prepared/audit/assay_metadata.csv and the V4 build script for a constituent-assay manifest or aggregation rule.","Collapsed consensus target: the supplied files contain no constituent assay identifiers, raw phenotype columns, score transforms or aggregation rules, so no experimental context can be attributed to this row.","Original consensus build script or source manifest listing constituent assay IDs, their raw phenotype columns, score transforms/signs, aggregation weights and construct mapping."
PTEN::gate_consensus,PTEN,original_v3,1,treatment,unknown,original_provenance_missing,"Checked the supplied corpus, README_ndd_training_corpus_v3.txt, prepared/audit/assay_metadata.csv and the V4 build script for a constituent-assay manifest or aggregation rule.","Collapsed consensus target: the supplied files contain no constituent assay identifiers, raw phenotype columns, score transforms or aggregation rules, so no experimental context can be attributed to this row.","Original consensus build script or source manifest listing constituent assay IDs, their raw phenotype columns, score transforms/signs, aggregation weights and construct mapping."
PTEN::gate_consensus,PTEN,original_v3,1,region,unknown,original_provenance_missing,"Checked the supplied corpus, README_ndd_training_corpus_v3.txt, prepared/audit/assay_metadata.csv and the V4 build script for a constituent-assay manifest or aggregation rule.","Collapsed consensus target: the supplied files contain no constituent assay identifiers, raw phenotype columns, score transforms or aggregation rules, so no experimental context can be attributed to this row.","Original consensus build script or source manifest listing constituent assay IDs, their raw phenotype columns, score transforms/signs, aggregation weights and construct mapping."
SPOP::gate_consensus,SPOP,original_v3,1,treatment,unknown,original_provenance_missing,"Checked the supplied corpus, README_ndd_training_corpus_v3.txt, prepared/audit/assay_metadata.csv and the V4 build script for a constituent-assay manifest or aggregation rule.","Collapsed consensus target: the supplied files contain no constituent assay identifiers, raw phenotype columns, score transforms or aggregation rules, so no experimental context can be attributed to this row.","Original consensus build script or source manifest listing constituent assay IDs, their raw phenotype columns, score transforms/signs, aggregation weights and construct mapping."
TSC2::gate_consensus,TSC2,original_v3,1,host,unknown,original_provenance_missing,"Checked the supplied corpus, README_ndd_training_corpus_v3.txt, prepared/audit/assay_metadata.csv and the V4 build script for a constituent-assay manifest or aggregation rule.","Collapsed consensus target: the supplied files contain no constituent assay identifiers, raw phenotype columns, score transforms or aggregation rules, so no experimental context can be attributed to this row.","Original consensus build script or source manifest listing constituent assay IDs, their raw phenotype columns, score transforms/signs, aggregation weights and construct mapping."
TSC2::gate_consensus,TSC2,original_v3,1,selection,unknown,original_provenance_missing,"Checked the supplied corpus, README_ndd_training_corpus_v3.txt, prepared/audit/assay_metadata.csv and the V4 build script for a constituent-assay manifest or aggregation rule.","Collapsed consensus target: the supplied files contain no constituent assay identifiers, raw phenotype columns, score transforms or aggregation rules, so no experimental context can be attributed to this row.","Original consensus build script or source manifest listing constituent assay IDs, their raw phenotype columns, score transforms/signs, aggregation weights and construct mapping."
TSC2::gate_consensus,TSC2,original_v3,1,system,unknown,original_provenance_missing,"Checked the supplied corpus, README_ndd_training_corpus_v3.txt, prepared/audit/assay_metadata.csv and the V4 build script for a constituent-assay manifest or aggregation rule.","Collapsed consensus target: the supplied files contain no constituent assay identifiers, raw phenotype columns, score transforms or aggregation rules, so no experimental context can be attributed to this row.","Original consensus build script or source manifest listing constituent assay IDs, their raw phenotype columns, score transforms/signs, aggregation weights and construct mapping."
TSC2::gate_consensus,TSC2,original_v3,1,treatment,unknown,original_provenance_missing,"Checked the supplied corpus, README_ndd_training_corpus_v3.txt, prepared/audit/assay_metadata.csv and the V4 build script for a constituent-assay manifest or aggregation rule.","Collapsed consensus target: the supplied files contain no constituent assay identifiers, raw phenotype columns, score transforms or aggregation rules, so no experimental context can be attributed to this row.","Original consensus build script or source manifest listing constituent assay IDs, their raw phenotype columns, score transforms/signs, aggregation weights and construct mapping."
BCL2L11::B2L11_HUMAN_Dutta_2010_binding-Mcl-1,BCL2L11,ProteinGym_v1.3,0,treatment,unknown,not_reported_in_reviewed_sources,"Checked the ProteinGym v1.3 reference table (selection_assay, selection_type, raw_DMS_filename, raw phenotype column, region_mutated), cached Europe PMC full text, MaveDB score-set and experiment records found either by the URN ProteinGym names or by gene search matched on publication DOI, and the publisher or preprint full text.","No treatment arm for this assay was established in the reviewed sources. Left unknown rather than labelled untreated, because no explicitly untreated arm was documented either.",Primary Methods section or deposited protocol naming the scored arm and its perturbation.
CBS::CBS_HUMAN_Sun_2020,CBS,ProteinGym_v1.3,1,treatment,unknown,not_reported_in_reviewed_sources,"Checked the ProteinGym v1.3 reference table (selection_assay, selection_type, raw_DMS_filename, raw phenotype column, region_mutated), cached Europe PMC full text, MaveDB score-set and experiment records found either by the URN ProteinGym names or by gene search matched on publication DOI, and the publisher or preprint full text.","No treatment arm for this assay was established in the reviewed sources. Left unknown rather than labelled untreated, because no explicitly untreated arm was documented either.",Primary Methods section or deposited protocol naming the scored arm and its perturbation.
CCR5::CCR5_HUMAN_Gill_2023,CCR5,ProteinGym_v1.3,0,treatment,unknown,not_reported_in_reviewed_sources,"Checked the ProteinGym v1.3 reference table (selection_assay, selection_type, raw_DMS_filename, raw phenotype column, region_mutated), cached Europe PMC full text, MaveDB score-set and experiment records found either by the URN ProteinGym names or by gene search matched on publication DOI, and the publisher or preprint full text.","No treatment arm for this assay was established in the reviewed sources. Left unknown rather than labelled untreated, because no explicitly untreated arm was documented either.",Primary Methods section or deposited protocol naming the scored arm and its perturbation.
CD19::CD19_HUMAN_Klesmith_2019_FMC_singles,CD19,ProteinGym_v1.3,0,treatment,unknown,not_reported_in_reviewed_sources,"Checked the ProteinGym v1.3 reference table (selection_assay, selection_type, raw_DMS_filename, raw phenotype column, region_mutated), cached Europe PMC full text, MaveDB score-set and experiment records found either by the URN ProteinGym names or by gene search matched on publication DOI, and the publisher or preprint full text.","No treatment arm for this assay was established in the reviewed sources. Left unknown rather than labelled untreated, because no explicitly untreated arm was documented either.",Primary Methods section or deposited protocol naming the scored arm and its perturbation.
CYP2C9::CP2C9_HUMAN_Amorosi_2021_activity,CYP2C9,ProteinGym_v1.3,0,treatment,unknown,not_reported_in_reviewed_sources,"Checked the ProteinGym v1.3 reference table (selection_assay, selection_type, raw_DMS_filename, raw phenotype column, region_mutated), cached Europe PMC full text, MaveDB score-set and experiment records found either by the URN ProteinGym names or by gene search matched on publication DOI, and the publisher or preprint full text.","No treatment arm for this assay was established in the reviewed sources. Left unknown rather than labelled untreated, because no explicitly untreated arm was documented either.",Primary Methods section or deposited protocol naming the scored arm and its perturbation.
HMBS::HEM3_HUMAN_Loggerenberg_2023,HMBS,ProteinGym_v1.3,0,treatment,unknown,not_reported_in_reviewed_sources,"Checked the ProteinGym v1.3 reference table (selection_assay, selection_type, raw_DMS_filename, raw phenotype column, region_mutated), cached Europe PMC full text, MaveDB score-set and experiment records found either by the URN ProteinGym names or by gene search matched on publication DOI, and the publisher or preprint full text.","No treatment arm for this assay was established in the reviewed sources. Left unknown rather than labelled untreated, because no explicitly untreated arm was documented either.",Primary Methods section or deposited protocol naming the scored arm and its perturbation.
KCNE1::KCNE1_HUMAN_Muhammad_2023_function,KCNE1,ProteinGym_v1.3,0,treatment,unknown,not_reported_in_reviewed_sources,"Checked the ProteinGym v1.3 reference table (selection_assay, selection_type, raw_DMS_filename, raw phenotype column, region_mutated), cached Europe PMC full text, MaveDB score-set and experiment records found either by the URN ProteinGym names or by gene search matched on publication DOI, and the publisher or preprint full text.","No treatment arm for this assay was established in the reviewed sources. Left unknown rather than labelled untreated, because no explicitly untreated arm was documented either.",Primary Methods section or deposited protocol naming the scored arm and its perturbation.
RAF1::RAF1_HUMAN_Zinkus-Boltz_2019,RAF1,ProteinGym_v1.3,1,treatment,unknown,not_reported_in_reviewed_sources,"Checked the ProteinGym v1.3 reference table (selection_assay, selection_type, raw_DMS_filename, raw phenotype column, region_mutated), cached Europe PMC full text, MaveDB score-set and experiment records found either by the URN ProteinGym names or by gene search matched on publication DOI, and the publisher or preprint full text.","No treatment arm for this assay was established in the reviewed sources. Left unknown rather than labelled untreated, because no explicitly untreated arm was documented either.",Primary Methods section or deposited protocol naming the scored arm and its perturbation.
