gene,assay_key,task,n,spearman,pearson,rmse,mae,gaussian_nll,coverage_90_gaussian,bias,target_mean,prediction_mean,target_std,prediction_std,mean_sigma,task_seen_in_training,calibrated_interval_rows,coverage_calibrated,mean_calibrated_width,model,seed
PTEN,PTEN::PTEN_HUMAN_Matreyek_2021,abundance,5083,0.5275987211688525,0.5539305806159973,2.897938966751098,2.796868085861206,7.367716792172899,0.0336415502655911,-2.796868085861206,2.6968510150909424,-0.10001702606678,0.8566534519195557,0.2158765345811844,0.8108752369880676,True,0,,,esm_mlp,seed_123
PTEN,PTEN::PTEN_HUMAN_Mighell_2018,activity,7260,0.4768650300682861,0.5507141351699829,3.536046266555786,2.7598464488983154,23.746755834094447,0.1235537190082644,2.730116844177246,-2.592416286468506,0.1377004981040954,2.4206888675689697,0.3494767248630523,0.4869639575481415,True,7260,0.4074380165289256,3.543090451135134,esm_mlp,seed_123
PTEN,PTEN::gate_consensus,consensus,7504,0.5499006605858976,0.5698610544204712,0.2154555469751358,0.1808153539896011,-0.0802558001608678,0.9789445628997868,-0.0106898043304681,0.5011299252510071,0.4904400706291199,0.254126101732254,0.0928686708211898,0.2668216228485107,True,7504,0.9473614072494668,0.7809822994784831,esm_mlp,seed_123
PTEN,PTEN::PTEN_HUMAN_Matreyek_2021,abundance,5083,0.4766855678074974,0.5066225528717041,2.9966728687286377,2.8961143493652344,5.215387370830338,0.0574463899272083,-2.8961143493652344,2.6968510150909424,-0.1992634236812591,0.8566534519195557,0.2170432060956955,1.028158187866211,True,0,,,esm_mlp,seed_2026
PTEN,PTEN::PTEN_HUMAN_Mighell_2018,activity,7260,0.5056746531203121,0.5816792249679565,3.803574800491333,3.104114294052124,70.84327727583555,0.0261707988980716,3.087050437927246,-2.592416286468506,0.4946342408657074,2.4206888675689697,0.3783980309963226,0.304237812757492,True,7260,0.1925619834710744,2.85702383764512,esm_mlp,seed_2026
PTEN,PTEN::gate_consensus,consensus,7504,0.5786133662678657,0.5999810099601746,0.2075351774692535,0.1663430035114288,-0.155519127549616,0.9225746268656716,-0.0404114313423633,0.5011299252510071,0.4607184827327728,0.254126101732254,0.1627197563648224,0.2210058122873306,True,7504,0.906449893390192,0.6939462320629941,esm_mlp,seed_2026
PTEN,PTEN::PTEN_HUMAN_Matreyek_2021,abundance,5083,0.4755041838700737,0.53792405128479,2.904928684234619,2.8051273822784424,5.762914609726984,0.0554790478064135,-2.8051273822784424,2.6968510150909424,-0.1082763671875,0.8566534519195557,0.2408902645111084,0.9347564578056335,True,0,,,esm_mlp,seed_42
PTEN,PTEN::PTEN_HUMAN_Mighell_2018,activity,7260,0.5031670531350128,0.6218177676200867,3.680487632751465,3.044153451919556,39.31492651574773,0.0506887052341597,3.026521682739258,-2.592416286468506,0.4341053962707519,2.4206888675689697,0.6152089834213257,0.4177184104919433,True,7260,0.3191460055096419,4.215610232906195,esm_mlp,seed_42
PTEN,PTEN::gate_consensus,consensus,7504,0.5690832484864765,0.6034054756164551,0.2045787572860717,0.1690055578947067,-0.1616229864573369,0.9482942430703624,-0.0176978204399347,0.5011299252510071,0.4834320545196533,0.254126101732254,0.1316002160310745,0.2300978600978851,True,7504,0.9017857142857144,0.660275305050083,esm_mlp,seed_42
PTEN,PTEN::PTEN_HUMAN_Matreyek_2021,abundance,5083,0.1858563059267702,0.1849753856658935,2.7257649898529053,2.5920169353485107,5.706457115722364,0.1339759984261263,-2.591957092285156,2.6968510150909424,0.1048939302563667,0.8566534519195557,0.1054771691560745,0.8876254558563232,True,0,,,fixed_heads,seed_123
PTEN,PTEN::PTEN_HUMAN_Mighell_2018,activity,7260,0.4964817801155402,0.5274747014045715,3.482127904891968,2.69827651977539,21.46792756202902,0.1319559228650137,2.6635677814483643,-2.592416286468506,0.0711516439914703,2.4206888675689697,0.3817324042320251,0.4910243153572082,True,7260,0.3234159779614325,3.1141242115945458,fixed_heads,seed_123
PTEN,PTEN::gate_consensus,consensus,7504,0.5447673173874821,0.5654734969139099,0.2193827629089355,0.1819148659706115,-0.0195373309622573,0.9830756929637526,0.0618123523890972,0.5011299252510071,0.5629422068595886,0.254126101732254,0.1242570951581001,0.3014028668403625,True,7504,0.9406982942430704,0.7874326071653757,fixed_heads,seed_123
PTEN,PTEN::PTEN_HUMAN_Matreyek_2021,abundance,5083,0.458857791040771,0.4610131382942199,3.0461249351501465,2.948745012283325,7.448002836177369,0.0293133975998426,-2.948653221130371,2.6968510150909424,-0.2518024146556854,0.8566534519195557,0.314714640378952,0.842574417591095,True,0,,,fixed_heads,seed_2026
PTEN,PTEN::PTEN_HUMAN_Mighell_2018,activity,7260,0.5025416185483188,0.6072757840156555,3.318350076675415,2.4682576656341557,20.94706992222326,0.2064738292011019,2.420359373092652,-2.592416286468506,-0.1720569282770156,2.4206888675689697,0.2639786303043365,0.4682028889656067,True,7260,0.4012396694214876,2.656251561816326,fixed_heads,seed_2026
PTEN,PTEN::gate_consensus,consensus,7504,0.4030492949185255,0.3510611057281494,0.2486375123262405,0.2028323858976364,-0.0212654473569114,0.9488272921108742,-0.002557382453233,0.5011299252510071,0.4985724985599518,0.254126101732254,0.1612769514322281,0.2612362504005432,True,7504,0.964952025586354,0.9140816840510816,fixed_heads,seed_2026
PTEN,PTEN::PTEN_HUMAN_Matreyek_2021,abundance,5083,0.4915353259850924,0.5453022122383118,2.558889150619507,2.4370930194854736,12.250749073686768,0.0320676765689553,-2.4368247985839844,2.6968510150909424,0.2600260376930237,0.8566534519195557,0.1602816432714462,0.5439478158950806,True,0,,,fixed_heads,seed_42
PTEN,PTEN::PTEN_HUMAN_Mighell_2018,activity,7260,0.5103387967484568,0.6185762882232666,3.696426153182984,2.887676954269409,23.825764692061888,0.1103305785123967,2.863757848739624,-2.592416286468506,0.271341860294342,2.4206888675689697,0.1391212493181228,0.5077295303344727,True,7260,0.2407713498622589,2.4630701458750943,fixed_heads,seed_42
PTEN,PTEN::gate_consensus,consensus,7504,0.5505562798859024,0.5410273671150208,0.2360096424818039,0.1888755410909652,-0.0053548000468252,0.9329690831556504,-0.1000564768910408,0.5011299252510071,0.4010733962059021,0.254126101732254,0.1410171836614608,0.2702029347419739,True,7504,0.9525586353944564,0.9650567851338374,fixed_heads,seed_42
PTEN,PTEN::PTEN_HUMAN_Matreyek_2021,abundance,5083,0.4929056737610235,0.5126786828041077,2.89365553855896,2.7898848056793213,7.780970197504562,0.0393468424158961,-2.7898848056793213,2.6968510150909424,-0.0930337980389595,0.8566534519195557,0.2182433605194091,0.8027406930923462,True,0,,,mipo,seed_123
PTEN,PTEN::PTEN_HUMAN_Mighell_2018,activity,7260,0.5102089514927023,0.6177873611450195,3.742997884750366,3.042552947998047,55.23577710746433,0.0388429752066115,3.0251903533935547,-2.592416286468506,0.4327743947505951,2.4206888675689697,0.3841864466667175,0.3505032360553741,True,7260,0.2947658402203856,3.598634746537582,mipo,seed_123
PTEN,PTEN::gate_consensus,consensus,7504,0.5644371519966811,0.5757710933685303,0.2087495923042297,0.172110915184021,-0.1483794199657535,0.9068496801705755,0.0188566260039806,0.5011299252510071,0.5199864506721497,0.254126101732254,0.1533775776624679,0.2027052342891693,True,7504,0.9276385927505332,0.7143689463738051,mipo,seed_123
PTEN,PTEN::PTEN_HUMAN_Matreyek_2021,abundance,5083,0.4678102053657788,0.475600004196167,2.9424078464508057,2.8371448516845703,4.891653637115873,0.1156797167027346,-2.8371293544769287,2.6968510150909424,-0.1402785331010818,0.8566534519195557,0.2059298157691955,1.065743088722229,True,0,,,mipo,seed_2026
PTEN,PTEN::PTEN_HUMAN_Mighell_2018,activity,7260,0.5060071554604949,0.6084904074668884,3.846660852432251,3.17113733291626,72.42077090530671,0.0221763085399449,3.1569607257843018,-2.592416286468506,0.5645447373390198,2.4206888675689697,0.4051213562488556,0.3111214339733124,True,7260,0.0907713498622589,2.1576550990130783,mipo,seed_2026
PTEN,PTEN::gate_consensus,consensus,7504,0.558409400798859,0.5765715837478638,0.2096756100654602,0.1706295758485794,-0.1439638043113678,0.9008528784648188,-0.0266290064901113,0.5011299252510071,0.4745008647441864,0.254126101732254,0.1584943234920501,0.2080392241477966,True,7504,0.9027185501066098,0.6875289196369868,mipo,seed_2026
PTEN,PTEN::PTEN_HUMAN_Matreyek_2021,abundance,5083,0.3706198919422312,0.4186709523200989,2.872171640396118,2.749168157577514,8.687229960969347,0.0497737556561085,-2.749168157577514,2.6968510150909424,-0.0523171871900558,0.8566534519195557,0.0650162696838378,0.7358108162879944,True,0,,,mipo,seed_42
PTEN,PTEN::PTEN_HUMAN_Mighell_2018,activity,7260,0.5006174514708563,0.5827180743217468,3.6791272163391113,2.966031789779663,26.68576807799076,0.0734159779614325,2.94429612159729,-2.592416286468506,0.3518799245357513,2.4206888675689697,0.4120321273803711,0.4869849383831024,True,7260,0.2878787878787879,3.5389904663501763,mipo,seed_42
PTEN,PTEN::gate_consensus,consensus,7504,0.5623629373654202,0.5793908834457397,0.2126334607601165,0.1744379997253418,-0.124009996840981,0.9464285714285714,-0.0424058735370636,0.5011299252510071,0.4587239623069763,0.254126101732254,0.1245715096592903,0.2402286231517791,True,7504,0.94909381663113,0.8025624593088868,mipo,seed_42
PTEN,PTEN::PTEN_HUMAN_Matreyek_2021,abundance,5083,0.5310322265935277,0.5653200745582581,2.918987989425659,2.818377494812012,7.575843876812341,0.0269525870548888,-2.818377494812012,2.6968510150909424,-0.1215263903141021,0.8566534519195557,0.2051513046026229,0.794195294380188,True,0,,,no_structure,seed_123
PTEN,PTEN::PTEN_HUMAN_Mighell_2018,activity,7260,0.4802529386111053,0.5722262859344482,3.5922088623046875,2.844433307647705,36.71352843926124,0.084297520661157,2.820044040679932,-2.592416286468506,0.2276278138160705,2.4206888675689697,0.3800398111343384,0.4139341711997986,True,7260,0.2612947658402204,2.727679039780166,no_structure,seed_123
PTEN,PTEN::gate_consensus,consensus,7504,0.5610567963119112,0.568895161151886,0.2191617637872696,0.1830004453659057,-0.0654947242551907,0.9702825159914712,-0.0423240736126899,0.5011299252510071,0.4588057994842529,0.254126101732254,0.093962013721466,0.2669405341148376,True,7504,0.9264392324093816,0.7556335888027678,no_structure,seed_123
PTEN,PTEN::PTEN_HUMAN_Matreyek_2021,abundance,5083,0.4817993175549234,0.4785529375076294,2.907228708267212,2.802204370498657,4.713015311814202,0.1217784772771985,-2.8021790981292725,2.6968510150909424,-0.1053281724452972,0.8566534519195557,0.2256237715482711,1.0759413242340088,True,0,,,no_structure,seed_2026
PTEN,PTEN::PTEN_HUMAN_Mighell_2018,activity,7260,0.511031734024508,0.6137173771858215,3.842462062835693,3.16745662689209,94.61033428665024,0.0172176308539944,3.1536598205566406,-2.592416286468506,0.5612435936927795,2.4206888675689697,0.4056774973869324,0.2707073092460632,True,7260,0.0925619834710743,2.224211891666469,no_structure,seed_2026
PTEN,PTEN::gate_consensus,consensus,7504,0.5547911634342666,0.5816579461097717,0.2089854478836059,0.169569581747055,-0.1486549267487046,0.898320895522388,-0.0296688806265592,0.5011299252510071,0.4714609980583191,0.254126101732254,0.1557963490486145,0.2060817629098892,True,7504,0.9508262260127932,0.7984844568914358,no_structure,seed_2026
PTEN,PTEN::PTEN_HUMAN_Matreyek_2021,abundance,5083,0.541851187457258,0.5381013751029968,2.799734592437744,2.69416618347168,9.35629956883552,0.0434782608695652,-2.6941654682159424,2.6968510150909424,0.0026852181181311,0.8566534519195557,0.2188492119312286,0.7126905918121338,True,0,,,no_structure,seed_42
PTEN,PTEN::PTEN_HUMAN_Mighell_2018,activity,7260,0.5000829190111044,0.5899587869644165,3.720525026321411,3.0792102813720703,60.82494560205726,0.040633608815427,3.060576915740967,-2.592416286468506,0.468161016702652,2.4206888675689697,0.6188308000564575,0.369156539440155,True,7260,0.1064738292011019,2.4124362949900977,no_structure,seed_42
PTEN,PTEN::gate_consensus,consensus,7504,0.5844603098211971,0.6190251708030701,0.2038821578025818,0.1700111478567123,-0.1518542097346556,0.9640191897654584,-0.0064577837474644,0.5011299252510071,0.4946721196174621,0.254126101732254,0.1161676123738288,0.2396088987588882,True,7504,0.9393656716417912,0.719637801448931,no_structure,seed_42
