teacher,benchmark,span,identity,test_sites_inside
S8754_1IHB,FP_1A5E,108,0.4907,2
S8754_1B10,FP_1AG2,142,0.9437,10
S8754_2LSB,FP_1AG2,142,0.9014,10
S8754_1QM0,FP_1AG2,139,0.9065,10
S8754_2N53,FP_1AG2,127,0.9291,10
S8754_1YEA,FP_1AKK_1I5T,88,0.6364,6
S8754_3ZCF,FP_1AKK_1I5T,104,0.8846,6
S8754_P67881,FP_1AKK_1I5T,103,0.9126,6
S8754_1YCC,FP_1AKK_1I5T,88,0.6818,6
S8754_P16304,FP_1ANK,185,0.5676,4
S8754_1AKY,FP_1ANK,199,0.5528,4
S8754_1BTL,FP_1AXB_1BTL_1XPB_1ZG4,263,0.9924,5
S8754_1BLC,FP_1AXB_1BTL_1XPB_1ZG4,148,0.4662,4
S8754_1ZG4,FP_1AXB_1BTL_1XPB_1ZG4,286,0.993,5
S8754_3FVJ,FP_1BP2_1G4I,123,0.8455,3
S8754_R9S082,FP_1BVC,154,0.8442,54
S8754_12CA,FP_1CAH,260,0.9962,10
S8754_1CHK,FP_1CHK,238,0.9958,3
S8754_1YEA,FP_1CYC,88,0.6477,1
S8754_3ZCF,FP_1CYC,102,0.8137,1
S8754_P67881,FP_1CYC,104,0.8462,1
S8754_1YCC,FP_1CYC,95,0.6842,1
S8754_1IET,FP_1CYO,96,0.9062,4
S8754_1B5M,FP_1CYO,81,0.642,4
S8754_1HFY,FP_1EL1,87,0.5632,2
S8754_1HMK,FP_1EL1,87,0.5632,2
S8754_1HFZ,FP_1EL1,85,0.5765,3
S8754_3F6R,FP_1FTG_1FLV_1QHE,84,0.4881,25
S8754_1H7M,FP_1H7M,100,1.0,26
S8754_3PGK,FP_1H7M,55,0.5818,14
S8754_P06654,FP_1HZ6,96,0.6354,0
S8754_2H61,FP_1IGV,50,0.46,8
S8754_1UWO,FP_1IGV,50,0.46,8
S8754_1AYI,FP_1IMQ,84,0.6548,9
S8754_1KFW,FP_1KFW,435,0.9839,4
S8754_1AEP,FP_1LS4_1AEP,157,0.9554,4
S8754_1LS4,FP_1LS4_1AEP,176,0.9602,4
S8754_1HFY,FP_1LZ1_1REX_2BQA_1LHM,82,0.4878,38
S8754_1HMK,FP_1LZ1_1REX_2BQA_1LHM,82,0.4878,38
S8754_1HFZ,FP_1LZ1_1REX_2BQA_1LHM,72,0.5,37
S8754_1LNI,FP_1MGR,86,0.7442,8
S8754_2K3K,FP_1OIA,97,0.8144,4
S8754_1Y4Y,FP_1POH,65,0.4462,3
S8754_1CM2,FP_1POH,85,0.9882,3
S8754_1QJP,FP_1QJP,171,0.9883,11
S8754_9RNT,FP_1RN1,104,0.9904,29
S8754_5DFR,FP_1RX4_1DDR_1DDR_1DYJ_5DFR,159,0.9937,36
S8754_3BDC,FP_1STN_1EY0,143,0.965,129
S8754_1JOK,FP_1STN_1EY0,149,0.9933,135
S8754_1LNI,FP_1TEN,52,0.6154,0
S8754_1FNF,FP_1TEN,115,0.4609,0
S8754_2CK2,FP_1TEN,72,0.5556,5
S8754_1THQ,FP_1THQ,161,1.0,19
S8754_1FNF,FP_1TTG_1FNA_1FNF,368,1.0,15
S8754_2CK2,FP_1TTG_1FNA_1FNF,96,0.8438,15
S8754_1TTQ,FP_1WQ5,267,0.8539,20
S8754_1XAS,FP_1XAS_1E0W,299,0.9933,4
S8754_1K5U,FP_2AFG_1RG8,140,0.9929,16
S8754_1RG8,FP_2AFG_1RG8,140,1.0,16
S8754_1JY0,FP_2AFG_1RG8,140,0.9929,16
S8754_P16304,FP_2AKY_1AKY,176,0.5114,5
S8754_1AKY,FP_2AKY_1AKY,219,1.0,6
S8754_1CHK,FP_2DRI,56,0.6429,0
S8754_P02689,FP_2HMB_1HMS,127,0.6457,14
S8754_2CBR,FP_2HMB_1HMS,120,0.4833,14
S8754_2HPR,FP_2HPR_2HID,87,0.977,2
S8754_1Y4Y,FP_2HPR_2HID,88,0.7045,2
S8754_1KKM,FP_2HPR_2HID,88,0.9886,2
S8754_2LZM,FP_2LZM_1L63,164,0.9878,114
S8754_1L63,FP_2LZM_1L63,164,0.9756,114
S8754_2Q98,FP_2Q98,190,0.9895,9
S8754_1RIL,FP_2RN2,136,0.5882,30
S8754_P08058,FP_2TRX,86,0.5581,9
S8754_5NP8,FP_3PGK,402,0.7015,7
S8754_1H7M,FP_3PGK,55,0.5818,0
S8754_P00558,FP_3PGK,402,0.7015,7
S8754_2WZB,FP_3PGK,401,0.7007,7
S8754_3PGK,FP_3PGK,414,0.9855,7
S8754_1BTL,FP_4BLM,172,0.5407,1
S8754_1BLC,FP_4BLM,224,0.5179,1
S8754_1ZG4,FP_4BLM,172,0.5407,1
S8754_1HFY,FP_4LYZ,89,0.5056,23
S8754_1HMK,FP_4LYZ,89,0.5056,23
S8754_1HFZ,FP_4LYZ,102,0.5,26
