accession,hgvs_nt,hgvs_splice,hgvs_pro,score,Unnamed: 0,Morphological_change_hit
urn:mavedb:00001237-a-2#1,LMNA:n.127G>A,NA,NA,0.9366122182698652,0,False
urn:mavedb:00001237-a-2#2,CCM2:n.781T>G,NA,NA,0.9357999525281612,1,False
urn:mavedb:00001237-a-2#3,CCM2:n.1091A>G,NA,NA,0.8233618344818796,2,False
urn:mavedb:00001237-a-2#4,ZC4H2:n.19A>G,NA,NA,0.7472634267187199,3,False
urn:mavedb:00001237-a-2#5,BRCA1:n.346G>A,NA,NA,0.4915951765292159,4,False
urn:mavedb:00001237-a-2#6,SDHD:n.275A>G,NA,NA,0.8205370528449965,5,False
urn:mavedb:00001237-a-2#7,FH:n.952C>T,NA,NA,0.7239663727152732,6,False
urn:mavedb:00001237-a-2#8,CCM2:n.491C>T,NA,NA,0.8781975141625452,7,False
urn:mavedb:00001237-a-2#9,BRCA1:n.1784G>A,NA,NA,0.913199223964837,8,False
urn:mavedb:00001237-a-2#10,CCM2:n.800C>A,NA,NA,0.792174051428525,9,False
urn:mavedb:00001237-a-2#11,RET:n.785T>C,NA,NA,0.7086812751029969,10,False
urn:mavedb:00001237-a-2#12,CCM2:n.892C>A,NA,NA,0.870905965654645,11,False
urn:mavedb:00001237-a-2#13,SDHD:n.101T>G,NA,NA,0.8735094714700957,12,False
urn:mavedb:00001237-a-2#14,CTCF:n.1927C>T,NA,NA,0.6064710200374568,13,False
urn:mavedb:00001237-a-2#15,CCM2:n.1324G>A,NA,NA,0.82295871106402,14,False
urn:mavedb:00001237-a-2#16,CCM2:n.271T>A,NA,NA,0.7850224700826403,15,False
urn:mavedb:00001237-a-2#17,CCM2:n.695C>T,NA,NA,0.815892670528015,16,False
urn:mavedb:00001237-a-2#18,BRIP1:n.765G>T,NA,NA,0.7836722507491773,17,False
urn:mavedb:00001237-a-2#19,CCM2:n.1291G>A,NA,NA,0.7917483351023428,18,False
urn:mavedb:00001237-a-2#20,CCM2:n.445G>A,NA,NA,0.7534606176297012,19,False
urn:mavedb:00001237-a-2#21,FARS2:n.251A>C,NA,NA,0.649650426254343,20,False
urn:mavedb:00001237-a-2#22,RAD51D:n.922A>G,NA,NA,0.917277646345848,21,False
urn:mavedb:00001237-a-2#23,RAF1:n.66T>G,NA,NA,0.6593495806741063,22,False
urn:mavedb:00001237-a-2#24,BRCA1:n.427G>A,NA,NA,0.9239672548193364,23,False
urn:mavedb:00001237-a-2#25,BRAF:n.1411G>T,NA,NA,0.9728050624774222,24,True
urn:mavedb:00001237-a-2#26,BRAF:n.770A>G,NA,NA,0.7080085259563942,25,False
urn:mavedb:00001237-a-2#27,F9:n.224G>A,NA,NA,0.6933899806458561,26,False
urn:mavedb:00001237-a-2#28,CCM2:n.154C>T,NA,NA,0.828276785765259,27,False
urn:mavedb:00001237-a-2#29,CCM2:n.877G>A,NA,NA,0.8579000598844051,28,False
urn:mavedb:00001237-a-2#30,RAF1:n.433A>C,NA,NA,0.7368016110544434,29,False
urn:mavedb:00001237-a-2#31,CCM2:n.1272G>A,NA,NA,0.7457368234752986,30,False
urn:mavedb:00001237-a-2#32,CCM2:n.353A>T,NA,NA,0.78648024793969,31,False
urn:mavedb:00001237-a-2#33,CTCF:n.1220A>G,NA,NA,0.6451276137990857,32,False
urn:mavedb:00001237-a-2#34,FARS2:n.973G>T,NA,NA,0.7165507605210353,33,False
urn:mavedb:00001237-a-2#35,CCM2:n.304C>T,NA,NA,0.8364557169086921,34,False
urn:mavedb:00001237-a-2#36,RPS19:n.43G>T,NA,NA,0.7068570053752166,35,False
urn:mavedb:00001237-a-2#37,RHO:n.569A>G,NA,NA,0.7734918521405171,36,False
urn:mavedb:00001237-a-2#38,BRCA1:n.1223G>T,NA,NA,0.8329131727213926,37,False
urn:mavedb:00001237-a-2#39,CCM2:n.221C>T,NA,NA,0.8728178761703766,38,False
urn:mavedb:00001237-a-2#40,CCM2:n.640G>T,NA,NA,0.8022383141269454,39,False
urn:mavedb:00001237-a-2#41,BRCA1:n.557C>A,NA,NA,0.9893417780662792,40,True
urn:mavedb:00001237-a-2#42,CCM2:n.317C>T,NA,NA,0.8959007316274957,41,False
urn:mavedb:00001237-a-2#43,CCM2:n.431A>G,NA,NA,0.8093737520756389,42,False
urn:mavedb:00001237-a-2#44,F9:n.1004G>A,NA,NA,0.6984734282738592,43,False
urn:mavedb:00001237-a-2#45,F9:n.677G>A,NA,NA,0.7489771812224947,44,False
urn:mavedb:00001237-a-2#46,RAD51D:n.163C>T,NA,NA,0.5585899967966248,45,False
urn:mavedb:00001237-a-2#47,BRCA1:n.1891G>A,NA,NA,0.9209795429049878,46,False
urn:mavedb:00001237-a-2#48,CCM2:n.606C>G,NA,NA,0.7356449930226895,47,False
urn:mavedb:00001237-a-2#49,FARS2:n.496G>A,NA,NA,0.5510739881368545,48,False
urn:mavedb:00001237-a-2#50,CCM2:n.134T>G,NA,NA,0.8078978909452929,49,False
urn:mavedb:00001237-a-2#51,BRCA1:n.212G>A,NA,NA,0.9563793607358764,50,True
urn:mavedb:00001237-a-2#52,CCM2:n.160G>A,NA,NA,0.8700698406784833,51,False
urn:mavedb:00001237-a-2#53,F9:n.881G>A,NA,NA,0.7251134465238191,52,False
urn:mavedb:00001237-a-2#54,CCM2:n.1222A>C,NA,NA,0.926929900882861,53,False
urn:mavedb:00001237-a-2#55,SDHD:n.320T>C,NA,NA,0.8330620834085387,54,False
urn:mavedb:00001237-a-2#56,FARS2:n.925G>A,NA,NA,0.7278413145345068,55,False
urn:mavedb:00001237-a-2#57,BRAF:n.1501G>A,NA,NA,0.5704559258490947,56,False
urn:mavedb:00001237-a-2#58,F9:n.658T>A,NA,NA,0.6604163357563947,57,False
urn:mavedb:00001237-a-2#59,RAD51D:n.68A>G,NA,NA,0.8412231137986681,58,False
urn:mavedb:00001237-a-2#60,BRCA1:n.1760C>G,NA,NA,0.9183229591400186,59,False
urn:mavedb:00001237-a-2#61,CCM2:n.647T>C,NA,NA,0.7916083877619581,60,False
urn:mavedb:00001237-a-2#62,FH:n.922G>A,NA,NA,0.7070511910528476,61,False
urn:mavedb:00001237-a-2#63,CCM2:n.388A>G,NA,NA,0.792096661070526,62,False
urn:mavedb:00001237-a-2#64,CCM2:n.632G>C,NA,NA,0.8277972029539538,63,False
urn:mavedb:00001237-a-2#65,CCM2:n.326A>G,NA,NA,0.8789227700720885,64,False
urn:mavedb:00001237-a-2#66,G6PD:n.1192G>A,NA,NA,0.6432803131104896,65,False
urn:mavedb:00001237-a-2#67,CCM2:n.13G>A,NA,NA,0.8963259048698349,66,False
urn:mavedb:00001237-a-2#68,F9:n.328G>A,NA,NA,0.7585779227588121,67,False
urn:mavedb:00001237-a-2#69,CCM2:n.497G>T,NA,NA,0.8158298426055465,68,False
urn:mavedb:00001237-a-2#70,FH:n.1127A>C,NA,NA,0.6015937263146055,69,False
urn:mavedb:00001237-a-2#71,RET:n.191C>T,NA,NA,0.8196083026347166,70,False
urn:mavedb:00001237-a-2#72,RET:n.200G>A,NA,NA,0.7852430560821569,71,False
urn:mavedb:00001237-a-2#73,F9:n.1228G>C,NA,NA,0.644299034803606,72,False
urn:mavedb:00001237-a-2#74,ZC4H2:n.650A>G,NA,NA,0.4726723524800373,73,False
urn:mavedb:00001237-a-2#75,F9:n.218A>T,NA,NA,0.7712615764520082,74,False
urn:mavedb:00001237-a-2#76,CCM2:n.739C>G,NA,NA,0.8441948398354112,75,False
urn:mavedb:00001237-a-2#77,BRCA1:n.211A>G,NA,NA,0.9579992718750772,76,False
urn:mavedb:00001237-a-2#78,CCM2:n.679G>A,NA,NA,0.8128201895825933,77,False
urn:mavedb:00001237-a-2#79,F9:n.329A>G,NA,NA,0.8711103685431434,78,False
urn:mavedb:00001237-a-2#80,CCM2:n.742A>G,NA,NA,0.7819860969061994,79,False
urn:mavedb:00001237-a-2#81,CTCF:n.1024C>T,NA,NA,0.6879591174469972,80,False
urn:mavedb:00001237-a-2#82,ZC4H2:n.187G>C,NA,NA,0.6073159287343419,81,False
urn:mavedb:00001237-a-2#83,FH:n.908T>C,NA,NA,0.7615194288811639,82,False
urn:mavedb:00001237-a-2#84,CCM2:n.613G>T,NA,NA,0.818284652387407,83,False
urn:mavedb:00001237-a-2#85,BRCA1:n.1742C>T,NA,NA,0.955578016096277,84,True
urn:mavedb:00001237-a-2#86,F9:n.998C>T,NA,NA,NA,85,False
urn:mavedb:00001237-a-2#87,RAD51D:n.412A>C,NA,NA,0.8486980791422416,86,False
urn:mavedb:00001237-a-2#88,BRCA1:n.1172G>T,NA,NA,0.930283052825779,87,False
urn:mavedb:00001237-a-2#89,CCM2:n.1231G>A,NA,NA,0.788805890460033,88,False
urn:mavedb:00001237-a-2#90,BRAF:n.1502A>T,NA,NA,0.5464821729170268,89,False
urn:mavedb:00001237-a-2#91,F9:n.580A>G,NA,NA,0.7064811173946476,90,False
urn:mavedb:00001237-a-2#92,BRCA1:n.1528C>T,NA,NA,0.9741272427430834,91,True
urn:mavedb:00001237-a-2#93,SDHD:n.205G>A,NA,NA,0.8803156269035975,92,False
urn:mavedb:00001237-a-2#94,CCM2:n.509G>A,NA,NA,0.7338887555572098,93,False
urn:mavedb:00001237-a-2#95,CCM2:n.568G>A,NA,NA,0.8769450342344058,94,False
urn:mavedb:00001237-a-2#96,LMNA:n.1046G>T,NA,NA,0.5663751697083431,95,False
urn:mavedb:00001237-a-2#97,FH:n.478A>G,NA,NA,NA,96,NA
urn:mavedb:00001237-a-2#98,RPS19:n.302G>A,NA,NA,0.5744587750583561,97,False
urn:mavedb:00001237-a-2#99,CCM2:n.1037G>A,NA,NA,0.8177062920066627,98,False
urn:mavedb:00001237-a-2#100,ZC4H2:n.631C>T,NA,NA,0.7850744938943852,99,False
urn:mavedb:00001237-a-2#101,SDHD:n.202A>G,NA,NA,0.7969020749731797,100,False
urn:mavedb:00001237-a-2#102,BAP1:n.277A>G,NA,NA,0.5781643522291046,101,False
urn:mavedb:00001237-a-2#103,FLCN:n.715C>T,NA,NA,0.6235967424124575,102,False
urn:mavedb:00001237-a-2#104,CCM2:n.614C>A,NA,NA,0.8858548762296696,103,False
urn:mavedb:00001237-a-2#105,BRIP1:n.1760A>G,NA,NA,0.7126974911053819,104,False
urn:mavedb:00001237-a-2#106,CCM2:n.841C>T,NA,NA,0.7929491804275626,105,False
urn:mavedb:00001237-a-2#107,SDHD:n.317G>T,NA,NA,0.7666654492013867,106,False
urn:mavedb:00001237-a-2#108,RPS19:n.380G>A,NA,NA,0.7590104721728489,107,False
urn:mavedb:00001237-a-2#109,F9:n.697G>A,NA,NA,0.7781896675287779,108,False
urn:mavedb:00001237-a-2#110,ZC4H2:n.197T>A,NA,NA,0.9032734358186608,109,False
urn:mavedb:00001237-a-2#111,ZC4H2:n.484G>A,NA,NA,0.7414081219549853,110,False
urn:mavedb:00001237-a-2#112,RAD51D:n.691G>T,NA,NA,0.7471406333569957,111,False
urn:mavedb:00001237-a-2#113,G6PD:n.143T>C,NA,NA,0.7300614863660573,112,False
urn:mavedb:00001237-a-2#114,ZC4H2:n.601C>T,NA,NA,0.7065827338645438,113,False
urn:mavedb:00001237-a-2#115,F9:n.509G>A,NA,NA,0.7910479072545488,114,False
urn:mavedb:00001237-a-2#116,BCL10:n.24C>G,NA,NA,0.6672872102424621,115,False
urn:mavedb:00001237-a-2#117,CCM2:n.307G>C,NA,NA,0.8260957423783369,116,False
urn:mavedb:00001237-a-2#118,BRCA1:n.305C>G,NA,NA,0.7985497170044982,117,False
urn:mavedb:00001237-a-2#119,BRCA1:n.1833C>G,NA,NA,0.9681934372563924,118,True
urn:mavedb:00001237-a-2#120,F9:n.1151G>T,NA,NA,0.6010777900851506,119,False
urn:mavedb:00001237-a-2#121,RAD51D:n.919G>A,NA,NA,0.9622888691074284,120,False
urn:mavedb:00001237-a-2#122,CCM2:n.734C>G,NA,NA,0.8464894397076443,121,False
urn:mavedb:00001237-a-2#123,CCM2:n.1253G>A,NA,NA,0.8973876329855458,122,False
urn:mavedb:00001237-a-2#124,CCM2:n.938A>G,NA,NA,0.8215348595846306,123,False
urn:mavedb:00001237-a-2#125,CCM2:n.68A>G,NA,NA,0.8024797706415674,124,False
urn:mavedb:00001237-a-2#126,BRAF:n.1455G>C,NA,NA,0.5544082852957748,125,False
urn:mavedb:00001237-a-2#127,FH:n.1520T>C,NA,NA,NA,126,False
urn:mavedb:00001237-a-2#128,F9:n.1357T>C,NA,NA,0.7504893230270497,127,False
urn:mavedb:00001237-a-2#129,CCM2:n.1180A>T,NA,NA,0.8459631705125388,128,False
urn:mavedb:00001237-a-2#130,F9:n.401G>C,NA,NA,0.7929192361308345,129,False
urn:mavedb:00001237-a-2#131,RAF1:n.212A>G,NA,NA,0.6339954618326464,130,False
urn:mavedb:00001237-a-2#132,BRCA1:n.1773T>A,NA,NA,0.9270470895032172,131,False
urn:mavedb:00001237-a-2#133,SDHD:n.91A>G,NA,NA,0.8072850058865859,132,False
urn:mavedb:00001237-a-2#134,SHOC2:n.1207A>G,NA,NA,0.8609914160898402,133,False
urn:mavedb:00001237-a-2#135,BAP1:n.146T>C,NA,NA,0.6320914535653628,134,False
urn:mavedb:00001237-a-2#136,FARS2:n.737C>T,NA,NA,0.6787197362072985,135,False
urn:mavedb:00001237-a-2#137,F9:n.1005C>G,NA,NA,0.5271070619127192,136,False
urn:mavedb:00001237-a-2#138,CCM2:n.1295T>C,NA,NA,0.8076278220313521,137,False
urn:mavedb:00001237-a-2#139,FARS2:n.170C>G,NA,NA,0.5608231030065791,138,False
urn:mavedb:00001237-a-2#140,SOS2:n.3952C>T,NA,NA,0.6132752996154464,139,False
urn:mavedb:00001237-a-2#141,CCM2:n.275T>C,NA,NA,0.8365418945673084,140,False
urn:mavedb:00001237-a-2#142,BRAF:n.1391G>T,NA,NA,0.7314311220683629,141,False
urn:mavedb:00001237-a-2#143,F9:n.116A>G,NA,NA,0.5421431362976536,142,False
urn:mavedb:00001237-a-2#144,CCM2:n.178A>C,NA,NA,0.8909901355383365,143,False
urn:mavedb:00001237-a-2#145,CCM2:n.118C>T,NA,NA,0.9147866307608172,144,False
urn:mavedb:00001237-a-2#146,CCM2:n.868G>A,NA,NA,0.7832942588525427,145,False
urn:mavedb:00001237-a-2#147,BRIP1:n.1559G>C,NA,NA,0.7383581047885714,146,False
urn:mavedb:00001237-a-2#148,FH:n.1255T>C,NA,NA,0.9087934798551128,147,False
urn:mavedb:00001237-a-2#149,BAP1:n.91G>A,NA,NA,0.638202978336596,148,False
urn:mavedb:00001237-a-2#150,BAP1:n.869A>G,NA,NA,0.5831208149111815,149,False
urn:mavedb:00001237-a-2#151,RAD51D:n.394G>A,NA,NA,0.8355703915902188,150,False
urn:mavedb:00001237-a-2#152,RET:n.961G>A,NA,NA,0.8257382270041279,151,False
urn:mavedb:00001237-a-2#153,BAP1:n.176G>C,NA,NA,0.6535041734304496,152,False
urn:mavedb:00001237-a-2#154,CCM2:n.215A>G,NA,NA,0.8368480619902161,153,False
urn:mavedb:00001237-a-2#155,BRAF:n.1695T>G,NA,NA,0.526406222494298,154,False
urn:mavedb:00001237-a-2#156,FH:n.697C>T,NA,NA,0.600660810733897,155,False
urn:mavedb:00001237-a-2#157,SDHD:n.413G>T,NA,NA,0.8110807466746803,156,False
urn:mavedb:00001237-a-2#158,BRIP1:n.2543G>A,NA,NA,0.7732466334727437,157,False
urn:mavedb:00001237-a-2#159,BRCA1:n.1504A>G,NA,NA,0.8816377567624725,158,False
urn:mavedb:00001237-a-2#160,RAF1:n.285C>G,NA,NA,0.7836407261209146,159,False
urn:mavedb:00001237-a-2#161,ABCD1:n.1553G>A,NA,NA,0.7503000051148931,160,False
urn:mavedb:00001237-a-2#162,F9:n.769G>A,NA,NA,0.585427423605482,161,False
urn:mavedb:00001237-a-2#163,F9:n.1324G>A,NA,NA,0.6581225100425153,162,False
urn:mavedb:00001237-a-2#164,F9:n.947T>C,NA,NA,NA,163,False
urn:mavedb:00001237-a-2#165,RAD51D:n.49A>G,NA,NA,0.8593047956991493,164,False
urn:mavedb:00001237-a-2#166,RET:n.166C>A,NA,NA,0.7994809812678401,165,False
urn:mavedb:00001237-a-2#167,CCM2:n.1318G>A,NA,NA,0.8450598947696397,166,False
urn:mavedb:00001237-a-2#168,RAD51D:n.494G>A,NA,NA,0.8741681374898791,167,False
urn:mavedb:00001237-a-2#169,LMNA:n.1130G>T,NA,NA,0.7065168232271231,168,False
urn:mavedb:00001237-a-2#170,CCM2:n.228A>G,NA,NA,0.828564822000708,169,False
urn:mavedb:00001237-a-2#171,FANCC:n.584A>T,NA,NA,0.5600202052352192,170,False
urn:mavedb:00001237-a-2#172,F9:n.844C>T,NA,NA,0.7740974475748301,171,False
urn:mavedb:00001237-a-2#173,CCM2:n.230C>A,NA,NA,0.7593255044226397,172,False
urn:mavedb:00001237-a-2#174,ZC4H2:n.593G>A,NA,NA,0.7063604692120679,173,False
urn:mavedb:00001237-a-2#175,CTCF:n.136G>A,NA,NA,0.7848817791345062,174,False
urn:mavedb:00001237-a-2#176,BCL10:n.13G>T,NA,NA,0.8060836787793344,175,False
urn:mavedb:00001237-a-2#177,BAP1:n.272G>C,NA,NA,0.793753109675104,176,False
urn:mavedb:00001237-a-2#178,FARS2:n.986T>C,NA,NA,0.9012340513092844,177,False
urn:mavedb:00001237-a-2#179,CCM2:n.368C>T,NA,NA,0.8751667100294811,178,False
urn:mavedb:00001237-a-2#180,RAD51D:n.82G>C,NA,NA,0.9003979003764573,179,False
urn:mavedb:00001237-a-2#181,F9:n.589C>T,NA,NA,0.6358669359623879,180,False
urn:mavedb:00001237-a-2#182,RAD51D:n.983C>T,NA,NA,0.8366962476282629,181,False
urn:mavedb:00001237-a-2#183,CCM2:n.722C>T,NA,NA,0.9264937939444448,182,False
urn:mavedb:00001237-a-2#184,CCM2:n.406A>G,NA,NA,0.8906193640461872,183,False
urn:mavedb:00001237-a-2#185,BRIP1:n.797C>A,NA,NA,0.7356669134778155,184,False
urn:mavedb:00001237-a-2#186,BRIP1:n.226G>A,NA,NA,0.7402037054353585,185,False
urn:mavedb:00001237-a-2#187,CCM2:n.1193C>A,NA,NA,0.8165838772275196,186,False
urn:mavedb:00001237-a-2#188,CCM2:n.243T>A,NA,NA,0.7993109114748159,187,False
urn:mavedb:00001237-a-2#189,SDHD:n.209G>C,NA,NA,0.8395821167643795,188,False
urn:mavedb:00001237-a-2#190,CCM2:n.163C>G,NA,NA,0.8807252039456881,189,False
urn:mavedb:00001237-a-2#191,F9:n.1189G>C,NA,NA,0.5388602027997553,190,False
urn:mavedb:00001237-a-2#192,CCM2:n.1126G>C,NA,NA,0.8501223530882756,191,False
urn:mavedb:00001237-a-2#193,CCM2:n.1165C>T,NA,NA,0.7803774410366149,192,False
urn:mavedb:00001237-a-2#194,CCM2:n.1174C>G,NA,NA,0.8548364420653792,193,False
urn:mavedb:00001237-a-2#195,CCM2:n.603G>C,NA,NA,0.7993821652924132,194,False
urn:mavedb:00001237-a-2#196,CCM2:n.378C>G,NA,NA,0.8203014056842551,195,False
urn:mavedb:00001237-a-2#197,CCM2:n.493C>G,NA,NA,0.764209195448792,196,False
urn:mavedb:00001237-a-2#198,CCM2:n.1096G>A,NA,NA,0.8907739523133467,197,False
urn:mavedb:00001237-a-2#199,CCM2:n.545T>C,NA,NA,0.8639597572255913,198,False
urn:mavedb:00001237-a-2#200,CCM2:n.902A>G,NA,NA,0.7851525955118048,199,False
urn:mavedb:00001237-a-2#201,CCM2:n.119G>A,NA,NA,0.845016912172825,200,False
urn:mavedb:00001237-a-2#202,SHOC2:n.170C>T,NA,NA,0.7172559161242507,201,False
urn:mavedb:00001237-a-2#203,RAD51D:n.167T>G,NA,NA,0.5613379721184998,202,False
urn:mavedb:00001237-a-2#204,RAD51D:n.137C>G,NA,NA,0.5276155414107366,203,False
urn:mavedb:00001237-a-2#205,CCM2:n.998A>T,NA,NA,0.8106085417079365,204,False
urn:mavedb:00001237-a-2#206,CCM2:n.1213G>T,NA,NA,0.8043745268258424,205,False
urn:mavedb:00001237-a-2#207,RET:n.989G>A,NA,NA,0.9023044924450164,206,False
urn:mavedb:00001237-a-2#208,CCM2:n.1246T>G,NA,NA,0.8020001237678742,207,False
urn:mavedb:00001237-a-2#209,RAD51D:n.865G>A,NA,NA,0.9401315062354584,208,False
urn:mavedb:00001237-a-2#210,BRCA1:n.191G>C,NA,NA,0.6198776680144381,209,False
urn:mavedb:00001237-a-2#211,CCM2:n.251G>A,NA,NA,0.8145799491488341,210,False
urn:mavedb:00001237-a-2#212,CCM2:n.883G>A,NA,NA,0.8362948732943825,211,False
urn:mavedb:00001237-a-2#213,CCM2:n.1090C>T,NA,NA,0.8280287508137921,212,False
urn:mavedb:00001237-a-2#214,CCM2:n.248C>T,NA,NA,0.7592566325496042,213,False
urn:mavedb:00001237-a-2#215,ZC4H2:n.598G>A,NA,NA,0.7398127866703845,214,False
urn:mavedb:00001237-a-2#216,F9:n.571C>T,NA,NA,0.7125915756431245,215,False
urn:mavedb:00001237-a-2#217,FH:n.1002T>G,NA,NA,0.8188884186729352,216,False
urn:mavedb:00001237-a-2#218,F9:n.572G>A,NA,NA,0.6491488216911996,217,False
urn:mavedb:00001237-a-2#219,FANCC:n.1661T>C,NA,NA,0.8214485122369959,218,False
urn:mavedb:00001237-a-2#220,BRCA1:n.1673T>C,NA,NA,0.9677253156271488,219,True
urn:mavedb:00001237-a-2#221,LMNA:n.1003C>T,NA,NA,0.6510994386752087,220,False
urn:mavedb:00001237-a-2#222,CCM2:n.1114A>C,NA,NA,0.9047425621255758,221,False
urn:mavedb:00001237-a-2#223,F9:n.584T>G,NA,NA,0.681157875995793,222,False
urn:mavedb:00001237-a-2#224,BRAF:n.1406G>A,NA,NA,0.764279125158017,223,False
urn:mavedb:00001237-a-2#225,CCM2:n.196G>A,NA,NA,0.8045796125991995,224,False
urn:mavedb:00001237-a-2#226,CCM2:n.752C>A,NA,NA,0.7584363103178726,225,False
urn:mavedb:00001237-a-2#227,BRCA1:n.1997G>T,NA,NA,0.8817659418031343,226,False
urn:mavedb:00001237-a-2#228,SHOC2:n.517A>G,NA,NA,0.8489726895578096,227,False
urn:mavedb:00001237-a-2#229,CCM2:n.292G>C,NA,NA,0.8017735704981807,228,False
urn:mavedb:00001237-a-2#230,CCM2:n.719C>T,NA,NA,0.9009933185939654,229,False
urn:mavedb:00001237-a-2#231,F9:n.1069G>A,NA,NA,0.6272050795344148,230,False
urn:mavedb:00001237-a-2#232,F9:n.679G>A,NA,NA,0.5423774158894656,231,False
urn:mavedb:00001237-a-2#233,CTCF:n.1024C>G,NA,NA,0.6410643683227851,232,False
urn:mavedb:00001237-a-2#234,CCM2:n.1294A>T,NA,NA,0.7827410244961279,233,False
urn:mavedb:00001237-a-2#235,CCM2:n.1096G>C,NA,NA,0.8596979362256434,234,False
urn:mavedb:00001237-a-2#236,CCM2:n.653A>G,NA,NA,0.8865094712885795,235,False
urn:mavedb:00001237-a-2#237,CCM2:n.1297G>A,NA,NA,0.7924223925311,236,False
urn:mavedb:00001237-a-2#238,BRCA1:n.1741A>G,NA,NA,0.9002714608523377,237,False
urn:mavedb:00001237-a-2#239,CCM2:n.811C>A,NA,NA,0.7757270640763929,238,False
urn:mavedb:00001237-a-2#240,SDHD:n.305A>T,NA,NA,0.891830390864169,239,False
urn:mavedb:00001237-a-2#241,SDHD:n.149A>G,NA,NA,0.8221238802103853,240,False
urn:mavedb:00001237-a-2#242,BRAF:n.722C>G,NA,NA,NA,241,False
urn:mavedb:00001237-a-2#243,CCM2:n.485G>A,NA,NA,0.7309007298413627,242,False
urn:mavedb:00001237-a-2#244,RHO:n.403C>T,NA,NA,0.8387034419466344,243,False
urn:mavedb:00001237-a-2#245,CCM2:n.71G>A,NA,NA,0.9301220488612656,244,False
urn:mavedb:00001237-a-2#246,CTCF:n.1365C>G,NA,NA,0.9057477566854892,245,False
urn:mavedb:00001237-a-2#247,FARS2:n.424G>T,NA,NA,0.5792752331231843,246,False
urn:mavedb:00001237-a-2#248,CCM2:n.661T>G,NA,NA,0.90377546428251,247,False
urn:mavedb:00001237-a-2#249,CCM2:n.668A>T,NA,NA,0.7964934504914227,248,False
urn:mavedb:00001237-a-2#250,FARS2:n.8G>T,NA,NA,0.6254015747492417,249,False
urn:mavedb:00001237-a-2#251,BRAF:n.1403T>C,NA,NA,0.5859581265157354,250,False
urn:mavedb:00001237-a-2#252,F9:n.82T>C,NA,NA,0.6820371842857371,251,False
urn:mavedb:00001237-a-2#253,CCM2:n.800C>T,NA,NA,0.8887072132660787,252,False
urn:mavedb:00001237-a-2#254,CTCF:n.1699C>T,NA,NA,0.8513823363851717,253,False
urn:mavedb:00001237-a-2#255,CCM2:n.792A>C,NA,NA,0.8839018201298314,254,False
urn:mavedb:00001237-a-2#256,BRCA1:n.122A>G,NA,NA,0.8736152481968635,255,False
urn:mavedb:00001237-a-2#257,BRCA1:n.3G>T,NA,NA,0.95398490495553,256,False
urn:mavedb:00001237-a-2#258,CCM2:n.928C>G,NA,NA,0.8064192257623921,257,False
urn:mavedb:00001237-a-2#259,CCM2:n.88A>G,NA,NA,0.794240946082321,258,False
urn:mavedb:00001237-a-2#260,BRCA1:n.823G>A,NA,NA,0.8953148061074725,259,False
urn:mavedb:00001237-a-2#261,RAF1:n.418A>C,NA,NA,0.8133600514364883,260,False
urn:mavedb:00001237-a-2#262,CCM2:n.634C>G,NA,NA,0.8134739184005186,261,False
urn:mavedb:00001237-a-2#263,CCM2:n.1277C>T,NA,NA,0.7866050163150651,262,False
urn:mavedb:00001237-a-2#264,CCM2:n.131C>T,NA,NA,0.8284511815355144,263,False
urn:mavedb:00001237-a-2#265,CCM2:n.392T>A,NA,NA,0.8478118305058215,264,False
urn:mavedb:00001237-a-2#266,CCM2:n.130A>T,NA,NA,0.8861633252856846,265,False
urn:mavedb:00001237-a-2#267,CCM2:n.152A>C,NA,NA,0.8012850850385155,266,False
urn:mavedb:00001237-a-2#268,SDHD:n.269C>A,NA,NA,0.8069567363558607,267,False
urn:mavedb:00001237-a-2#269,BRAF:n.784C>A,NA,NA,0.6049659648839113,268,False
urn:mavedb:00001237-a-2#270,CCM2:n.589A>C,NA,NA,0.8210031790875134,269,False
urn:mavedb:00001237-a-2#271,SDHD:n.305A>C,NA,NA,0.9053701445912476,270,False
urn:mavedb:00001237-a-2#272,CCM2:n.428C>T,NA,NA,0.8282411506060541,271,False
urn:mavedb:00001237-a-2#273,CCM2:n.1250A>G,NA,NA,0.805209041352497,272,False
urn:mavedb:00001237-a-2#274,BRCA1:n.191G>A,NA,NA,0.9304714009069366,273,False
urn:mavedb:00001237-a-2#275,G6PD:n.1094G>A,NA,NA,0.5251393732095171,274,False
urn:mavedb:00001237-a-2#276,F9:n.1136G>A,NA,NA,0.7592937766234651,275,False
urn:mavedb:00001237-a-2#277,FANCC:n.1487T>G,NA,NA,0.6952172565939935,276,False
urn:mavedb:00001237-a-2#278,BRCA1:n.396C>A,NA,NA,0.9847876016781,277,True
urn:mavedb:00001237-a-2#279,CCM2:n.562G>T,NA,NA,0.8055342012687775,278,False
urn:mavedb:00001237-a-2#280,RET:n.874G>A,NA,NA,0.6060217559944419,279,False
urn:mavedb:00001237-a-2#281,CCM2:n.1177A>G,NA,NA,0.8422350406675537,280,False
urn:mavedb:00001237-a-2#282,CCM2:n.1220G>A,NA,NA,0.8294405859927851,281,False
urn:mavedb:00001237-a-2#283,CTCF:n.2089G>A,NA,NA,0.4888246125508281,282,False
urn:mavedb:00001237-a-2#284,F9:n.845A>G,NA,NA,0.8276646758994048,283,False
urn:mavedb:00001237-a-2#285,BAP1:n.1268C>A,NA,NA,0.4772267532245595,284,False
urn:mavedb:00001237-a-2#286,F9:n.19A>T,NA,NA,0.6070303903003949,285,False
urn:mavedb:00001237-a-2#287,BRCA1:n.1895T>C,NA,NA,0.9306709618821616,286,False
urn:mavedb:00001237-a-2#288,CCM2:n.665C>T,NA,NA,0.8463599936048974,287,False
urn:mavedb:00001237-a-2#289,BRIP1:n.584T>C,NA,NA,0.7008058306509546,288,False
urn:mavedb:00001237-a-2#290,BAP1:n.271T>G,NA,NA,0.6961569410000803,289,False
urn:mavedb:00001237-a-2#291,CCM2:n.535G>A,NA,NA,0.8557367825958193,290,False
urn:mavedb:00001237-a-2#292,CCM2:n.991A>T,NA,NA,0.8802217366778147,291,False
urn:mavedb:00001237-a-2#293,BRCA1:n.1805G>C,NA,NA,0.940271351928846,292,False
urn:mavedb:00001237-a-2#294,RAD51D:n.698A>G,NA,NA,0.6745126839748288,293,False
urn:mavedb:00001237-a-2#295,CCM2:n.229C>T,NA,NA,0.8319448970879251,294,False
urn:mavedb:00001237-a-2#296,FARS2:n.403C>G,NA,NA,0.7128990832586051,295,False
urn:mavedb:00001237-a-2#297,CCM2:n.411T>G,NA,NA,0.7898960341606651,296,False
urn:mavedb:00001237-a-2#298,SDHD:n.331G>A,NA,NA,0.7584557831408985,297,False
urn:mavedb:00001237-a-2#299,BRCA1:n.895C>T,NA,NA,0.9795882444844936,298,True
urn:mavedb:00001237-a-2#300,FARS2:n.839A>G,NA,NA,0.807126189381839,299,False
urn:mavedb:00001237-a-2#301,F9:n.1240C>A,NA,NA,0.6797031476051613,300,False
urn:mavedb:00001237-a-2#302,RAD51D:n.26G>C,NA,NA,0.7663758588209051,301,False
urn:mavedb:00001237-a-2#303,F9:n.237A>C,NA,NA,0.7509741906115102,302,False
urn:mavedb:00001237-a-2#304,ZC4H2:n.53G>A,NA,NA,0.7052544043533227,303,False
urn:mavedb:00001237-a-2#305,SDHD:n.305A>G,NA,NA,0.7292861333430671,304,False
urn:mavedb:00001237-a-2#306,F9:n.1151G>C,NA,NA,0.4992928126955379,305,False
urn:mavedb:00001237-a-2#307,SDHD:n.269C>T,NA,NA,0.7039158792957776,306,False
urn:mavedb:00001237-a-2#308,SHOC2:n.10A>C,NA,NA,0.7967470862926624,307,False
urn:mavedb:00001237-a-2#309,SDHD:n.341A>G,NA,NA,0.8267088282373269,308,False
urn:mavedb:00001237-a-2#310,BRCA1:n.2012T>A,NA,NA,0.9605211529359584,309,False
urn:mavedb:00001237-a-2#311,F9:n.1217C>T,NA,NA,0.9162840818084528,310,False
urn:mavedb:00001237-a-2#312,BRCA1:n.181T>G,NA,NA,0.9657271784118284,311,False
urn:mavedb:00001237-a-2#313,BAP1:n.34C>A,NA,NA,0.600122165829045,312,False
urn:mavedb:00001237-a-2#314,CCM2:n.1317G>A,NA,NA,0.8693644920730877,313,False
urn:mavedb:00001237-a-2#315,BRCA1:n.1363G>A,NA,NA,0.7458102230328609,314,False
urn:mavedb:00001237-a-2#316,SDHD:n.148C>G,NA,NA,0.916130375940726,315,False
urn:mavedb:00001237-a-2#317,CCM2:n.181G>A,NA,NA,0.819450033782714,316,False
urn:mavedb:00001237-a-2#318,CCM2:n.989C>T,NA,NA,0.8471357956586165,317,False
urn:mavedb:00001237-a-2#319,CCM2:n.563G>A,NA,NA,0.7886213288702624,318,False
urn:mavedb:00001237-a-2#320,BRCA1:n.1831A>C,NA,NA,0.9681934372563924,319,True
urn:mavedb:00001237-a-2#321,FH:n.1020T>A,NA,NA,NA,320,False
urn:mavedb:00001237-a-2#322,RET:n.938G>A,NA,NA,0.8546752579166506,321,False
urn:mavedb:00001237-a-2#323,CCM2:n.1036C>T,NA,NA,0.8349201605034691,322,False
urn:mavedb:00001237-a-2#324,CCM2:n.305C>T,NA,NA,0.888322223287694,323,False
urn:mavedb:00001237-a-2#325,BRAF:n.1460T>G,NA,NA,0.6592298815897384,324,False
urn:mavedb:00001237-a-2#326,G6PD:n.1132G>A,NA,NA,0.4720788044319635,325,False
urn:mavedb:00001237-a-2#327,CCM2:n.1234C>T,NA,NA,0.8024632794913864,326,False
urn:mavedb:00001237-a-2#328,FARS2:n.431A>G,NA,NA,0.6967186925767609,327,False
urn:mavedb:00001237-a-2#329,F9:n.1120G>T,NA,NA,0.6420223551373424,328,False
urn:mavedb:00001237-a-2#330,FARS2:n.1163T>G,NA,NA,0.5358487798186116,329,False
urn:mavedb:00001237-a-2#331,CCM2:n.613G>A,NA,NA,0.8036667069158634,330,False
urn:mavedb:00001237-a-2#332,RHO:n.799C>A,NA,NA,0.903490042754934,331,False
urn:mavedb:00001237-a-2#333,CCM2:n.410A>G,NA,NA,0.7768185907502618,332,False
urn:mavedb:00001237-a-2#334,CCM2:n.1233C>G,NA,NA,0.7998647674682942,333,False
urn:mavedb:00001237-a-2#335,RHO:n.329G>A,NA,NA,0.8759363719723349,334,False
urn:mavedb:00001237-a-2#336,FH:n.698G>T,NA,NA,0.6385866298764027,335,False
urn:mavedb:00001237-a-2#337,CCM2:n.1184C>T,NA,NA,0.7738718699325633,336,False
urn:mavedb:00001237-a-2#338,F9:n.523C>T,NA,NA,0.6021105502899596,337,False
urn:mavedb:00001237-a-2#339,CCM2:n.1169G>A,NA,NA,0.8584048869955951,338,False
urn:mavedb:00001237-a-2#340,CCM2:n.385G>C,NA,NA,0.8275748926621437,339,False
urn:mavedb:00001237-a-2#341,BAP1:n.1786A>G,NA,NA,0.5205569621563404,340,False
urn:mavedb:00001237-a-2#342,FH:n.302G>C,NA,NA,0.7500353893514484,341,False
urn:mavedb:00001237-a-2#343,CCM2:n.1322A>G,NA,NA,0.779832227333985,342,False
urn:mavedb:00001237-a-2#344,CCM2:n.1306G>A,NA,NA,0.750477087879275,343,False
urn:mavedb:00001237-a-2#345,SOS2:n.2605G>A,NA,NA,0.7300258061268597,344,False
urn:mavedb:00001237-a-2#346,CCM2:n.257C>T,NA,NA,0.8546957541179423,345,False
urn:mavedb:00001237-a-2#347,BRAF:n.1787G>T,NA,NA,0.9532177126836002,346,True
urn:mavedb:00001237-a-2#348,CCM2:n.451C>T,NA,NA,0.8836655555866955,347,False
urn:mavedb:00001237-a-2#349,F9:n.8G>A,NA,NA,0.5866399608767865,348,False
urn:mavedb:00001237-a-2#350,F9:n.1183T>A,NA,NA,0.649607362703761,349,False
urn:mavedb:00001237-a-2#351,RAF1:n.1082G>C,NA,NA,0.8166345301515319,350,False
urn:mavedb:00001237-a-2#352,BRCA1:n.716A>G,NA,NA,0.978941096572921,351,True
urn:mavedb:00001237-a-2#353,RAD51D:n.751A>G,NA,NA,0.9014840098779016,352,False
urn:mavedb:00001237-a-2#354,CCM2:n.382G>A,NA,NA,0.8577066629583474,353,False
urn:mavedb:00001237-a-2#355,ZC4H2:n.637C>T,NA,NA,0.7472993120881146,354,False
urn:mavedb:00001237-a-2#356,CCM2:n.535G>T,NA,NA,0.8031155711539504,355,False
urn:mavedb:00001237-a-2#357,F9:n.482A>G,NA,NA,0.8125415721210048,356,False
urn:mavedb:00001237-a-2#358,CTCF:n.1700G>T,NA,NA,0.5840753754354838,357,False
urn:mavedb:00001237-a-2#359,F9:n.1187G>C,NA,NA,0.4439543120384661,358,False
urn:mavedb:00001237-a-2#360,CCM2:n.710C>T,NA,NA,0.8115809385270449,359,False
urn:mavedb:00001237-a-2#361,BAP1:n.2153G>A,NA,NA,0.5924664092015309,360,False
urn:mavedb:00001237-a-2#362,RAF1:n.1808T>C,NA,NA,0.7772501324293353,361,False
urn:mavedb:00001237-a-2#363,CCM2:n.995A>G,NA,NA,0.8110820136019392,362,False
urn:mavedb:00001237-a-2#364,CCM2:n.328G>A,NA,NA,0.847253302271876,363,False
urn:mavedb:00001237-a-2#365,BRCA1:n.115T>C,NA,NA,0.9382891850375588,364,False
urn:mavedb:00001237-a-2#366,CCM2:n.493C>A,NA,NA,0.7480357548659873,365,False
urn:mavedb:00001237-a-2#367,SDHD:n.416T>G,NA,NA,0.8472422308526387,366,False
urn:mavedb:00001237-a-2#368,F9:n.1232G>T,NA,NA,0.6350559643172258,367,False
urn:mavedb:00001237-a-2#369,CCM2:n.44C>T,NA,NA,NA,368,False
urn:mavedb:00001237-a-2#370,FARS2:n.1255C>T,NA,NA,0.6884941478045885,369,False
urn:mavedb:00001237-a-2#371,CCM2:n.1268G>A,NA,NA,0.7230915523834032,370,False
urn:mavedb:00001237-a-2#372,RPS19:n.184C>T,NA,NA,NA,371,False
urn:mavedb:00001237-a-2#373,CCM2:n.527G>T,NA,NA,0.8185219642946422,372,False
urn:mavedb:00001237-a-2#374,CCM2:n.562G>C,NA,NA,0.7776585805240788,373,False
urn:mavedb:00001237-a-2#375,RAD51D:n.196G>T,NA,NA,0.6052057889185325,374,False
urn:mavedb:00001237-a-2#376,SHOC2:n.613A>G,NA,NA,0.7438625518536668,375,False
urn:mavedb:00001237-a-2#377,CCM2:n.584T>C,NA,NA,0.8170515758080101,376,False
urn:mavedb:00001237-a-2#378,F9:n.1328T>C,NA,NA,0.6400983547782287,377,False
urn:mavedb:00001237-a-2#379,BRAF:n.735A>T,NA,NA,0.74653046728712,378,False
urn:mavedb:00001237-a-2#380,FARS2:n.1113G>T,NA,NA,0.6975368959158603,379,False
urn:mavedb:00001237-a-2#381,CCM2:n.1228G>C,NA,NA,0.7541482001399289,380,False
urn:mavedb:00001237-a-2#382,CCM2:n.22G>A,NA,NA,0.8679068556930607,381,False
urn:mavedb:00001237-a-2#383,ZC4H2:n.469G>A,NA,NA,0.7673007260649709,382,False
urn:mavedb:00001237-a-2#384,LMNA:n.122G>A,NA,NA,0.9523520720664532,383,False
urn:mavedb:00001237-a-2#385,BRCA1:n.199G>T,NA,NA,0.9535875736429946,384,False
urn:mavedb:00001237-a-2#386,CCM2:n.605G>A,NA,NA,0.7542287919771392,385,False
urn:mavedb:00001237-a-2#387,BRAF:n.1497A>C,NA,NA,0.6624070928397985,386,False
urn:mavedb:00001237-a-2#388,FH:n.521C>G,NA,NA,NA,387,False
urn:mavedb:00001237-a-2#389,CCM2:n.886A>G,NA,NA,0.8129016210924549,388,False
urn:mavedb:00001237-a-2#390,BRAF:n.1799T>G,NA,NA,0.7704206716544668,389,False
urn:mavedb:00001237-a-2#391,F9:n.907C>T,NA,NA,0.7096997914586483,390,False
urn:mavedb:00001237-a-2#392,CCM2:n.1235G>A,NA,NA,0.7463327251050486,391,False
urn:mavedb:00001237-a-2#393,CCM2:n.281A>G,NA,NA,0.8129354320163005,392,False
urn:mavedb:00001237-a-2#394,BRCA1:n.110C>A,NA,NA,0.876967783201831,393,False
urn:mavedb:00001237-a-2#395,BRCA1:n.131G>A,NA,NA,0.887673699853964,394,False
urn:mavedb:00001237-a-2#396,CCM2:n.1267C>T,NA,NA,0.7187551694600764,395,False
urn:mavedb:00001237-a-2#397,CCM2:n.1135G>A,NA,NA,0.8691061216114876,396,False
urn:mavedb:00001237-a-2#398,F9:n.496A>T,NA,NA,0.6763540911777854,397,False
urn:mavedb:00001237-a-2#399,CCM2:n.193A>G,NA,NA,0.8061554980894445,398,False
urn:mavedb:00001237-a-2#400,BRCA1:n.1644G>A,NA,NA,0.9838171753239306,399,True
urn:mavedb:00001237-a-2#401,SHOC2:n.157G>A,NA,NA,0.7863022232329444,400,False
urn:mavedb:00001237-a-2#402,F9:n.1219T>C,NA,NA,0.708706157690754,401,False
urn:mavedb:00001237-a-2#403,CCM2:n.763G>T,NA,NA,0.8061529355807402,402,False
urn:mavedb:00001237-a-2#404,RET:n.1013C>T,NA,NA,0.919011656742786,403,False
urn:mavedb:00001237-a-2#405,LMNA:n.1157G>C,NA,NA,0.7752309410325393,404,False
urn:mavedb:00001237-a-2#406,CTCF:n.677A>G,NA,NA,0.7520422461314531,405,False
urn:mavedb:00001237-a-2#407,CCM2:n.548C>T,NA,NA,0.7731009837385456,406,False
urn:mavedb:00001237-a-2#408,RAD51D:n.196G>A,NA,NA,0.640681162726245,407,False
urn:mavedb:00001237-a-2#409,CCM2:n.4G>A,NA,NA,0.8302244399273571,408,False
urn:mavedb:00001237-a-2#410,CCM2:n.1255G>T,NA,NA,0.7204341647640948,409,False
urn:mavedb:00001237-a-2#411,F9:n.217G>A,NA,NA,0.7150858388110624,410,False
urn:mavedb:00001237-a-2#412,RAF1:n.1837C>G,NA,NA,NA,411,False
urn:mavedb:00001237-a-2#413,BRCA1:n.1598C>T,NA,NA,0.9439718030599332,412,False
urn:mavedb:00001237-a-2#414,BRCA1:n.1379T>C,NA,NA,0.9418724442311316,413,False
urn:mavedb:00001237-a-2#415,RAF1:n.1141G>A,NA,NA,0.6179811087667896,414,False
urn:mavedb:00001237-a-2#416,RET:n.833C>A,NA,NA,0.6838792052151409,415,False
urn:mavedb:00001237-a-2#417,BRCA1:n.2T>C,NA,NA,0.8862103328877481,416,False
urn:mavedb:00001237-a-2#418,CCM2:n.323A>G,NA,NA,0.8754479666005612,417,False
urn:mavedb:00001237-a-2#419,CCM2:n.418G>A,NA,NA,0.79551907960311,418,False
urn:mavedb:00001237-a-2#420,CCM2:n.1120G>A,NA,NA,0.8597944617573792,419,False
urn:mavedb:00001237-a-2#421,F9:n.407T>C,NA,NA,0.7141815318727898,420,False
urn:mavedb:00001237-a-2#422,CCM2:n.1274T>C,NA,NA,0.8369206423156603,421,False
urn:mavedb:00001237-a-2#423,ABCD1:n.1165C>G,NA,NA,0.7159524873394272,422,False
urn:mavedb:00001237-a-2#424,RAD51D:n.915C>G,NA,NA,NA,423,False
urn:mavedb:00001237-a-2#425,CCM2:n.56G>A,NA,NA,0.8231166467460638,424,False
urn:mavedb:00001237-a-2#426,LMNA:n.485T>C,NA,NA,0.8432772981546591,425,False
urn:mavedb:00001237-a-2#427,CCM2:n.257C>G,NA,NA,0.8843381854193997,426,False
urn:mavedb:00001237-a-2#428,CCM2:n.1268G>C,NA,NA,0.7807165562584228,427,False
urn:mavedb:00001237-a-2#429,CCM2:n.1229A>T,NA,NA,0.7267617696088382,428,False
urn:mavedb:00001237-a-2#430,BRCA1:n.1979T>C,NA,NA,0.6200689945648612,429,False
