accession,hgvs_nt,hgvs_splice,hgvs_pro,score
urn:mavedb:00001268-c-1#1,NM_000059.4:c.6938-12A>T,NA,NA,0.72841902
urn:mavedb:00001268-c-1#2,NM_000059.4:c.6938-12A>C,NA,NA,0.24471314
urn:mavedb:00001268-c-1#3,NM_000059.4:c.6938-12A>G,NA,NA,0.77835341
urn:mavedb:00001268-c-1#4,NM_000059.4:c.6938-11T>C,NA,NA,1.28370423
urn:mavedb:00001268-c-1#5,NM_000059.4:c.6938-11T>G,NA,NA,1.03211436
urn:mavedb:00001268-c-1#6,NM_000059.4:c.6938-11T>A,NA,NA,-0.1226766
urn:mavedb:00001268-c-1#7,NM_000059.4:c.6938-10T>C,NA,NA,0.83907656
urn:mavedb:00001268-c-1#8,NM_000059.4:c.6938-9G>C,NA,NA,0.71033354
urn:mavedb:00001268-c-1#9,NM_000059.4:c.6938-9G>T,NA,NA,1.01465063
urn:mavedb:00001268-c-1#10,NM_000059.4:c.6938-9G>A,NA,NA,0.94139486
urn:mavedb:00001268-c-1#11,NM_000059.4:c.6938-8T>C,NA,NA,0.53280596
urn:mavedb:00001268-c-1#12,NM_000059.4:c.6938-7T>C,NA,NA,1.18753067
urn:mavedb:00001268-c-1#13,NM_000059.4:c.6938-7T>G,NA,NA,1.26790122
urn:mavedb:00001268-c-1#14,NM_000059.4:c.6938-7T>A,NA,NA,0.35863759
urn:mavedb:00001268-c-1#15,NM_000059.4:c.6938-6T>C,NA,NA,1.1414178
urn:mavedb:00001268-c-1#16,NM_000059.4:c.6938-5C>G,NA,NA,-1.8191316
urn:mavedb:00001268-c-1#17,NM_000059.4:c.6938-5C>T,NA,NA,0.68076501
urn:mavedb:00001268-c-1#18,NM_000059.4:c.6938-4C>A,NA,NA,0.84546618
urn:mavedb:00001268-c-1#19,NM_000059.4:c.6938-4C>T,NA,NA,1.01122729
urn:mavedb:00001268-c-1#20,NM_000059.4:c.6938-3T>A,NA,NA,1.20699488
urn:mavedb:00001268-c-1#21,NM_000059.4:c.6938-3T>G,NA,NA,1.12053006
urn:mavedb:00001268-c-1#22,NM_000059.4:c.6938-3T>C,NA,NA,0.01269366
urn:mavedb:00001268-c-1#23,NM_000059.4:c.6938-2A>T,NA,NA,0.8861198
urn:mavedb:00001268-c-1#24,NM_000059.4:c.6938-2A>G,NA,NA,0.44346534
urn:mavedb:00001268-c-1#25,NM_000059.4:c.6938-2A>C,NA,NA,0.58864403
urn:mavedb:00001268-c-1#26,NM_000059.4:c.6938-1G>T,NA,NA,-0.3472928
urn:mavedb:00001268-c-1#27,NM_000059.4:c.6938-1G>C,NA,NA,-0.2004634
urn:mavedb:00001268-c-1#28,NM_000059.4:c.6938-1G>A,NA,NA,0.23962823
urn:mavedb:00001268-c-1#29,NM_000059.4:c.6938G>A,NA,NA,0.51192397
urn:mavedb:00001268-c-1#30,NM_000059.4:c.6938G>C,NA,NA,0.9100298
urn:mavedb:00001268-c-1#31,NM_000059.4:c.6939C>A,NA,NA,0.97019637
urn:mavedb:00001268-c-1#32,NM_000059.4:c.6939C>T,NA,NA,0.88014026
urn:mavedb:00001268-c-1#33,NM_000059.4:c.6940A>C,NA,NA,1.071642
urn:mavedb:00001268-c-1#34,NM_000059.4:c.6940A>G,NA,NA,0.85615386
urn:mavedb:00001268-c-1#35,NM_000059.4:c.6940A>T,NA,NA,0.62137895
urn:mavedb:00001268-c-1#36,NM_000059.4:c.6941C>A,NA,NA,1.22356589
urn:mavedb:00001268-c-1#37,NM_000059.4:c.6941C>G,NA,NA,-0.5021066
urn:mavedb:00001268-c-1#38,NM_000059.4:c.6941C>T,NA,NA,0.6042035
urn:mavedb:00001268-c-1#39,NM_000059.4:c.6942A>C,NA,NA,1.11534801
urn:mavedb:00001268-c-1#40,NM_000059.4:c.6942A>G,NA,NA,0.98715026
urn:mavedb:00001268-c-1#41,NM_000059.4:c.6942A>T,NA,NA,0.65017461
urn:mavedb:00001268-c-1#42,NM_000059.4:c.6943A>C,NA,NA,1.35660124
urn:mavedb:00001268-c-1#43,NM_000059.4:c.6943A>G,NA,NA,1.61716255
urn:mavedb:00001268-c-1#44,NM_000059.4:c.6943A>T,NA,NA,0.75529206
urn:mavedb:00001268-c-1#45,NM_000059.4:c.6944T>A,NA,NA,0.88668639
urn:mavedb:00001268-c-1#46,NM_000059.4:c.6944T>C,NA,NA,0.76586184
urn:mavedb:00001268-c-1#47,NM_000059.4:c.6944T>G,NA,NA,1.00218418
urn:mavedb:00001268-c-1#48,NM_000059.4:c.6945A>C,NA,NA,1.00026886
urn:mavedb:00001268-c-1#49,NM_000059.4:c.6945A>G,NA,NA,0.96448777
urn:mavedb:00001268-c-1#50,NM_000059.4:c.6945A>T,NA,NA,0.72942535
urn:mavedb:00001268-c-1#51,NM_000059.4:c.6946A>C,NA,NA,1.32662107
urn:mavedb:00001268-c-1#52,NM_000059.4:c.6946A>G,NA,NA,0.71243624
urn:mavedb:00001268-c-1#53,NM_000059.4:c.6946A>T,NA,NA,0.34218423
urn:mavedb:00001268-c-1#54,NM_000059.4:c.6947A>C,NA,NA,1.48666684
urn:mavedb:00001268-c-1#55,NM_000059.4:c.6947A>G,NA,NA,0.47013229
urn:mavedb:00001268-c-1#56,NM_000059.4:c.6947A>T,NA,NA,1.05512285
urn:mavedb:00001268-c-1#57,NM_000059.4:c.6948A>C,NA,NA,0.9370989
urn:mavedb:00001268-c-1#58,NM_000059.4:c.6948A>G,NA,NA,0.84003299
urn:mavedb:00001268-c-1#59,NM_000059.4:c.6948A>T,NA,NA,0.26154602
urn:mavedb:00001268-c-1#60,NM_000059.4:c.6949G>A,NA,NA,0.77961821
urn:mavedb:00001268-c-1#61,NM_000059.4:c.6949G>C,NA,NA,1.69872939
urn:mavedb:00001268-c-1#62,NM_000059.4:c.6949G>T,NA,NA,0.10129147
urn:mavedb:00001268-c-1#63,NM_000059.4:c.6950A>G,NA,NA,0.58610822
urn:mavedb:00001268-c-1#64,NM_000059.4:c.6950A>T,NA,NA,0.60338254
urn:mavedb:00001268-c-1#65,NM_000059.4:c.6951T>A,NA,NA,0.90469176
urn:mavedb:00001268-c-1#66,NM_000059.4:c.6951T>C,NA,NA,0.84947677
urn:mavedb:00001268-c-1#67,NM_000059.4:c.6951T>G,NA,NA,1.24588918
urn:mavedb:00001268-c-1#68,NM_000059.4:c.6952C>A,NA,NA,0.85333579
urn:mavedb:00001268-c-1#69,NM_000059.4:c.6952C>T,NA,NA,0.14688572
urn:mavedb:00001268-c-1#70,NM_000059.4:c.6953G>A,NA,NA,0.35714284
urn:mavedb:00001268-c-1#71,NM_000059.4:c.6953G>C,NA,NA,0.92786058
urn:mavedb:00001268-c-1#72,NM_000059.4:c.6953G>T,NA,NA,0.12678832
urn:mavedb:00001268-c-1#73,NM_000059.4:c.6954A>C,NA,NA,0.35999504
urn:mavedb:00001268-c-1#74,NM_000059.4:c.6954A>G,NA,NA,1.10943015
urn:mavedb:00001268-c-1#75,NM_000059.4:c.6954A>T,NA,NA,0.95970493
urn:mavedb:00001268-c-1#76,NM_000059.4:c.6955A>C,NA,NA,0.96074888
urn:mavedb:00001268-c-1#77,NM_000059.4:c.6955A>G,NA,NA,0.80850926
urn:mavedb:00001268-c-1#78,NM_000059.4:c.6955A>T,NA,NA,-0.8781718
urn:mavedb:00001268-c-1#79,NM_000059.4:c.6956G>A,NA,NA,0.71687082
urn:mavedb:00001268-c-1#80,NM_000059.4:c.6956G>C,NA,NA,0.88925325
urn:mavedb:00001268-c-1#81,NM_000059.4:c.6956G>T,NA,NA,0.63504037
urn:mavedb:00001268-c-1#82,NM_000059.4:c.6957A>C,NA,NA,0.85257365
urn:mavedb:00001268-c-1#83,NM_000059.4:c.6957A>G,NA,NA,0.93968526
urn:mavedb:00001268-c-1#84,NM_000059.4:c.6957A>T,NA,NA,0.69588501
urn:mavedb:00001268-c-1#85,NM_000059.4:c.6958T>A,NA,NA,1.31783943
urn:mavedb:00001268-c-1#86,NM_000059.4:c.6958T>C,NA,NA,1.0528236
urn:mavedb:00001268-c-1#87,NM_000059.4:c.6958T>G,NA,NA,0.67997252
urn:mavedb:00001268-c-1#88,NM_000059.4:c.6959T>A,NA,NA,-0.2272329
urn:mavedb:00001268-c-1#89,NM_000059.4:c.6959T>C,NA,NA,1.16950015
urn:mavedb:00001268-c-1#90,NM_000059.4:c.6959T>G,NA,NA,0.78222719
urn:mavedb:00001268-c-1#91,NM_000059.4:c.6960G>A,NA,NA,1.15971251
urn:mavedb:00001268-c-1#92,NM_000059.4:c.6960G>C,NA,NA,0.43334467
urn:mavedb:00001268-c-1#93,NM_000059.4:c.6960G>T,NA,NA,0.23469816
urn:mavedb:00001268-c-1#94,NM_000059.4:c.6961T>A,NA,NA,1.18421815
urn:mavedb:00001268-c-1#95,NM_000059.4:c.6961T>C,NA,NA,0.78652113
urn:mavedb:00001268-c-1#96,NM_000059.4:c.6961T>G,NA,NA,1.29811415
urn:mavedb:00001268-c-1#97,NM_000059.4:c.6962T>A,NA,NA,1.08603735
urn:mavedb:00001268-c-1#98,NM_000059.4:c.6962T>C,NA,NA,1.07379383
urn:mavedb:00001268-c-1#99,NM_000059.4:c.6962T>G,NA,NA,0.63938474
urn:mavedb:00001268-c-1#100,NM_000059.4:c.6963T>A,NA,NA,0.40954882
urn:mavedb:00001268-c-1#101,NM_000059.4:c.6963T>C,NA,NA,1.18794601
urn:mavedb:00001268-c-1#102,NM_000059.4:c.6963T>G,NA,NA,1.30376482
urn:mavedb:00001268-c-1#103,NM_000059.4:c.6964A>C,NA,NA,1.13408551
urn:mavedb:00001268-c-1#104,NM_000059.4:c.6964A>G,NA,NA,1.20235578
urn:mavedb:00001268-c-1#105,NM_000059.4:c.6964A>T,NA,NA,1.34423238
urn:mavedb:00001268-c-1#106,NM_000059.4:c.6965T>A,NA,NA,1.11980025
urn:mavedb:00001268-c-1#107,NM_000059.4:c.6965T>C,NA,NA,1.06810169
urn:mavedb:00001268-c-1#108,NM_000059.4:c.6965T>G,NA,NA,1.06640344
urn:mavedb:00001268-c-1#109,NM_000059.4:c.6966G>A,NA,NA,1.22577526
urn:mavedb:00001268-c-1#110,NM_000059.4:c.6966G>C,NA,NA,0.68299412
urn:mavedb:00001268-c-1#111,NM_000059.4:c.6966G>T,NA,NA,1.03820336
urn:mavedb:00001268-c-1#112,NM_000059.4:c.6967C>A,NA,NA,1.24370233
urn:mavedb:00001268-c-1#113,NM_000059.4:c.6967C>G,NA,NA,0.95713312
urn:mavedb:00001268-c-1#114,NM_000059.4:c.6967C>T,NA,NA,0.8780121
urn:mavedb:00001268-c-1#115,NM_000059.4:c.6968A>C,NA,NA,1.36041872
urn:mavedb:00001268-c-1#116,NM_000059.4:c.6968A>G,NA,NA,1.04875788
urn:mavedb:00001268-c-1#117,NM_000059.4:c.6968A>T,NA,NA,1.01614201
urn:mavedb:00001268-c-1#118,NM_000059.4:c.6969T>A,NA,NA,0.86294223
urn:mavedb:00001268-c-1#119,NM_000059.4:c.6969T>C,NA,NA,0.95982643
urn:mavedb:00001268-c-1#120,NM_000059.4:c.6969T>G,NA,NA,1.06103121
urn:mavedb:00001268-c-1#121,NM_000059.4:c.6970C>A,NA,NA,0.64405505
urn:mavedb:00001268-c-1#122,NM_000059.4:c.6970C>G,NA,NA,1.27753096
urn:mavedb:00001268-c-1#123,NM_000059.4:c.6970C>T,NA,NA,1.01306513
urn:mavedb:00001268-c-1#124,NM_000059.4:c.6971A>C,NA,NA,1.02861589
urn:mavedb:00001268-c-1#125,NM_000059.4:c.6971A>G,NA,NA,0.79958417
urn:mavedb:00001268-c-1#126,NM_000059.4:c.6971A>T,NA,NA,0.96788122
urn:mavedb:00001268-c-1#127,NM_000059.4:c.6972T>A,NA,NA,0.99702473
urn:mavedb:00001268-c-1#128,NM_000059.4:c.6972T>C,NA,NA,1.06234912
urn:mavedb:00001268-c-1#129,NM_000059.4:c.6972T>G,NA,NA,1.29249433
urn:mavedb:00001268-c-1#130,NM_000059.4:c.6973G>A,NA,NA,1.09557072
urn:mavedb:00001268-c-1#131,NM_000059.4:c.6973G>C,NA,NA,0.87964399
urn:mavedb:00001268-c-1#132,NM_000059.4:c.6973G>T,NA,NA,0.90150808
urn:mavedb:00001268-c-1#133,NM_000059.4:c.6974T>A,NA,NA,1.12075444
urn:mavedb:00001268-c-1#134,NM_000059.4:c.6974T>C,NA,NA,1.12683525
urn:mavedb:00001268-c-1#135,NM_000059.4:c.6974T>G,NA,NA,0.98754623
urn:mavedb:00001268-c-1#136,NM_000059.4:c.6975T>A,NA,NA,1.04031104
urn:mavedb:00001268-c-1#137,NM_000059.4:c.6975T>C,NA,NA,0.96025351
urn:mavedb:00001268-c-1#138,NM_000059.4:c.6975T>G,NA,NA,1.0431023
urn:mavedb:00001268-c-1#139,NM_000059.4:c.6976T>A,NA,NA,1.25451526
urn:mavedb:00001268-c-1#140,NM_000059.4:c.6976T>C,NA,NA,1.01986533
urn:mavedb:00001268-c-1#141,NM_000059.4:c.6976T>G,NA,NA,0.8634746
urn:mavedb:00001268-c-1#142,NM_000059.4:c.6977C>A,NA,NA,1.11079179
urn:mavedb:00001268-c-1#143,NM_000059.4:c.6977C>G,NA,NA,1.00434623
urn:mavedb:00001268-c-1#144,NM_000059.4:c.6977C>T,NA,NA,1.07357778
urn:mavedb:00001268-c-1#145,NM_000059.4:c.6978T>A,NA,NA,1.21457634
urn:mavedb:00001268-c-1#146,NM_000059.4:c.6978T>C,NA,NA,1.09099691
urn:mavedb:00001268-c-1#147,NM_000059.4:c.6978T>G,NA,NA,1.02660673
urn:mavedb:00001268-c-1#148,NM_000059.4:c.6979T>A,NA,NA,1.12128345
urn:mavedb:00001268-c-1#149,NM_000059.4:c.6979T>C,NA,NA,0.97069336
urn:mavedb:00001268-c-1#150,NM_000059.4:c.6979T>G,NA,NA,1.09063247
urn:mavedb:00001268-c-1#151,NM_000059.4:c.6980T>A,NA,NA,-0.1235213
urn:mavedb:00001268-c-1#152,NM_000059.4:c.6980T>C,NA,NA,1.04445803
urn:mavedb:00001268-c-1#153,NM_000059.4:c.6980T>G,NA,NA,-0.0329832
urn:mavedb:00001268-c-1#154,NM_000059.4:c.6981A>C,NA,NA,1.0957901
urn:mavedb:00001268-c-1#155,NM_000059.4:c.6981A>G,NA,NA,1.07259653
urn:mavedb:00001268-c-1#156,NM_000059.4:c.6981A>T,NA,NA,1.00134293
urn:mavedb:00001268-c-1#157,NM_000059.4:c.6982G>A,NA,NA,1.14322414
urn:mavedb:00001268-c-1#158,NM_000059.4:c.6982G>C,NA,NA,1.17324336
urn:mavedb:00001268-c-1#159,NM_000059.4:c.6982G>T,NA,NA,0.21670327
urn:mavedb:00001268-c-1#160,NM_000059.4:c.6983A>C,NA,NA,1.13718615
urn:mavedb:00001268-c-1#161,NM_000059.4:c.6983A>G,NA,NA,0.92730991
urn:mavedb:00001268-c-1#162,NM_000059.4:c.6983A>T,NA,NA,1.00968829
urn:mavedb:00001268-c-1#163,NM_000059.4:c.6984G>A,NA,NA,0.8792884
urn:mavedb:00001268-c-1#164,NM_000059.4:c.6984G>C,NA,NA,0.99030898
urn:mavedb:00001268-c-1#165,NM_000059.4:c.6984G>T,NA,NA,0.80325481
urn:mavedb:00001268-c-1#166,NM_000059.4:c.6985C>A,NA,NA,0.77729771
urn:mavedb:00001268-c-1#167,NM_000059.4:c.6985C>G,NA,NA,0.9721052
urn:mavedb:00001268-c-1#168,NM_000059.4:c.6985C>T,NA,NA,0.633453
urn:mavedb:00001268-c-1#169,NM_000059.4:c.6986C>A,NA,NA,0.6507057
urn:mavedb:00001268-c-1#170,NM_000059.4:c.6986C>G,NA,NA,0.89237791
urn:mavedb:00001268-c-1#171,NM_000059.4:c.6986C>T,NA,NA,0.49776991
urn:mavedb:00001268-c-1#172,NM_000059.4:c.6987G>A,NA,NA,0.95744737
urn:mavedb:00001268-c-1#173,NM_000059.4:c.6987G>C,NA,NA,0.86156916
urn:mavedb:00001268-c-1#174,NM_000059.4:c.6987G>T,NA,NA,0.77722732
urn:mavedb:00001268-c-1#175,NM_000059.4:c.6988A>C,NA,NA,1.07110679
urn:mavedb:00001268-c-1#176,NM_000059.4:c.6988A>G,NA,NA,1.15581016
urn:mavedb:00001268-c-1#177,NM_000059.4:c.6988A>T,NA,NA,1.1505242
urn:mavedb:00001268-c-1#178,NM_000059.4:c.6989T>A,NA,NA,1.16852846
urn:mavedb:00001268-c-1#179,NM_000059.4:c.6989T>C,NA,NA,1.06945976
urn:mavedb:00001268-c-1#180,NM_000059.4:c.6989T>G,NA,NA,1.14034787
urn:mavedb:00001268-c-1#181,NM_000059.4:c.6990T>A,NA,NA,0.98834502
urn:mavedb:00001268-c-1#182,NM_000059.4:c.6990T>C,NA,NA,1.17458455
urn:mavedb:00001268-c-1#183,NM_000059.4:c.6990T>G,NA,NA,1.07294963
urn:mavedb:00001268-c-1#184,NM_000059.4:c.6991A>C,NA,NA,1.25651905
urn:mavedb:00001268-c-1#185,NM_000059.4:c.6991A>G,NA,NA,0.9794693
urn:mavedb:00001268-c-1#186,NM_000059.4:c.6991A>T,NA,NA,1.03252556
urn:mavedb:00001268-c-1#187,NM_000059.4:c.6992C>A,NA,NA,1.01475914
urn:mavedb:00001268-c-1#188,NM_000059.4:c.6992C>G,NA,NA,1.16642056
urn:mavedb:00001268-c-1#189,NM_000059.4:c.6992C>T,NA,NA,1.09335108
urn:mavedb:00001268-c-1#190,NM_000059.4:c.6994T>A,NA,NA,1.11286003
urn:mavedb:00001268-c-1#191,NM_000059.4:c.6994T>C,NA,NA,1.06481398
urn:mavedb:00001268-c-1#192,NM_000059.4:c.6994T>G,NA,NA,1.14774288
urn:mavedb:00001268-c-1#193,NM_000059.4:c.6995G>A,NA,NA,1.16206489
urn:mavedb:00001268-c-1#194,NM_000059.4:c.6995G>C,NA,NA,1.17595966
urn:mavedb:00001268-c-1#195,NM_000059.4:c.6995G>T,NA,NA,1.03652891
urn:mavedb:00001268-c-1#196,NM_000059.4:c.6996T>A,NA,NA,-0.4024265
urn:mavedb:00001268-c-1#197,NM_000059.4:c.6996T>C,NA,NA,1.05227538
urn:mavedb:00001268-c-1#198,NM_000059.4:c.6996T>G,NA,NA,1.085771
urn:mavedb:00001268-c-1#199,NM_000059.4:c.6997G>A,NA,NA,0.92121127
urn:mavedb:00001268-c-1#200,NM_000059.4:c.6997G>C,NA,NA,0.60492609
urn:mavedb:00001268-c-1#201,NM_000059.4:c.6997G>T,NA,NA,0.54722417
urn:mavedb:00001268-c-1#202,NM_000059.4:c.6998T>A,NA,NA,1.23230321
urn:mavedb:00001268-c-1#203,NM_000059.4:c.6998T>C,NA,NA,1.12732192
urn:mavedb:00001268-c-1#204,NM_000059.4:c.6998T>G,NA,NA,1.0266841
urn:mavedb:00001268-c-1#205,NM_000059.4:c.6999A>C,NA,NA,1.05569295
urn:mavedb:00001268-c-1#206,NM_000059.4:c.6999A>G,NA,NA,1.05504636
urn:mavedb:00001268-c-1#207,NM_000059.4:c.6999A>T,NA,NA,1.18913789
urn:mavedb:00001268-c-1#208,NM_000059.4:c.7000C>A,NA,NA,1.06281217
urn:mavedb:00001268-c-1#209,NM_000059.4:c.7000C>G,NA,NA,1.11771687
urn:mavedb:00001268-c-1#210,NM_000059.4:c.7000C>T,NA,NA,1.16537992
urn:mavedb:00001268-c-1#211,NM_000059.4:c.7001C>A,NA,NA,1.14297024
urn:mavedb:00001268-c-1#212,NM_000059.4:c.7001C>G,NA,NA,1.05059061
urn:mavedb:00001268-c-1#213,NM_000059.4:c.7001C>T,NA,NA,1.07441782
urn:mavedb:00001268-c-1#214,NM_000059.4:c.7002C>A,NA,NA,1.13148294
urn:mavedb:00001268-c-1#215,NM_000059.4:c.7002C>G,NA,NA,0.91999047
urn:mavedb:00001268-c-1#216,NM_000059.4:c.7002C>T,NA,NA,1.31251904
urn:mavedb:00001268-c-1#217,NM_000059.4:c.7003T>A,NA,NA,1.11190947
urn:mavedb:00001268-c-1#218,NM_000059.4:c.7003T>C,NA,NA,1.06768932
urn:mavedb:00001268-c-1#219,NM_000059.4:c.7003T>G,NA,NA,1.13080244
urn:mavedb:00001268-c-1#220,NM_000059.4:c.7004T>A,NA,NA,1.0293734
urn:mavedb:00001268-c-1#221,NM_000059.4:c.7004T>C,NA,NA,1.21326766
urn:mavedb:00001268-c-1#222,NM_000059.4:c.7004T>G,NA,NA,1.12274556
urn:mavedb:00001268-c-1#223,NM_000059.4:c.7005T>A,NA,NA,1.07123967
urn:mavedb:00001268-c-1#224,NM_000059.4:c.7005T>C,NA,NA,1.14460496
urn:mavedb:00001268-c-1#225,NM_000059.4:c.7005T>G,NA,NA,0.9563768
urn:mavedb:00001268-c-1#226,NM_000059.4:c.7006C>A,NA,NA,1.00282698
urn:mavedb:00001268-c-1#227,NM_000059.4:c.7006C>G,NA,NA,0.2689479
urn:mavedb:00001268-c-1#228,NM_000059.4:c.7006C>T,NA,NA,1.05663579
urn:mavedb:00001268-c-1#229,NM_000059.4:c.7007G>A,NA,NA,0.11918781
urn:mavedb:00001268-c-1#230,NM_000059.4:c.7007G>C,NA,NA,0.42922331
urn:mavedb:00001268-c-1#231,NM_000059.4:c.7007G>T,NA,NA,0.35498525
urn:mavedb:00001268-c-1#232,NM_000059.4:c.7007+1G>T,NA,NA,0.15688461
urn:mavedb:00001268-c-1#233,NM_000059.4:c.7007+1G>C,NA,NA,0.46806977
urn:mavedb:00001268-c-1#234,NM_000059.4:c.7007+1G>A,NA,NA,-0.0785763
urn:mavedb:00001268-c-1#235,NM_000059.4:c.7007+2T>C,NA,NA,-0.2783004
urn:mavedb:00001268-c-1#236,NM_000059.4:c.7007+2T>G,NA,NA,-0.0680229
urn:mavedb:00001268-c-1#237,NM_000059.4:c.7007+2T>A,NA,NA,-0.1238623
urn:mavedb:00001268-c-1#238,NM_000059.4:c.7007+3A>G,NA,NA,-0.1825978
urn:mavedb:00001268-c-1#239,NM_000059.4:c.7007+3A>T,NA,NA,0.59375816
urn:mavedb:00001268-c-1#240,NM_000059.4:c.7007+3A>C,NA,NA,-0.529176
urn:mavedb:00001268-c-1#241,NM_000059.4:c.7007+4A>T,NA,NA,-0.3249931
urn:mavedb:00001268-c-1#242,NM_000059.4:c.7007+4A>G,NA,NA,-0.0511049
urn:mavedb:00001268-c-1#243,NM_000059.4:c.7007+4A>C,NA,NA,-0.0535057
urn:mavedb:00001268-c-1#244,NM_000059.4:c.7007+5G>T,NA,NA,0.14120573
urn:mavedb:00001268-c-1#245,NM_000059.4:c.7007+5G>A,NA,NA,0.28960155
urn:mavedb:00001268-c-1#246,NM_000059.4:c.7007+5G>C,NA,NA,0.22746106
urn:mavedb:00001268-c-1#247,NM_000059.4:c.7007+6A>T,NA,NA,1.13260467
urn:mavedb:00001268-c-1#248,NM_000059.4:c.7007+6A>G,NA,NA,1.11492597
urn:mavedb:00001268-c-1#249,NM_000059.4:c.7007+6A>C,NA,NA,1.12741664
urn:mavedb:00001268-c-1#250,NM_000059.4:c.7007+7C>T,NA,NA,1.17723872
urn:mavedb:00001268-c-1#251,NM_000059.4:c.7007+7C>G,NA,NA,1.08135137
urn:mavedb:00001268-c-1#252,NM_000059.4:c.7007+7C>A,NA,NA,0.97178015
