task,gene,assay_id,rows
activity,HRAS,RASH_HUMAN_Bandaru_2017,3134
consensus,ADSL,gate_consensus,8784
consensus,AIRE,gate_consensus,9790
consensus,ASPA,gate_consensus,5843
consensus,BRCA1,gate_consensus,7045
consensus,BRCA2,gate_consensus,462
consensus,CBS,gate_consensus,10450
consensus,CRX,gate_consensus,5284
consensus,FKRP,gate_consensus,2878
consensus,HMGCR,gate_consensus,16853
consensus,JAG1,gate_consensus,1969
consensus,KCNE1,gate_consensus,2328
consensus,KCNQ1,gate_consensus,62
consensus,KCNQ2,gate_consensus,301
consensus,KRAS,gate_consensus,3320
consensus,LARGE1,gate_consensus,4484
consensus,MAPK1,gate_consensus,6810
consensus,MTHFR,gate_consensus,12464
consensus,OTC,gate_consensus,1570
consensus,PALB2,gate_consensus,6718
consensus,PAX6,gate_consensus,2719
consensus,PSAT1,gate_consensus,1915
consensus,PTEN,gate_consensus,7504
consensus,SPOP,gate_consensus,6261
consensus,SUMO1,gate_consensus,1919
consensus,TSC2,gate_consensus,9001
fitness,DLG4,DLG4_HUMAN_Faure_2021,1280
fitness,GDI1,GDIA_HUMAN_Silverstein_2021,1154
fitness,SHOC2,SHOC2_HUMAN_Kwon_2022,10972
fitness,TPK1,TPK1_HUMAN_Weile_2017,3181
stability,UBR5,UBR5_HUMAN_Tsuboyama_2023_1I2T,1094
