assay_key,gene,loaded_rows,missing_provenance_item,searched,status,note
ADSL::gate_consensus,ADSL,8784,constituent_assay_identifiers,"Checked the supplied corpus, README_ndd_training_corpus_v3.txt, prepared/audit/assay_metadata.csv and the V4 build script for a constituent-assay manifest or aggregation rule.",original_provenance_missing,"Measurement values, identifiers and orientation=as_supplied are retained unchanged; no experimental context was attributed."
ADSL::gate_consensus,ADSL,8784,raw_phenotype_column_per_constituent_assay,"Checked the supplied corpus, README_ndd_training_corpus_v3.txt, prepared/audit/assay_metadata.csv and the V4 build script for a constituent-assay manifest or aggregation rule.",original_provenance_missing,"Measurement values, identifiers and orientation=as_supplied are retained unchanged; no experimental context was attributed."
ADSL::gate_consensus,ADSL,8784,score_transform_and_sign_per_constituent_assay,"Checked the supplied corpus, README_ndd_training_corpus_v3.txt, prepared/audit/assay_metadata.csv and the V4 build script for a constituent-assay manifest or aggregation rule.",original_provenance_missing,"Measurement values, identifiers and orientation=as_supplied are retained unchanged; no experimental context was attributed."
ADSL::gate_consensus,ADSL,8784,aggregation_weights_or_rules,"Checked the supplied corpus, README_ndd_training_corpus_v3.txt, prepared/audit/assay_metadata.csv and the V4 build script for a constituent-assay manifest or aggregation rule.",original_provenance_missing,"Measurement values, identifiers and orientation=as_supplied are retained unchanged; no experimental context was attributed."
ADSL::gate_consensus,ADSL,8784,construct_and_coordinate_mapping_per_constituent_assay,"Checked the supplied corpus, README_ndd_training_corpus_v3.txt, prepared/audit/assay_metadata.csv and the V4 build script for a constituent-assay manifest or aggregation rule.",original_provenance_missing,"Measurement values, identifiers and orientation=as_supplied are retained unchanged; no experimental context was attributed."
AIRE::gate_consensus,AIRE,9790,constituent_assay_identifiers,"Checked the supplied corpus, README_ndd_training_corpus_v3.txt, prepared/audit/assay_metadata.csv and the V4 build script for a constituent-assay manifest or aggregation rule.",original_provenance_missing,"Measurement values, identifiers and orientation=as_supplied are retained unchanged; no experimental context was attributed."
AIRE::gate_consensus,AIRE,9790,raw_phenotype_column_per_constituent_assay,"Checked the supplied corpus, README_ndd_training_corpus_v3.txt, prepared/audit/assay_metadata.csv and the V4 build script for a constituent-assay manifest or aggregation rule.",original_provenance_missing,"Measurement values, identifiers and orientation=as_supplied are retained unchanged; no experimental context was attributed."
AIRE::gate_consensus,AIRE,9790,score_transform_and_sign_per_constituent_assay,"Checked the supplied corpus, README_ndd_training_corpus_v3.txt, prepared/audit/assay_metadata.csv and the V4 build script for a constituent-assay manifest or aggregation rule.",original_provenance_missing,"Measurement values, identifiers and orientation=as_supplied are retained unchanged; no experimental context was attributed."
AIRE::gate_consensus,AIRE,9790,aggregation_weights_or_rules,"Checked the supplied corpus, README_ndd_training_corpus_v3.txt, prepared/audit/assay_metadata.csv and the V4 build script for a constituent-assay manifest or aggregation rule.",original_provenance_missing,"Measurement values, identifiers and orientation=as_supplied are retained unchanged; no experimental context was attributed."
AIRE::gate_consensus,AIRE,9790,construct_and_coordinate_mapping_per_constituent_assay,"Checked the supplied corpus, README_ndd_training_corpus_v3.txt, prepared/audit/assay_metadata.csv and the V4 build script for a constituent-assay manifest or aggregation rule.",original_provenance_missing,"Measurement values, identifiers and orientation=as_supplied are retained unchanged; no experimental context was attributed."
ASPA::gate_consensus,ASPA,5843,constituent_assay_identifiers,"Checked the supplied corpus, README_ndd_training_corpus_v3.txt, prepared/audit/assay_metadata.csv and the V4 build script for a constituent-assay manifest or aggregation rule.",original_provenance_missing,"Measurement values, identifiers and orientation=as_supplied are retained unchanged; no experimental context was attributed."
ASPA::gate_consensus,ASPA,5843,raw_phenotype_column_per_constituent_assay,"Checked the supplied corpus, README_ndd_training_corpus_v3.txt, prepared/audit/assay_metadata.csv and the V4 build script for a constituent-assay manifest or aggregation rule.",original_provenance_missing,"Measurement values, identifiers and orientation=as_supplied are retained unchanged; no experimental context was attributed."
ASPA::gate_consensus,ASPA,5843,score_transform_and_sign_per_constituent_assay,"Checked the supplied corpus, README_ndd_training_corpus_v3.txt, prepared/audit/assay_metadata.csv and the V4 build script for a constituent-assay manifest or aggregation rule.",original_provenance_missing,"Measurement values, identifiers and orientation=as_supplied are retained unchanged; no experimental context was attributed."
ASPA::gate_consensus,ASPA,5843,aggregation_weights_or_rules,"Checked the supplied corpus, README_ndd_training_corpus_v3.txt, prepared/audit/assay_metadata.csv and the V4 build script for a constituent-assay manifest or aggregation rule.",original_provenance_missing,"Measurement values, identifiers and orientation=as_supplied are retained unchanged; no experimental context was attributed."
ASPA::gate_consensus,ASPA,5843,construct_and_coordinate_mapping_per_constituent_assay,"Checked the supplied corpus, README_ndd_training_corpus_v3.txt, prepared/audit/assay_metadata.csv and the V4 build script for a constituent-assay manifest or aggregation rule.",original_provenance_missing,"Measurement values, identifiers and orientation=as_supplied are retained unchanged; no experimental context was attributed."
BRCA1::gate_consensus,BRCA1,7045,constituent_assay_identifiers,"Checked the supplied corpus, README_ndd_training_corpus_v3.txt, prepared/audit/assay_metadata.csv and the V4 build script for a constituent-assay manifest or aggregation rule.",original_provenance_missing,"Measurement values, identifiers and orientation=as_supplied are retained unchanged; no experimental context was attributed."
BRCA1::gate_consensus,BRCA1,7045,raw_phenotype_column_per_constituent_assay,"Checked the supplied corpus, README_ndd_training_corpus_v3.txt, prepared/audit/assay_metadata.csv and the V4 build script for a constituent-assay manifest or aggregation rule.",original_provenance_missing,"Measurement values, identifiers and orientation=as_supplied are retained unchanged; no experimental context was attributed."
BRCA1::gate_consensus,BRCA1,7045,score_transform_and_sign_per_constituent_assay,"Checked the supplied corpus, README_ndd_training_corpus_v3.txt, prepared/audit/assay_metadata.csv and the V4 build script for a constituent-assay manifest or aggregation rule.",original_provenance_missing,"Measurement values, identifiers and orientation=as_supplied are retained unchanged; no experimental context was attributed."
BRCA1::gate_consensus,BRCA1,7045,aggregation_weights_or_rules,"Checked the supplied corpus, README_ndd_training_corpus_v3.txt, prepared/audit/assay_metadata.csv and the V4 build script for a constituent-assay manifest or aggregation rule.",original_provenance_missing,"Measurement values, identifiers and orientation=as_supplied are retained unchanged; no experimental context was attributed."
BRCA1::gate_consensus,BRCA1,7045,construct_and_coordinate_mapping_per_constituent_assay,"Checked the supplied corpus, README_ndd_training_corpus_v3.txt, prepared/audit/assay_metadata.csv and the V4 build script for a constituent-assay manifest or aggregation rule.",original_provenance_missing,"Measurement values, identifiers and orientation=as_supplied are retained unchanged; no experimental context was attributed."
BRCA2::gate_consensus,BRCA2,462,constituent_assay_identifiers,"Checked the supplied corpus, README_ndd_training_corpus_v3.txt, prepared/audit/assay_metadata.csv and the V4 build script for a constituent-assay manifest or aggregation rule.",original_provenance_missing,"Measurement values, identifiers and orientation=as_supplied are retained unchanged; no experimental context was attributed."
BRCA2::gate_consensus,BRCA2,462,raw_phenotype_column_per_constituent_assay,"Checked the supplied corpus, README_ndd_training_corpus_v3.txt, prepared/audit/assay_metadata.csv and the V4 build script for a constituent-assay manifest or aggregation rule.",original_provenance_missing,"Measurement values, identifiers and orientation=as_supplied are retained unchanged; no experimental context was attributed."
BRCA2::gate_consensus,BRCA2,462,score_transform_and_sign_per_constituent_assay,"Checked the supplied corpus, README_ndd_training_corpus_v3.txt, prepared/audit/assay_metadata.csv and the V4 build script for a constituent-assay manifest or aggregation rule.",original_provenance_missing,"Measurement values, identifiers and orientation=as_supplied are retained unchanged; no experimental context was attributed."
BRCA2::gate_consensus,BRCA2,462,aggregation_weights_or_rules,"Checked the supplied corpus, README_ndd_training_corpus_v3.txt, prepared/audit/assay_metadata.csv and the V4 build script for a constituent-assay manifest or aggregation rule.",original_provenance_missing,"Measurement values, identifiers and orientation=as_supplied are retained unchanged; no experimental context was attributed."
BRCA2::gate_consensus,BRCA2,462,construct_and_coordinate_mapping_per_constituent_assay,"Checked the supplied corpus, README_ndd_training_corpus_v3.txt, prepared/audit/assay_metadata.csv and the V4 build script for a constituent-assay manifest or aggregation rule.",original_provenance_missing,"Measurement values, identifiers and orientation=as_supplied are retained unchanged; no experimental context was attributed."
CBS::gate_consensus,CBS,10450,constituent_assay_identifiers,"Checked the supplied corpus, README_ndd_training_corpus_v3.txt, prepared/audit/assay_metadata.csv and the V4 build script for a constituent-assay manifest or aggregation rule.",original_provenance_missing,"Measurement values, identifiers and orientation=as_supplied are retained unchanged; no experimental context was attributed."
CBS::gate_consensus,CBS,10450,raw_phenotype_column_per_constituent_assay,"Checked the supplied corpus, README_ndd_training_corpus_v3.txt, prepared/audit/assay_metadata.csv and the V4 build script for a constituent-assay manifest or aggregation rule.",original_provenance_missing,"Measurement values, identifiers and orientation=as_supplied are retained unchanged; no experimental context was attributed."
CBS::gate_consensus,CBS,10450,score_transform_and_sign_per_constituent_assay,"Checked the supplied corpus, README_ndd_training_corpus_v3.txt, prepared/audit/assay_metadata.csv and the V4 build script for a constituent-assay manifest or aggregation rule.",original_provenance_missing,"Measurement values, identifiers and orientation=as_supplied are retained unchanged; no experimental context was attributed."
CBS::gate_consensus,CBS,10450,aggregation_weights_or_rules,"Checked the supplied corpus, README_ndd_training_corpus_v3.txt, prepared/audit/assay_metadata.csv and the V4 build script for a constituent-assay manifest or aggregation rule.",original_provenance_missing,"Measurement values, identifiers and orientation=as_supplied are retained unchanged; no experimental context was attributed."
CBS::gate_consensus,CBS,10450,construct_and_coordinate_mapping_per_constituent_assay,"Checked the supplied corpus, README_ndd_training_corpus_v3.txt, prepared/audit/assay_metadata.csv and the V4 build script for a constituent-assay manifest or aggregation rule.",original_provenance_missing,"Measurement values, identifiers and orientation=as_supplied are retained unchanged; no experimental context was attributed."
CRX::gate_consensus,CRX,5284,constituent_assay_identifiers,"Checked the supplied corpus, README_ndd_training_corpus_v3.txt, prepared/audit/assay_metadata.csv and the V4 build script for a constituent-assay manifest or aggregation rule.",original_provenance_missing,"Measurement values, identifiers and orientation=as_supplied are retained unchanged; no experimental context was attributed."
CRX::gate_consensus,CRX,5284,raw_phenotype_column_per_constituent_assay,"Checked the supplied corpus, README_ndd_training_corpus_v3.txt, prepared/audit/assay_metadata.csv and the V4 build script for a constituent-assay manifest or aggregation rule.",original_provenance_missing,"Measurement values, identifiers and orientation=as_supplied are retained unchanged; no experimental context was attributed."
CRX::gate_consensus,CRX,5284,score_transform_and_sign_per_constituent_assay,"Checked the supplied corpus, README_ndd_training_corpus_v3.txt, prepared/audit/assay_metadata.csv and the V4 build script for a constituent-assay manifest or aggregation rule.",original_provenance_missing,"Measurement values, identifiers and orientation=as_supplied are retained unchanged; no experimental context was attributed."
CRX::gate_consensus,CRX,5284,aggregation_weights_or_rules,"Checked the supplied corpus, README_ndd_training_corpus_v3.txt, prepared/audit/assay_metadata.csv and the V4 build script for a constituent-assay manifest or aggregation rule.",original_provenance_missing,"Measurement values, identifiers and orientation=as_supplied are retained unchanged; no experimental context was attributed."
CRX::gate_consensus,CRX,5284,construct_and_coordinate_mapping_per_constituent_assay,"Checked the supplied corpus, README_ndd_training_corpus_v3.txt, prepared/audit/assay_metadata.csv and the V4 build script for a constituent-assay manifest or aggregation rule.",original_provenance_missing,"Measurement values, identifiers and orientation=as_supplied are retained unchanged; no experimental context was attributed."
FKRP::gate_consensus,FKRP,2878,constituent_assay_identifiers,"Checked the supplied corpus, README_ndd_training_corpus_v3.txt, prepared/audit/assay_metadata.csv and the V4 build script for a constituent-assay manifest or aggregation rule.",original_provenance_missing,"Measurement values, identifiers and orientation=as_supplied are retained unchanged; no experimental context was attributed."
FKRP::gate_consensus,FKRP,2878,raw_phenotype_column_per_constituent_assay,"Checked the supplied corpus, README_ndd_training_corpus_v3.txt, prepared/audit/assay_metadata.csv and the V4 build script for a constituent-assay manifest or aggregation rule.",original_provenance_missing,"Measurement values, identifiers and orientation=as_supplied are retained unchanged; no experimental context was attributed."
FKRP::gate_consensus,FKRP,2878,score_transform_and_sign_per_constituent_assay,"Checked the supplied corpus, README_ndd_training_corpus_v3.txt, prepared/audit/assay_metadata.csv and the V4 build script for a constituent-assay manifest or aggregation rule.",original_provenance_missing,"Measurement values, identifiers and orientation=as_supplied are retained unchanged; no experimental context was attributed."
FKRP::gate_consensus,FKRP,2878,aggregation_weights_or_rules,"Checked the supplied corpus, README_ndd_training_corpus_v3.txt, prepared/audit/assay_metadata.csv and the V4 build script for a constituent-assay manifest or aggregation rule.",original_provenance_missing,"Measurement values, identifiers and orientation=as_supplied are retained unchanged; no experimental context was attributed."
FKRP::gate_consensus,FKRP,2878,construct_and_coordinate_mapping_per_constituent_assay,"Checked the supplied corpus, README_ndd_training_corpus_v3.txt, prepared/audit/assay_metadata.csv and the V4 build script for a constituent-assay manifest or aggregation rule.",original_provenance_missing,"Measurement values, identifiers and orientation=as_supplied are retained unchanged; no experimental context was attributed."
HMGCR::gate_consensus,HMGCR,16853,constituent_assay_identifiers,"Checked the supplied corpus, README_ndd_training_corpus_v3.txt, prepared/audit/assay_metadata.csv and the V4 build script for a constituent-assay manifest or aggregation rule.",original_provenance_missing,"Measurement values, identifiers and orientation=as_supplied are retained unchanged; no experimental context was attributed."
HMGCR::gate_consensus,HMGCR,16853,raw_phenotype_column_per_constituent_assay,"Checked the supplied corpus, README_ndd_training_corpus_v3.txt, prepared/audit/assay_metadata.csv and the V4 build script for a constituent-assay manifest or aggregation rule.",original_provenance_missing,"Measurement values, identifiers and orientation=as_supplied are retained unchanged; no experimental context was attributed."
HMGCR::gate_consensus,HMGCR,16853,score_transform_and_sign_per_constituent_assay,"Checked the supplied corpus, README_ndd_training_corpus_v3.txt, prepared/audit/assay_metadata.csv and the V4 build script for a constituent-assay manifest or aggregation rule.",original_provenance_missing,"Measurement values, identifiers and orientation=as_supplied are retained unchanged; no experimental context was attributed."
HMGCR::gate_consensus,HMGCR,16853,aggregation_weights_or_rules,"Checked the supplied corpus, README_ndd_training_corpus_v3.txt, prepared/audit/assay_metadata.csv and the V4 build script for a constituent-assay manifest or aggregation rule.",original_provenance_missing,"Measurement values, identifiers and orientation=as_supplied are retained unchanged; no experimental context was attributed."
HMGCR::gate_consensus,HMGCR,16853,construct_and_coordinate_mapping_per_constituent_assay,"Checked the supplied corpus, README_ndd_training_corpus_v3.txt, prepared/audit/assay_metadata.csv and the V4 build script for a constituent-assay manifest or aggregation rule.",original_provenance_missing,"Measurement values, identifiers and orientation=as_supplied are retained unchanged; no experimental context was attributed."
JAG1::gate_consensus,JAG1,1969,constituent_assay_identifiers,"Checked the supplied corpus, README_ndd_training_corpus_v3.txt, prepared/audit/assay_metadata.csv and the V4 build script for a constituent-assay manifest or aggregation rule.",original_provenance_missing,"Measurement values, identifiers and orientation=as_supplied are retained unchanged; no experimental context was attributed."
JAG1::gate_consensus,JAG1,1969,raw_phenotype_column_per_constituent_assay,"Checked the supplied corpus, README_ndd_training_corpus_v3.txt, prepared/audit/assay_metadata.csv and the V4 build script for a constituent-assay manifest or aggregation rule.",original_provenance_missing,"Measurement values, identifiers and orientation=as_supplied are retained unchanged; no experimental context was attributed."
JAG1::gate_consensus,JAG1,1969,score_transform_and_sign_per_constituent_assay,"Checked the supplied corpus, README_ndd_training_corpus_v3.txt, prepared/audit/assay_metadata.csv and the V4 build script for a constituent-assay manifest or aggregation rule.",original_provenance_missing,"Measurement values, identifiers and orientation=as_supplied are retained unchanged; no experimental context was attributed."
JAG1::gate_consensus,JAG1,1969,aggregation_weights_or_rules,"Checked the supplied corpus, README_ndd_training_corpus_v3.txt, prepared/audit/assay_metadata.csv and the V4 build script for a constituent-assay manifest or aggregation rule.",original_provenance_missing,"Measurement values, identifiers and orientation=as_supplied are retained unchanged; no experimental context was attributed."
JAG1::gate_consensus,JAG1,1969,construct_and_coordinate_mapping_per_constituent_assay,"Checked the supplied corpus, README_ndd_training_corpus_v3.txt, prepared/audit/assay_metadata.csv and the V4 build script for a constituent-assay manifest or aggregation rule.",original_provenance_missing,"Measurement values, identifiers and orientation=as_supplied are retained unchanged; no experimental context was attributed."
KCNE1::gate_consensus,KCNE1,2328,constituent_assay_identifiers,"Checked the supplied corpus, README_ndd_training_corpus_v3.txt, prepared/audit/assay_metadata.csv and the V4 build script for a constituent-assay manifest or aggregation rule.",original_provenance_missing,"Measurement values, identifiers and orientation=as_supplied are retained unchanged; no experimental context was attributed."
KCNE1::gate_consensus,KCNE1,2328,raw_phenotype_column_per_constituent_assay,"Checked the supplied corpus, README_ndd_training_corpus_v3.txt, prepared/audit/assay_metadata.csv and the V4 build script for a constituent-assay manifest or aggregation rule.",original_provenance_missing,"Measurement values, identifiers and orientation=as_supplied are retained unchanged; no experimental context was attributed."
KCNE1::gate_consensus,KCNE1,2328,score_transform_and_sign_per_constituent_assay,"Checked the supplied corpus, README_ndd_training_corpus_v3.txt, prepared/audit/assay_metadata.csv and the V4 build script for a constituent-assay manifest or aggregation rule.",original_provenance_missing,"Measurement values, identifiers and orientation=as_supplied are retained unchanged; no experimental context was attributed."
KCNE1::gate_consensus,KCNE1,2328,aggregation_weights_or_rules,"Checked the supplied corpus, README_ndd_training_corpus_v3.txt, prepared/audit/assay_metadata.csv and the V4 build script for a constituent-assay manifest or aggregation rule.",original_provenance_missing,"Measurement values, identifiers and orientation=as_supplied are retained unchanged; no experimental context was attributed."
KCNE1::gate_consensus,KCNE1,2328,construct_and_coordinate_mapping_per_constituent_assay,"Checked the supplied corpus, README_ndd_training_corpus_v3.txt, prepared/audit/assay_metadata.csv and the V4 build script for a constituent-assay manifest or aggregation rule.",original_provenance_missing,"Measurement values, identifiers and orientation=as_supplied are retained unchanged; no experimental context was attributed."
KCNQ1::gate_consensus,KCNQ1,62,constituent_assay_identifiers,"Checked the supplied corpus, README_ndd_training_corpus_v3.txt, prepared/audit/assay_metadata.csv and the V4 build script for a constituent-assay manifest or aggregation rule.",original_provenance_missing,"Measurement values, identifiers and orientation=as_supplied are retained unchanged; no experimental context was attributed."
KCNQ1::gate_consensus,KCNQ1,62,raw_phenotype_column_per_constituent_assay,"Checked the supplied corpus, README_ndd_training_corpus_v3.txt, prepared/audit/assay_metadata.csv and the V4 build script for a constituent-assay manifest or aggregation rule.",original_provenance_missing,"Measurement values, identifiers and orientation=as_supplied are retained unchanged; no experimental context was attributed."
KCNQ1::gate_consensus,KCNQ1,62,score_transform_and_sign_per_constituent_assay,"Checked the supplied corpus, README_ndd_training_corpus_v3.txt, prepared/audit/assay_metadata.csv and the V4 build script for a constituent-assay manifest or aggregation rule.",original_provenance_missing,"Measurement values, identifiers and orientation=as_supplied are retained unchanged; no experimental context was attributed."
KCNQ1::gate_consensus,KCNQ1,62,aggregation_weights_or_rules,"Checked the supplied corpus, README_ndd_training_corpus_v3.txt, prepared/audit/assay_metadata.csv and the V4 build script for a constituent-assay manifest or aggregation rule.",original_provenance_missing,"Measurement values, identifiers and orientation=as_supplied are retained unchanged; no experimental context was attributed."
KCNQ1::gate_consensus,KCNQ1,62,construct_and_coordinate_mapping_per_constituent_assay,"Checked the supplied corpus, README_ndd_training_corpus_v3.txt, prepared/audit/assay_metadata.csv and the V4 build script for a constituent-assay manifest or aggregation rule.",original_provenance_missing,"Measurement values, identifiers and orientation=as_supplied are retained unchanged; no experimental context was attributed."
KCNQ2::gate_consensus,KCNQ2,301,constituent_assay_identifiers,"Checked the supplied corpus, README_ndd_training_corpus_v3.txt, prepared/audit/assay_metadata.csv and the V4 build script for a constituent-assay manifest or aggregation rule.",original_provenance_missing,"Measurement values, identifiers and orientation=as_supplied are retained unchanged; no experimental context was attributed."
KCNQ2::gate_consensus,KCNQ2,301,raw_phenotype_column_per_constituent_assay,"Checked the supplied corpus, README_ndd_training_corpus_v3.txt, prepared/audit/assay_metadata.csv and the V4 build script for a constituent-assay manifest or aggregation rule.",original_provenance_missing,"Measurement values, identifiers and orientation=as_supplied are retained unchanged; no experimental context was attributed."
KCNQ2::gate_consensus,KCNQ2,301,score_transform_and_sign_per_constituent_assay,"Checked the supplied corpus, README_ndd_training_corpus_v3.txt, prepared/audit/assay_metadata.csv and the V4 build script for a constituent-assay manifest or aggregation rule.",original_provenance_missing,"Measurement values, identifiers and orientation=as_supplied are retained unchanged; no experimental context was attributed."
KCNQ2::gate_consensus,KCNQ2,301,aggregation_weights_or_rules,"Checked the supplied corpus, README_ndd_training_corpus_v3.txt, prepared/audit/assay_metadata.csv and the V4 build script for a constituent-assay manifest or aggregation rule.",original_provenance_missing,"Measurement values, identifiers and orientation=as_supplied are retained unchanged; no experimental context was attributed."
KCNQ2::gate_consensus,KCNQ2,301,construct_and_coordinate_mapping_per_constituent_assay,"Checked the supplied corpus, README_ndd_training_corpus_v3.txt, prepared/audit/assay_metadata.csv and the V4 build script for a constituent-assay manifest or aggregation rule.",original_provenance_missing,"Measurement values, identifiers and orientation=as_supplied are retained unchanged; no experimental context was attributed."
KRAS::gate_consensus,KRAS,3320,constituent_assay_identifiers,"Checked the supplied corpus, README_ndd_training_corpus_v3.txt, prepared/audit/assay_metadata.csv and the V4 build script for a constituent-assay manifest or aggregation rule.",original_provenance_missing,"Measurement values, identifiers and orientation=as_supplied are retained unchanged; no experimental context was attributed."
KRAS::gate_consensus,KRAS,3320,raw_phenotype_column_per_constituent_assay,"Checked the supplied corpus, README_ndd_training_corpus_v3.txt, prepared/audit/assay_metadata.csv and the V4 build script for a constituent-assay manifest or aggregation rule.",original_provenance_missing,"Measurement values, identifiers and orientation=as_supplied are retained unchanged; no experimental context was attributed."
KRAS::gate_consensus,KRAS,3320,score_transform_and_sign_per_constituent_assay,"Checked the supplied corpus, README_ndd_training_corpus_v3.txt, prepared/audit/assay_metadata.csv and the V4 build script for a constituent-assay manifest or aggregation rule.",original_provenance_missing,"Measurement values, identifiers and orientation=as_supplied are retained unchanged; no experimental context was attributed."
KRAS::gate_consensus,KRAS,3320,aggregation_weights_or_rules,"Checked the supplied corpus, README_ndd_training_corpus_v3.txt, prepared/audit/assay_metadata.csv and the V4 build script for a constituent-assay manifest or aggregation rule.",original_provenance_missing,"Measurement values, identifiers and orientation=as_supplied are retained unchanged; no experimental context was attributed."
KRAS::gate_consensus,KRAS,3320,construct_and_coordinate_mapping_per_constituent_assay,"Checked the supplied corpus, README_ndd_training_corpus_v3.txt, prepared/audit/assay_metadata.csv and the V4 build script for a constituent-assay manifest or aggregation rule.",original_provenance_missing,"Measurement values, identifiers and orientation=as_supplied are retained unchanged; no experimental context was attributed."
LARGE1::gate_consensus,LARGE1,4484,constituent_assay_identifiers,"Checked the supplied corpus, README_ndd_training_corpus_v3.txt, prepared/audit/assay_metadata.csv and the V4 build script for a constituent-assay manifest or aggregation rule.",original_provenance_missing,"Measurement values, identifiers and orientation=as_supplied are retained unchanged; no experimental context was attributed."
LARGE1::gate_consensus,LARGE1,4484,raw_phenotype_column_per_constituent_assay,"Checked the supplied corpus, README_ndd_training_corpus_v3.txt, prepared/audit/assay_metadata.csv and the V4 build script for a constituent-assay manifest or aggregation rule.",original_provenance_missing,"Measurement values, identifiers and orientation=as_supplied are retained unchanged; no experimental context was attributed."
LARGE1::gate_consensus,LARGE1,4484,score_transform_and_sign_per_constituent_assay,"Checked the supplied corpus, README_ndd_training_corpus_v3.txt, prepared/audit/assay_metadata.csv and the V4 build script for a constituent-assay manifest or aggregation rule.",original_provenance_missing,"Measurement values, identifiers and orientation=as_supplied are retained unchanged; no experimental context was attributed."
LARGE1::gate_consensus,LARGE1,4484,aggregation_weights_or_rules,"Checked the supplied corpus, README_ndd_training_corpus_v3.txt, prepared/audit/assay_metadata.csv and the V4 build script for a constituent-assay manifest or aggregation rule.",original_provenance_missing,"Measurement values, identifiers and orientation=as_supplied are retained unchanged; no experimental context was attributed."
LARGE1::gate_consensus,LARGE1,4484,construct_and_coordinate_mapping_per_constituent_assay,"Checked the supplied corpus, README_ndd_training_corpus_v3.txt, prepared/audit/assay_metadata.csv and the V4 build script for a constituent-assay manifest or aggregation rule.",original_provenance_missing,"Measurement values, identifiers and orientation=as_supplied are retained unchanged; no experimental context was attributed."
MAPK1::gate_consensus,MAPK1,6810,constituent_assay_identifiers,"Checked the supplied corpus, README_ndd_training_corpus_v3.txt, prepared/audit/assay_metadata.csv and the V4 build script for a constituent-assay manifest or aggregation rule.",original_provenance_missing,"Measurement values, identifiers and orientation=as_supplied are retained unchanged; no experimental context was attributed."
MAPK1::gate_consensus,MAPK1,6810,raw_phenotype_column_per_constituent_assay,"Checked the supplied corpus, README_ndd_training_corpus_v3.txt, prepared/audit/assay_metadata.csv and the V4 build script for a constituent-assay manifest or aggregation rule.",original_provenance_missing,"Measurement values, identifiers and orientation=as_supplied are retained unchanged; no experimental context was attributed."
MAPK1::gate_consensus,MAPK1,6810,score_transform_and_sign_per_constituent_assay,"Checked the supplied corpus, README_ndd_training_corpus_v3.txt, prepared/audit/assay_metadata.csv and the V4 build script for a constituent-assay manifest or aggregation rule.",original_provenance_missing,"Measurement values, identifiers and orientation=as_supplied are retained unchanged; no experimental context was attributed."
MAPK1::gate_consensus,MAPK1,6810,aggregation_weights_or_rules,"Checked the supplied corpus, README_ndd_training_corpus_v3.txt, prepared/audit/assay_metadata.csv and the V4 build script for a constituent-assay manifest or aggregation rule.",original_provenance_missing,"Measurement values, identifiers and orientation=as_supplied are retained unchanged; no experimental context was attributed."
MAPK1::gate_consensus,MAPK1,6810,construct_and_coordinate_mapping_per_constituent_assay,"Checked the supplied corpus, README_ndd_training_corpus_v3.txt, prepared/audit/assay_metadata.csv and the V4 build script for a constituent-assay manifest or aggregation rule.",original_provenance_missing,"Measurement values, identifiers and orientation=as_supplied are retained unchanged; no experimental context was attributed."
MTHFR::gate_consensus,MTHFR,12464,constituent_assay_identifiers,"Checked the supplied corpus, README_ndd_training_corpus_v3.txt, prepared/audit/assay_metadata.csv and the V4 build script for a constituent-assay manifest or aggregation rule.",original_provenance_missing,"Measurement values, identifiers and orientation=as_supplied are retained unchanged; no experimental context was attributed."
MTHFR::gate_consensus,MTHFR,12464,raw_phenotype_column_per_constituent_assay,"Checked the supplied corpus, README_ndd_training_corpus_v3.txt, prepared/audit/assay_metadata.csv and the V4 build script for a constituent-assay manifest or aggregation rule.",original_provenance_missing,"Measurement values, identifiers and orientation=as_supplied are retained unchanged; no experimental context was attributed."
MTHFR::gate_consensus,MTHFR,12464,score_transform_and_sign_per_constituent_assay,"Checked the supplied corpus, README_ndd_training_corpus_v3.txt, prepared/audit/assay_metadata.csv and the V4 build script for a constituent-assay manifest or aggregation rule.",original_provenance_missing,"Measurement values, identifiers and orientation=as_supplied are retained unchanged; no experimental context was attributed."
MTHFR::gate_consensus,MTHFR,12464,aggregation_weights_or_rules,"Checked the supplied corpus, README_ndd_training_corpus_v3.txt, prepared/audit/assay_metadata.csv and the V4 build script for a constituent-assay manifest or aggregation rule.",original_provenance_missing,"Measurement values, identifiers and orientation=as_supplied are retained unchanged; no experimental context was attributed."
MTHFR::gate_consensus,MTHFR,12464,construct_and_coordinate_mapping_per_constituent_assay,"Checked the supplied corpus, README_ndd_training_corpus_v3.txt, prepared/audit/assay_metadata.csv and the V4 build script for a constituent-assay manifest or aggregation rule.",original_provenance_missing,"Measurement values, identifiers and orientation=as_supplied are retained unchanged; no experimental context was attributed."
OTC::gate_consensus,OTC,1570,constituent_assay_identifiers,"Checked the supplied corpus, README_ndd_training_corpus_v3.txt, prepared/audit/assay_metadata.csv and the V4 build script for a constituent-assay manifest or aggregation rule.",original_provenance_missing,"Measurement values, identifiers and orientation=as_supplied are retained unchanged; no experimental context was attributed."
OTC::gate_consensus,OTC,1570,raw_phenotype_column_per_constituent_assay,"Checked the supplied corpus, README_ndd_training_corpus_v3.txt, prepared/audit/assay_metadata.csv and the V4 build script for a constituent-assay manifest or aggregation rule.",original_provenance_missing,"Measurement values, identifiers and orientation=as_supplied are retained unchanged; no experimental context was attributed."
OTC::gate_consensus,OTC,1570,score_transform_and_sign_per_constituent_assay,"Checked the supplied corpus, README_ndd_training_corpus_v3.txt, prepared/audit/assay_metadata.csv and the V4 build script for a constituent-assay manifest or aggregation rule.",original_provenance_missing,"Measurement values, identifiers and orientation=as_supplied are retained unchanged; no experimental context was attributed."
OTC::gate_consensus,OTC,1570,aggregation_weights_or_rules,"Checked the supplied corpus, README_ndd_training_corpus_v3.txt, prepared/audit/assay_metadata.csv and the V4 build script for a constituent-assay manifest or aggregation rule.",original_provenance_missing,"Measurement values, identifiers and orientation=as_supplied are retained unchanged; no experimental context was attributed."
OTC::gate_consensus,OTC,1570,construct_and_coordinate_mapping_per_constituent_assay,"Checked the supplied corpus, README_ndd_training_corpus_v3.txt, prepared/audit/assay_metadata.csv and the V4 build script for a constituent-assay manifest or aggregation rule.",original_provenance_missing,"Measurement values, identifiers and orientation=as_supplied are retained unchanged; no experimental context was attributed."
PALB2::gate_consensus,PALB2,6718,constituent_assay_identifiers,"Checked the supplied corpus, README_ndd_training_corpus_v3.txt, prepared/audit/assay_metadata.csv and the V4 build script for a constituent-assay manifest or aggregation rule.",original_provenance_missing,"Measurement values, identifiers and orientation=as_supplied are retained unchanged; no experimental context was attributed."
PALB2::gate_consensus,PALB2,6718,raw_phenotype_column_per_constituent_assay,"Checked the supplied corpus, README_ndd_training_corpus_v3.txt, prepared/audit/assay_metadata.csv and the V4 build script for a constituent-assay manifest or aggregation rule.",original_provenance_missing,"Measurement values, identifiers and orientation=as_supplied are retained unchanged; no experimental context was attributed."
PALB2::gate_consensus,PALB2,6718,score_transform_and_sign_per_constituent_assay,"Checked the supplied corpus, README_ndd_training_corpus_v3.txt, prepared/audit/assay_metadata.csv and the V4 build script for a constituent-assay manifest or aggregation rule.",original_provenance_missing,"Measurement values, identifiers and orientation=as_supplied are retained unchanged; no experimental context was attributed."
PALB2::gate_consensus,PALB2,6718,aggregation_weights_or_rules,"Checked the supplied corpus, README_ndd_training_corpus_v3.txt, prepared/audit/assay_metadata.csv and the V4 build script for a constituent-assay manifest or aggregation rule.",original_provenance_missing,"Measurement values, identifiers and orientation=as_supplied are retained unchanged; no experimental context was attributed."
PALB2::gate_consensus,PALB2,6718,construct_and_coordinate_mapping_per_constituent_assay,"Checked the supplied corpus, README_ndd_training_corpus_v3.txt, prepared/audit/assay_metadata.csv and the V4 build script for a constituent-assay manifest or aggregation rule.",original_provenance_missing,"Measurement values, identifiers and orientation=as_supplied are retained unchanged; no experimental context was attributed."
PAX6::gate_consensus,PAX6,2719,constituent_assay_identifiers,"Checked the supplied corpus, README_ndd_training_corpus_v3.txt, prepared/audit/assay_metadata.csv and the V4 build script for a constituent-assay manifest or aggregation rule.",original_provenance_missing,"Measurement values, identifiers and orientation=as_supplied are retained unchanged; no experimental context was attributed."
PAX6::gate_consensus,PAX6,2719,raw_phenotype_column_per_constituent_assay,"Checked the supplied corpus, README_ndd_training_corpus_v3.txt, prepared/audit/assay_metadata.csv and the V4 build script for a constituent-assay manifest or aggregation rule.",original_provenance_missing,"Measurement values, identifiers and orientation=as_supplied are retained unchanged; no experimental context was attributed."
PAX6::gate_consensus,PAX6,2719,score_transform_and_sign_per_constituent_assay,"Checked the supplied corpus, README_ndd_training_corpus_v3.txt, prepared/audit/assay_metadata.csv and the V4 build script for a constituent-assay manifest or aggregation rule.",original_provenance_missing,"Measurement values, identifiers and orientation=as_supplied are retained unchanged; no experimental context was attributed."
PAX6::gate_consensus,PAX6,2719,aggregation_weights_or_rules,"Checked the supplied corpus, README_ndd_training_corpus_v3.txt, prepared/audit/assay_metadata.csv and the V4 build script for a constituent-assay manifest or aggregation rule.",original_provenance_missing,"Measurement values, identifiers and orientation=as_supplied are retained unchanged; no experimental context was attributed."
PAX6::gate_consensus,PAX6,2719,construct_and_coordinate_mapping_per_constituent_assay,"Checked the supplied corpus, README_ndd_training_corpus_v3.txt, prepared/audit/assay_metadata.csv and the V4 build script for a constituent-assay manifest or aggregation rule.",original_provenance_missing,"Measurement values, identifiers and orientation=as_supplied are retained unchanged; no experimental context was attributed."
PSAT1::gate_consensus,PSAT1,1915,constituent_assay_identifiers,"Checked the supplied corpus, README_ndd_training_corpus_v3.txt, prepared/audit/assay_metadata.csv and the V4 build script for a constituent-assay manifest or aggregation rule.",original_provenance_missing,"Measurement values, identifiers and orientation=as_supplied are retained unchanged; no experimental context was attributed."
PSAT1::gate_consensus,PSAT1,1915,raw_phenotype_column_per_constituent_assay,"Checked the supplied corpus, README_ndd_training_corpus_v3.txt, prepared/audit/assay_metadata.csv and the V4 build script for a constituent-assay manifest or aggregation rule.",original_provenance_missing,"Measurement values, identifiers and orientation=as_supplied are retained unchanged; no experimental context was attributed."
PSAT1::gate_consensus,PSAT1,1915,score_transform_and_sign_per_constituent_assay,"Checked the supplied corpus, README_ndd_training_corpus_v3.txt, prepared/audit/assay_metadata.csv and the V4 build script for a constituent-assay manifest or aggregation rule.",original_provenance_missing,"Measurement values, identifiers and orientation=as_supplied are retained unchanged; no experimental context was attributed."
PSAT1::gate_consensus,PSAT1,1915,aggregation_weights_or_rules,"Checked the supplied corpus, README_ndd_training_corpus_v3.txt, prepared/audit/assay_metadata.csv and the V4 build script for a constituent-assay manifest or aggregation rule.",original_provenance_missing,"Measurement values, identifiers and orientation=as_supplied are retained unchanged; no experimental context was attributed."
PSAT1::gate_consensus,PSAT1,1915,construct_and_coordinate_mapping_per_constituent_assay,"Checked the supplied corpus, README_ndd_training_corpus_v3.txt, prepared/audit/assay_metadata.csv and the V4 build script for a constituent-assay manifest or aggregation rule.",original_provenance_missing,"Measurement values, identifiers and orientation=as_supplied are retained unchanged; no experimental context was attributed."
PTEN::gate_consensus,PTEN,7504,constituent_assay_identifiers,"Checked the supplied corpus, README_ndd_training_corpus_v3.txt, prepared/audit/assay_metadata.csv and the V4 build script for a constituent-assay manifest or aggregation rule.",original_provenance_missing,"Measurement values, identifiers and orientation=as_supplied are retained unchanged; no experimental context was attributed."
PTEN::gate_consensus,PTEN,7504,raw_phenotype_column_per_constituent_assay,"Checked the supplied corpus, README_ndd_training_corpus_v3.txt, prepared/audit/assay_metadata.csv and the V4 build script for a constituent-assay manifest or aggregation rule.",original_provenance_missing,"Measurement values, identifiers and orientation=as_supplied are retained unchanged; no experimental context was attributed."
PTEN::gate_consensus,PTEN,7504,score_transform_and_sign_per_constituent_assay,"Checked the supplied corpus, README_ndd_training_corpus_v3.txt, prepared/audit/assay_metadata.csv and the V4 build script for a constituent-assay manifest or aggregation rule.",original_provenance_missing,"Measurement values, identifiers and orientation=as_supplied are retained unchanged; no experimental context was attributed."
PTEN::gate_consensus,PTEN,7504,aggregation_weights_or_rules,"Checked the supplied corpus, README_ndd_training_corpus_v3.txt, prepared/audit/assay_metadata.csv and the V4 build script for a constituent-assay manifest or aggregation rule.",original_provenance_missing,"Measurement values, identifiers and orientation=as_supplied are retained unchanged; no experimental context was attributed."
PTEN::gate_consensus,PTEN,7504,construct_and_coordinate_mapping_per_constituent_assay,"Checked the supplied corpus, README_ndd_training_corpus_v3.txt, prepared/audit/assay_metadata.csv and the V4 build script for a constituent-assay manifest or aggregation rule.",original_provenance_missing,"Measurement values, identifiers and orientation=as_supplied are retained unchanged; no experimental context was attributed."
SPOP::gate_consensus,SPOP,6261,constituent_assay_identifiers,"Checked the supplied corpus, README_ndd_training_corpus_v3.txt, prepared/audit/assay_metadata.csv and the V4 build script for a constituent-assay manifest or aggregation rule.",original_provenance_missing,"Measurement values, identifiers and orientation=as_supplied are retained unchanged; no experimental context was attributed."
SPOP::gate_consensus,SPOP,6261,raw_phenotype_column_per_constituent_assay,"Checked the supplied corpus, README_ndd_training_corpus_v3.txt, prepared/audit/assay_metadata.csv and the V4 build script for a constituent-assay manifest or aggregation rule.",original_provenance_missing,"Measurement values, identifiers and orientation=as_supplied are retained unchanged; no experimental context was attributed."
SPOP::gate_consensus,SPOP,6261,score_transform_and_sign_per_constituent_assay,"Checked the supplied corpus, README_ndd_training_corpus_v3.txt, prepared/audit/assay_metadata.csv and the V4 build script for a constituent-assay manifest or aggregation rule.",original_provenance_missing,"Measurement values, identifiers and orientation=as_supplied are retained unchanged; no experimental context was attributed."
SPOP::gate_consensus,SPOP,6261,aggregation_weights_or_rules,"Checked the supplied corpus, README_ndd_training_corpus_v3.txt, prepared/audit/assay_metadata.csv and the V4 build script for a constituent-assay manifest or aggregation rule.",original_provenance_missing,"Measurement values, identifiers and orientation=as_supplied are retained unchanged; no experimental context was attributed."
SPOP::gate_consensus,SPOP,6261,construct_and_coordinate_mapping_per_constituent_assay,"Checked the supplied corpus, README_ndd_training_corpus_v3.txt, prepared/audit/assay_metadata.csv and the V4 build script for a constituent-assay manifest or aggregation rule.",original_provenance_missing,"Measurement values, identifiers and orientation=as_supplied are retained unchanged; no experimental context was attributed."
SUMO1::gate_consensus,SUMO1,1919,constituent_assay_identifiers,"Checked the supplied corpus, README_ndd_training_corpus_v3.txt, prepared/audit/assay_metadata.csv and the V4 build script for a constituent-assay manifest or aggregation rule.",original_provenance_missing,"Measurement values, identifiers and orientation=as_supplied are retained unchanged; no experimental context was attributed."
SUMO1::gate_consensus,SUMO1,1919,raw_phenotype_column_per_constituent_assay,"Checked the supplied corpus, README_ndd_training_corpus_v3.txt, prepared/audit/assay_metadata.csv and the V4 build script for a constituent-assay manifest or aggregation rule.",original_provenance_missing,"Measurement values, identifiers and orientation=as_supplied are retained unchanged; no experimental context was attributed."
SUMO1::gate_consensus,SUMO1,1919,score_transform_and_sign_per_constituent_assay,"Checked the supplied corpus, README_ndd_training_corpus_v3.txt, prepared/audit/assay_metadata.csv and the V4 build script for a constituent-assay manifest or aggregation rule.",original_provenance_missing,"Measurement values, identifiers and orientation=as_supplied are retained unchanged; no experimental context was attributed."
SUMO1::gate_consensus,SUMO1,1919,aggregation_weights_or_rules,"Checked the supplied corpus, README_ndd_training_corpus_v3.txt, prepared/audit/assay_metadata.csv and the V4 build script for a constituent-assay manifest or aggregation rule.",original_provenance_missing,"Measurement values, identifiers and orientation=as_supplied are retained unchanged; no experimental context was attributed."
SUMO1::gate_consensus,SUMO1,1919,construct_and_coordinate_mapping_per_constituent_assay,"Checked the supplied corpus, README_ndd_training_corpus_v3.txt, prepared/audit/assay_metadata.csv and the V4 build script for a constituent-assay manifest or aggregation rule.",original_provenance_missing,"Measurement values, identifiers and orientation=as_supplied are retained unchanged; no experimental context was attributed."
TSC2::gate_consensus,TSC2,9001,constituent_assay_identifiers,"Checked the supplied corpus, README_ndd_training_corpus_v3.txt, prepared/audit/assay_metadata.csv and the V4 build script for a constituent-assay manifest or aggregation rule.",original_provenance_missing,"Measurement values, identifiers and orientation=as_supplied are retained unchanged; no experimental context was attributed."
TSC2::gate_consensus,TSC2,9001,raw_phenotype_column_per_constituent_assay,"Checked the supplied corpus, README_ndd_training_corpus_v3.txt, prepared/audit/assay_metadata.csv and the V4 build script for a constituent-assay manifest or aggregation rule.",original_provenance_missing,"Measurement values, identifiers and orientation=as_supplied are retained unchanged; no experimental context was attributed."
TSC2::gate_consensus,TSC2,9001,score_transform_and_sign_per_constituent_assay,"Checked the supplied corpus, README_ndd_training_corpus_v3.txt, prepared/audit/assay_metadata.csv and the V4 build script for a constituent-assay manifest or aggregation rule.",original_provenance_missing,"Measurement values, identifiers and orientation=as_supplied are retained unchanged; no experimental context was attributed."
TSC2::gate_consensus,TSC2,9001,aggregation_weights_or_rules,"Checked the supplied corpus, README_ndd_training_corpus_v3.txt, prepared/audit/assay_metadata.csv and the V4 build script for a constituent-assay manifest or aggregation rule.",original_provenance_missing,"Measurement values, identifiers and orientation=as_supplied are retained unchanged; no experimental context was attributed."
TSC2::gate_consensus,TSC2,9001,construct_and_coordinate_mapping_per_constituent_assay,"Checked the supplied corpus, README_ndd_training_corpus_v3.txt, prepared/audit/assay_metadata.csv and the V4 build script for a constituent-assay manifest or aggregation rule.",original_provenance_missing,"Measurement values, identifiers and orientation=as_supplied are retained unchanged; no experimental context was attributed."
