accession,hgvs_nt,hgvs_splice,hgvs_pro,score,SEM,replicates,Normalized current density at +40 mV
urn:mavedb:00000664-a-1#1,NA,NA,p.Gly8Ser,178.1146023,22.87381709,11,1.212590314
urn:mavedb:00000664-a-1#2,NA,NA,p.Ser55Cys,127.3374027,15.03953994,7,0.866903101
urn:mavedb:00000664-a-1#3,NA,NA,p.Asn79Lys,238.2339784,24.07334039,16,1.621878336
urn:mavedb:00000664-a-1#4,NA,NA,p.Leu81Pro,1.62041634,0.416885108,9,0.011031668
urn:mavedb:00000664-a-1#5,NA,NA,p.Leu85Arg,2.225494188,1.137195187,5,0.015150991
urn:mavedb:00000664-a-1#6,NA,NA,p.Thr114Ile,18.3512114,5.43558912,16,0.124933615
urn:mavedb:00000664-a-1#7,NA,NA,p.Ser122Leu,85.38951912,21.8317418,11,0.581325183
urn:mavedb:00000664-a-1#8,NA,NA,p.Arg144Gln,141.8796141,26.02002837,10,0.965905342
urn:mavedb:00000664-a-1#9,NA,NA,p.Ala147Pro,2.708595301,0.775264283,8,0.018439905
urn:mavedb:00000664-a-1#10,NA,NA,p.Lys162Arg,104.962981,10.95899178,17,0.714579784
urn:mavedb:00000664-a-1#11,NA,NA,p.Val175Leu,249.3359337,29.82792611,17,1.697459581
urn:mavedb:00000664-a-1#12,NA,NA,p.Ala178Val,137.2334036,26.59555983,6,0.934274303
urn:mavedb:00000664-a-1#13,NA,NA,p.Ala185Thr,167.4190312,22.5075159,16,1.139775701
urn:mavedb:00000664-a-1#14,NA,NA,p.Ala185Gly,152.5536113,19.39076583,10,1.038573082
urn:mavedb:00000664-a-1#15,NA,NA,p.Gln188Lys,165.2376753,27.3156131,9,1.1249252
urn:mavedb:00000664-a-1#16,NA,NA,p.Asn190His,93.34161268,18.225012,14,0.635462416
urn:mavedb:00000664-a-1#17,NA,NA,p.Asn190Ser,173.2127279,16.15851815,23,1.179218736
urn:mavedb:00000664-a-1#18,NA,NA,p.Ser195Cys,18.13110667,3.997801369,12,0.123435159
urn:mavedb:00000664-a-1#19,NA,NA,p.Ala196Val,84.96169883,14.34981739,21,0.578412616
urn:mavedb:00000664-a-1#20,NA,NA,p.Arg198Gln,123.2866228,11.95731777,24,0.839325708
urn:mavedb:00000664-a-1#21,NA,NA,p.Ser199Arg,23.14814345,4.235572105,14,0.15759076
urn:mavedb:00000664-a-1#22,NA,NA,p.Arg201His,124.7934989,15.7739098,19,0.849584403
urn:mavedb:00000664-a-1#23,NA,NA,p.Gln204His,92.96126515,16.97923001,15,0.632873039
urn:mavedb:00000664-a-1#24,NA,NA,p.Ile205Val,56.86314993,8.932739704,12,0.387119888
urn:mavedb:00000664-a-1#25,NA,NA,p.Leu206Arg,0.749642014,0.423792753,7,0.005103504
urn:mavedb:00000664-a-1#26,NA,NA,p.Arg207Gln,9.389372025,3.5020588,7,0.063922112
urn:mavedb:00000664-a-1#27,NA,NA,p.Arg210His,37.90443097,3.359207785,10,0.258050408
urn:mavedb:00000664-a-1#28,NA,NA,p.Met211Arg,2.69552363,0.877999496,5,0.018350915
urn:mavedb:00000664-a-1#29,NA,NA,p.Arg213Gln,39.2196912,5.659010999,9,0.267004597
urn:mavedb:00000664-a-1#30,NA,NA,p.Arg213Trp,31.69269495,6.845668873,9,0.215761394
urn:mavedb:00000664-a-1#31,NA,NA,p.Arg214Gln,76.24160651,9.730514468,16,0.519046908
urn:mavedb:00000664-a-1#32,NA,NA,p.Gly215Arg,4.75500811,1.41626314,11,0.032371724
urn:mavedb:00000664-a-1#33,NA,NA,p.Gly215Glu,3.606409826,1.037395305,8,0.024552157
urn:mavedb:00000664-a-1#34,NA,NA,p.Thr217Ile,10.94779171,5.299326463,7,0.074531712
urn:mavedb:00000664-a-1#35,NA,NA,p.Leu221Arg,0.570234268,0.375368089,8,0.00388211
urn:mavedb:00000664-a-1#36,NA,NA,p.Gly222Asp,15.34866137,2.988296122,6,0.104492489
urn:mavedb:00000664-a-1#37,NA,NA,p.Val225Phe,70.96587812,10.90887508,15,0.483130161
urn:mavedb:00000664-a-1#38,NA,NA,p.Val225Asp,1.701140464,0.321438078,10,0.011581232
urn:mavedb:00000664-a-1#39,NA,NA,p.Val225Ile,168.9624307,15.76758599,11,1.150283044
urn:mavedb:00000664-a-1#40,NA,NA,p.His228Tyr,77.5764321,12.62536312,11,0.528134296
urn:mavedb:00000664-a-1#41,NA,NA,p.Lys230Gln,131.4481563,29.30014092,12,0.894888791
urn:mavedb:00000664-a-1#42,NA,NA,p.Ile238Leu,278.4865153,28.55014141,18,1.895914466
urn:mavedb:00000664-a-1#43,NA,NA,p.Gly239Arg,3.029625619,0.818739244,4,0.020625455
urn:mavedb:00000664-a-1#44,NA,NA,p.Ser247Leu,2.852194747,0.984300373,6,0.019417519
urn:mavedb:00000664-a-1#45,NA,NA,p.Val250Ala,2.64615938,0.599803027,6,0.018014847
urn:mavedb:00000664-a-1#46,NA,NA,p.Val250Gly,0.376652219,1.07876428,9,0.002564219
urn:mavedb:00000664-a-1#47,NA,NA,p.Gly256Arg,2.98418925,0.564263558,5,0.020316128
urn:mavedb:00000664-a-1#48,NA,NA,p.Asn258Tyr,0.259772757,0.652954094,7,0.001768513
urn:mavedb:00000664-a-1#49,NA,NA,p.Asp259Asn,108.5700712,12.36792044,12,0.739136573
urn:mavedb:00000664-a-1#50,NA,NA,p.His260Pro,1.009739532,0.858002981,6,0.006874228
urn:mavedb:00000664-a-1#51,NA,NA,p.Phe261Ile,92.69992469,12.17593456,13,0.631093854
urn:mavedb:00000664-a-1#52,NA,NA,p.Thr263Ile,2.35888521,0.574768373,5,0.016059106
urn:mavedb:00000664-a-1#53,NA,NA,p.Ala265Thr,3.721938125,0.597036215,5,0.025338664
urn:mavedb:00000664-a-1#54,NA,NA,p.Ala265Val,7.827586406,1.896762535,9,0.053289597
urn:mavedb:00000664-a-1#55,NA,NA,p.Ala267Thr,3.474808887,1.344359723,7,0.023656228
urn:mavedb:00000664-a-1#56,NA,NA,p.Trp269Cys,0.009131642,0.745699616,7,6.21675e-05
urn:mavedb:00000664-a-1#57,NA,NA,p.Gly271Val,0.754021458,0.372455101,7,0.005133319
urn:mavedb:00000664-a-1#58,NA,NA,p.Thr274Met,2.975411159,1.051854286,7,0.020256367
urn:mavedb:00000664-a-1#59,NA,NA,p.Thr276Ile,3.632985689,0.978603433,7,0.024733083
urn:mavedb:00000664-a-1#60,NA,NA,p.Thr277Ser,50.94300637,7.411634293,12,0.346816012
urn:mavedb:00000664-a-1#61,NA,NA,p.Ile278Phe,2.67217256,0.669844157,7,0.018191942
urn:mavedb:00000664-a-1#62,NA,NA,p.Ile278Thr,0.688922194,0.619130731,7,0.004690129
urn:mavedb:00000664-a-1#63,NA,NA,p.Gly279Asp,0.868999631,0.515297765,13,0.005916082
urn:mavedb:00000664-a-1#64,NA,NA,p.Lys283Arg,98.09922909,11.78933366,15,0.667851897
urn:mavedb:00000664-a-1#65,NA,NA,p.Pro285Ser,2.496241327,0.560586423,9,0.016994216
urn:mavedb:00000664-a-1#66,NA,NA,p.Gly290Ser,2.06060664,0.505765658,7,0.014028449
urn:mavedb:00000664-a-1#67,NA,NA,p.Leu293Pro,2.255299668,0.42812574,5,0.015353904
urn:mavedb:00000664-a-1#68,NA,NA,p.Ala294Val,4.390505513,1.997820109,7,0.029890219
urn:mavedb:00000664-a-1#69,NA,NA,p.Gly301Asp,3.062644814,0.558269897,10,0.020850247
urn:mavedb:00000664-a-1#70,NA,NA,p.Gly301Ser,9.810587077,2.555641097,6,0.066789711
urn:mavedb:00000664-a-1#71,NA,NA,p.Phe304Cys,1.506689695,0.554945833,8,0.010257426
urn:mavedb:00000664-a-1#72,NA,NA,p.Ala306Pro,1.565632736,0.455738292,10,0.010658706
urn:mavedb:00000664-a-1#73,NA,NA,p.Ala306Val,17.57119666,3.853845779,8,0.119623336
urn:mavedb:00000664-a-1#74,NA,NA,p.Leu307Pro,2.146421658,0.293506304,7,0.014612671
urn:mavedb:00000664-a-1#75,NA,NA,p.Gly313Glu,4.063903799,1.417651958,5,0.02766674
urn:mavedb:00000664-a-1#76,NA,NA,p.Leu318Val,7.1586526,2.106477255,14,0.048735548
urn:mavedb:00000664-a-1#77,NA,NA,p.Val320Ile,106.367681,16.58449671,10,0.724142872
urn:mavedb:00000664-a-1#78,NA,NA,p.Glu322Gly,26.71968675,7.790588456,7,0.181905542
urn:mavedb:00000664-a-1#79,NA,NA,p.Arg333Gln,54.47158704,11.30886816,13,0.370838314
urn:mavedb:00000664-a-1#80,NA,NA,p.Arg333Trp,64.52092869,14.17803179,10,0.439253463
urn:mavedb:00000664-a-1#81,NA,NA,p.Ala337Val,38.59556744,8.941604834,12,0.262755612
urn:mavedb:00000664-a-1#82,NA,NA,p.Ile340Thr,1.409157957,0.445614873,10,0.009593437
urn:mavedb:00000664-a-1#83,NA,NA,p.Ser342Leu,25.01278151,4.535835289,12,0.170285065
urn:mavedb:00000664-a-1#84,NA,NA,p.Ala343Ser,45.09500028,10.70910545,13,0.307003243
urn:mavedb:00000664-a-1#85,NA,NA,p.Asn350His,76.80634536,10.5746903,7,0.522891606
urn:mavedb:00000664-a-1#86,NA,NA,p.Asn350Ile,36.58489732,11.30277837,13,0.249067126
urn:mavedb:00000664-a-1#87,NA,NA,p.Asp355Val,25.20085211,7.483127268,9,0.171565435
urn:mavedb:00000664-a-1#88,NA,NA,p.Thr359Ala,16.2077919,3.810927593,8,0.110341383
urn:mavedb:00000664-a-1#89,NA,NA,p.Thr378Ile,171.5513151,19.05487345,19,1.167907967
urn:mavedb:00000664-a-1#90,NA,NA,p.Pro386Ser,160.7057338,15.4296163,15,1.094072096
urn:mavedb:00000664-a-1#91,NA,NA,p.Leu388Phe,127.9021338,14.91020362,17,0.870747747
urn:mavedb:00000664-a-1#92,NA,NA,p.Pro420Leu,170.4633229,23.11598074,10,1.160501001
urn:mavedb:00000664-a-1#93,NA,NA,p.Arg504Trp,138.7969775,19.45135444,12,0.944918993
urn:mavedb:00000664-a-1#94,NA,NA,p.Arg504Gln,151.5354952,22.83751366,12,1.031641827
urn:mavedb:00000664-a-1#95,NA,NA,p.Glu515Asp,114.47811,17.61192304,18,0.77935804
urn:mavedb:00000664-a-1#96,NA,NA,p.Pro534Leu,66.96783848,16.1396124,9,0.455911819
urn:mavedb:00000664-a-1#97,NA,NA,p.Cys544Trp,117.8712226,17.27203947,12,0.802458086
urn:mavedb:00000664-a-1#98,NA,NA,p.Met546Thr,3.279353574,0.988590421,7,0.022325583
urn:mavedb:00000664-a-1#99,NA,NA,p.Arg547Trp,78.50081937,16.28373034,11,0.534427453
urn:mavedb:00000664-a-1#100,NA,NA,p.Lys552Thr,12.27095445,2.029076125,8,0.0835397
urn:mavedb:00000664-a-1#101,NA,NA,p.Arg553Trp,9.217732204,1.966698046,5,0.062753602
urn:mavedb:00000664-a-1#102,NA,NA,p.Arg560Gln,94.79392423,10.91628478,13,0.645349639
urn:mavedb:00000664-a-1#103,NA,NA,p.Arg560Trp,23.52380832,4.621646478,7,0.160148251
urn:mavedb:00000664-a-1#104,NA,NA,p.Pro561Ser,4.483605124,0.794703869,8,0.030524034
urn:mavedb:00000664-a-1#105,NA,NA,p.Asp563Asn,2.836496186,1.116201973,8,0.019310645
urn:mavedb:00000664-a-1#106,NA,NA,p.Ile568Thr,115.9195181,15.879777,9,0.789171034
urn:mavedb:00000664-a-1#107,NA,NA,p.Met578Ile,39.59992114,6.65330361,17,0.269593182
urn:mavedb:00000664-a-1#108,NA,NA,p.Arg581Gln,5.486497351,1.337879595,7,0.037351646
urn:mavedb:00000664-a-1#109,NA,NA,p.Val589Gly,10.60566403,5.116014251,6,0.072202533
urn:mavedb:00000664-a-1#110,NA,NA,p.Ala611Val,120.8380792,13.5695516,19,0.822656214
urn:mavedb:00000664-a-1#111,NA,NA,p.Glu656Lys,179.3154034,21.5366781,22,1.220765274
urn:mavedb:00000664-a-1#112,NA,NA,p.Tyr755Cys,138.1412888,14.1797184,23,0.940455115
urn:mavedb:00000664-a-1#113,NA,NA,p.Ser803Gly,78.47647304,11.89871032,15,0.534261705
urn:mavedb:00000664-a-1#114,NA,NA,p.Ala816Val,73.73056075,19.39771737,10,0.501951904
urn:mavedb:00000664-a-1#115,NA,NA,p.Pro848Ser,65.66015598,10.54883314,7,0.447009218
urn:mavedb:00000664-a-1#116,NA,NA,p.Met1Val,1.424389041,0.981444711,6,0.009697129
urn:mavedb:00000664-a-1#117,NA,NA,p.Met1Lys,5.259966131,3.070926541,9,0.035809439
urn:mavedb:00000664-a-1#118,NA,NA,p.Met1Thr,1.869364762,2.831249938,6,0.012726489
urn:mavedb:00000664-a-1#119,NA,NA,p.Gly9Asp,160.359577,24.45100177,13,1.091715487
urn:mavedb:00000664-a-1#120,NA,NA,p.Ala62Val,117.0914115,23.13783955,10,0.797149193
urn:mavedb:00000664-a-1#121,NA,NA,p.His96Asn,53.19111692,12.00699651,7,0.362120974
urn:mavedb:00000664-a-1#122,NA,NA,p.His96Pro,119.5822639,28.65215657,17,0.814106721
urn:mavedb:00000664-a-1#123,NA,NA,p.Leu101His,2.224261331,1.245328289,6,0.015142598
urn:mavedb:00000664-a-1#124,NA,NA,p.Phe104Ser,86.64404256,14.77613845,13,0.589865881
urn:mavedb:00000664-a-1#125,NA,NA,p.Leu107Phe,136.1633498,18.84836977,8,0.926989461
urn:mavedb:00000664-a-1#126,NA,NA,p.Ser113Phe,51.2091564,6.86933414,18,0.348627941
urn:mavedb:00000664-a-1#127,NA,NA,p.Thr114Ala,34.67466819,8.566130031,12,0.236062435
urn:mavedb:00000664-a-1#128,NA,NA,p.Glu119Gly,89.32908148,14.75954806,13,0.608145416
urn:mavedb:00000664-a-1#129,NA,NA,p.Tyr127Cys,8.158977512,5.147807709,6,0.055545682
urn:mavedb:00000664-a-1#130,NA,NA,p.Glu130Lys,1.449239461,0.569336052,8,0.009866309
urn:mavedb:00000664-a-1#131,NA,NA,p.Arg144Gly,33.93078569,5.737970955,11,0.230998141
urn:mavedb:00000664-a-1#132,NA,NA,p.Tyr154Asp,1.91456166,1.569422773,6,0.013034186
urn:mavedb:00000664-a-1#133,NA,NA,p.Gly159Arg,12.81587434,5.073323118,11,0.087249472
urn:mavedb:00000664-a-1#134,NA,NA,p.Gly159Val,2.490114505,1.584039107,6,0.016952505
urn:mavedb:00000664-a-1#135,NA,NA,p.Gly159Glu,24.4151673,7.831437157,9,0.166216554
urn:mavedb:00000664-a-1#136,NA,NA,p.Cys169Phe,119.977086,18.77809904,9,0.81679464
urn:mavedb:00000664-a-1#137,NA,NA,p.Asp172Gly,2.604397626,1.750424128,6,0.017730536
urn:mavedb:00000664-a-1#138,NA,NA,p.Val182Met,96.89816552,14.84707401,16,0.65967515
urn:mavedb:00000664-a-1#139,NA,NA,p.Gly189Val,33.45557677,6.375689444,16,0.227762956
urn:mavedb:00000664-a-1#140,NA,NA,p.Ala193Val,61.1074876,10.1554378,6,0.416015007
urn:mavedb:00000664-a-1#141,NA,NA,p.Ala193Asp,3.138827509,1.64864952,10,0.021368893
urn:mavedb:00000664-a-1#142,NA,NA,p.Thr194Ile,71.2623476,9.757989629,20,0.485148502
urn:mavedb:00000664-a-1#143,NA,NA,p.Ser195Pro,130.269352,30.56202903,11,0.886863584
urn:mavedb:00000664-a-1#144,NA,NA,p.Leu197Pro,127.8413087,13.49468881,12,0.870333654
urn:mavedb:00000664-a-1#145,NA,NA,p.Leu200Pro,32.20730913,4.436627125,15,0.219264847
urn:mavedb:00000664-a-1#146,NA,NA,p.Leu203Pro,71.83970977,12.81220688,8,0.489079138
urn:mavedb:00000664-a-1#147,NA,NA,p.Gln204Arg,0.375851829,0.137688701,8,0.00255877
urn:mavedb:00000664-a-1#148,NA,NA,p.Leu206Pro,6.299281708,1.604100218,15,0.042885018
urn:mavedb:00000664-a-1#149,NA,NA,p.Arg207Trp,48.75306197,4.551659885,18,0.331907042
urn:mavedb:00000664-a-1#150,NA,NA,p.Met208Val,80.53408444,10.65100469,26,0.548269763
urn:mavedb:00000664-a-1#151,NA,NA,p.Ile209Thr,53.06654715,3.059107427,7,0.361272912
urn:mavedb:00000664-a-1#152,NA,NA,p.Arg210Cys,8.106934868,2.500093983,7,0.05519138
urn:mavedb:00000664-a-1#153,NA,NA,p.Arg210Pro,8.877639599,4.669013807,7,0.060438278
urn:mavedb:00000664-a-1#154,NA,NA,p.Met211Val,67.37434263,7.811355325,16,0.458679267
urn:mavedb:00000664-a-1#155,NA,NA,p.Asp212Ala,3.416352321,1.572952599,7,0.02325826
urn:mavedb:00000664-a-1#156,NA,NA,p.Asp212Val,0.539510362,0.554159884,6,0.003672944
urn:mavedb:00000664-a-1#157,NA,NA,p.Asp212Gly,146.654564,25.40550244,10,0.998412828
urn:mavedb:00000664-a-1#158,NA,NA,p.Asp212Glu,108.8056577,12.79491671,13,0.740740428
urn:mavedb:00000664-a-1#159,NA,NA,p.Arg214Trp,57.89349444,6.117970091,14,0.394134393
urn:mavedb:00000664-a-1#160,NA,NA,p.Arg214Pro,19.66487971,6.885016604,9,0.133876967
urn:mavedb:00000664-a-1#161,NA,NA,p.Thr217Pro,73.20333664,14.54348529,13,0.498362604
urn:mavedb:00000664-a-1#162,NA,NA,p.Thr217Asn,0.949579889,0.264902072,8,0.006464666
urn:mavedb:00000664-a-1#163,NA,NA,p.Lys219Asn,17.28999933,4.637771455,11,0.117708966
urn:mavedb:00000664-a-1#164,NA,NA,p.Ser223Pro,0.248416751,0.311508838,9,0.001691202
urn:mavedb:00000664-a-1#165,NA,NA,p.His228Gln,1.942373461,1.001523737,6,0.013223527
urn:mavedb:00000664-a-1#166,NA,NA,p.Lys230Met,7.201586403,3.174709437,7,0.049027838
urn:mavedb:00000664-a-1#167,NA,NA,p.Glu231Gln,1.262938293,1.191667723,6,0.008597985
urn:mavedb:00000664-a-1#168,NA,NA,p.Glu231Gly,0.14969075,0.121339327,6,0.001019083
urn:mavedb:00000664-a-1#169,NA,NA,p.Glu231Asp,0.104718319,0.491174394,7,0.000712914
urn:mavedb:00000664-a-1#170,NA,NA,p.Thr234Pro,3.197841027,0.806062354,5,0.021770652
urn:mavedb:00000664-a-1#171,NA,NA,p.Ala235Val,4.119399451,1.13928692,14,0.02804455
urn:mavedb:00000664-a-1#172,NA,NA,p.Tyr237Cys,2.861533603,0.589421828,7,0.019481097
urn:mavedb:00000664-a-1#173,NA,NA,p.Cys242Gly,5.155311485,1.887505531,6,0.035096958
urn:mavedb:00000664-a-1#174,NA,NA,p.Leu243Val,119.0572855,24.73630221,9,0.81053271
urn:mavedb:00000664-a-1#175,NA,NA,p.Leu243Phe,45.07973371,5.562140816,9,0.30689931
urn:mavedb:00000664-a-1#176,NA,NA,p.Ser247Pro,1.599824178,1.423471975,6,0.010891478
urn:mavedb:00000664-a-1#177,NA,NA,p.Ser247Trp,2.287173764,1.0059714,7,0.015570901
urn:mavedb:00000664-a-1#178,NA,NA,p.Phe248Ser,106.8086199,11.94479228,18,0.72714475
urn:mavedb:00000664-a-1#179,NA,NA,p.Leu249Pro,1.031651754,0.56061376,8,0.007023405
urn:mavedb:00000664-a-1#180,NA,NA,p.Val250Leu,18.06904539,4.879920087,12,0.123012651
urn:mavedb:00000664-a-1#181,NA,NA,p.Ala253Ser,81.99616638,9.882768467,26,0.558223503
urn:mavedb:00000664-a-1#182,NA,NA,p.Ala253Thr,23.16509805,9.024104458,8,0.15770618
urn:mavedb:00000664-a-1#183,NA,NA,p.Glu254Asp,1.538329719,1.053989366,6,0.010472829
urn:mavedb:00000664-a-1#184,NA,NA,p.Lys255Arg,11.07353946,2.567602216,6,0.075387793
urn:mavedb:00000664-a-1#185,NA,NA,p.Asn258Ser,14.26288545,5.203761425,8,0.097100611
urn:mavedb:00000664-a-1#186,NA,NA,p.Asp259Tyr,18.04729883,3.422102984,13,0.122864602
urn:mavedb:00000664-a-1#187,NA,NA,p.Asp259Gly,26.53451524,5.759113993,14,0.180644909
urn:mavedb:00000664-a-1#188,NA,NA,p.His260Tyr,86.40748589,13.92825045,14,0.588255422
urn:mavedb:00000664-a-1#189,NA,NA,p.Phe261Cys,1.260180213,0.441259546,7,0.008579209
urn:mavedb:00000664-a-1#190,NA,NA,p.Thr263Ala,29.66188613,6.367189175,8,0.201935806
urn:mavedb:00000664-a-1#191,NA,NA,p.Tyr264Asn,0.159575636,0.610278794,5,0.001086378
urn:mavedb:00000664-a-1#192,NA,NA,p.Ala265Pro,10.96800448,2.33683623,10,0.074669319
urn:mavedb:00000664-a-1#193,NA,NA,p.Asp266Gly,3.028299509,1.245555969,7,0.020616427
urn:mavedb:00000664-a-1#194,NA,NA,p.Asp266Glu,5.412966806,4.009140744,8,0.036851057
urn:mavedb:00000664-a-1#195,NA,NA,p.Leu268Phe,22.35078772,7.216182909,10,0.152162419
urn:mavedb:00000664-a-1#196,NA,NA,p.Leu268Pro,0.859354595,0.467447748,7,0.005850419
urn:mavedb:00000664-a-1#197,NA,NA,p.Trp269Leu,0.99190926,0.896582485,7,0.006752841
urn:mavedb:00000664-a-1#198,NA,NA,p.Gly271Arg,0.313024805,0.375204831,12,0.002131048
urn:mavedb:00000664-a-1#199,NA,NA,p.Ile273Asn,0.331658053,0.275109923,7,0.002257902
urn:mavedb:00000664-a-1#200,NA,NA,p.Ile273Met,0.195123117,0.264877032,7,0.001328383
urn:mavedb:00000664-a-1#201,NA,NA,p.Thr276Asn,8.969089841,5.630851236,14,0.061060864
urn:mavedb:00000664-a-1#202,NA,NA,p.Ile278Asn,0.105533826,0.815696839,6,0.000718466
urn:mavedb:00000664-a-1#203,NA,NA,p.Gly279Cys,0.684729394,0.941537656,11,0.004661584
urn:mavedb:00000664-a-1#204,NA,NA,p.Tyr280His,0.655113348,0.276917638,8,0.004459961
urn:mavedb:00000664-a-1#205,NA,NA,p.Tyr280Cys,0.92606678,1.029457415,5,0.00630459
urn:mavedb:00000664-a-1#206,NA,NA,p.Gly281Arg,0.557814172,0.960037099,5,0.003797555
urn:mavedb:00000664-a-1#207,NA,NA,p.Gly281Trp,14.92717156,4.592234011,8,0.101623019
urn:mavedb:00000664-a-1#208,NA,NA,p.Gly281Glu,0.264147553,0.619507238,6,0.001798296
urn:mavedb:00000664-a-1#209,NA,NA,p.Asp282Asn,0.08986437,0.290817879,8,0.00061179
urn:mavedb:00000664-a-1#210,NA,NA,p.Asp282Val,0.658002643,0.573538128,8,0.004479631
urn:mavedb:00000664-a-1#211,NA,NA,p.Lys283Glu,3.85457653,0.698394362,6,0.026241656
urn:mavedb:00000664-a-1#212,NA,NA,p.Tyr284Asp,4.554162027,2.230847082,8,0.031004381
urn:mavedb:00000664-a-1#213,NA,NA,p.Tyr284Cys,24.7188746,3.861280148,12,0.168284169
urn:mavedb:00000664-a-1#214,NA,NA,p.Pro285Leu,2.168647085,0.667798919,5,0.01476398
urn:mavedb:00000664-a-1#215,NA,NA,p.Pro285His,1.953929728,1.134484006,6,0.013302201
urn:mavedb:00000664-a-1#216,NA,NA,p.Thr287Asn,0.298183621,0.758700335,7,0.002030011
urn:mavedb:00000664-a-1#217,NA,NA,p.Gly290Val,0.251963852,0.837626717,5,0.00171535
urn:mavedb:00000664-a-1#218,NA,NA,p.Gly290Asp,1.568276516,1.109197576,11,0.010676704
urn:mavedb:00000664-a-1#219,NA,NA,p.Arg291Ser,0.167803518,0.359316432,6,0.001142393
urn:mavedb:00000664-a-1#220,NA,NA,p.Leu292Pro,2.827310464,1.255878488,6,0.019248109
urn:mavedb:00000664-a-1#221,NA,NA,p.Ala294Gly,132.3779019,21.57335558,7,0.901218427
urn:mavedb:00000664-a-1#222,NA,NA,p.Thr296Pro,6.457370163,1.891686864,6,0.043961272
urn:mavedb:00000664-a-1#223,NA,NA,p.Phe304Ser,2.500605104,1.454538223,7,0.017023924
urn:mavedb:00000664-a-1#224,NA,NA,p.Phe305Leu,8.337066651,4.250805347,5,0.056758099
urn:mavedb:00000664-a-1#225,NA,NA,p.Ala306Thr,76.55973983,15.8522055,7,0.521212735
urn:mavedb:00000664-a-1#226,NA,NA,p.Ala309Val,114.1540815,23.25887742,7,0.777152079
urn:mavedb:00000664-a-1#227,NA,NA,p.Ile311Asn,1.161239123,0.677076485,7,0.007905625
urn:mavedb:00000664-a-1#228,NA,NA,p.Leu312Ser,1.263956425,1.047955301,6,0.008604917
urn:mavedb:00000664-a-1#229,NA,NA,p.Ser314Pro,6.355897413,1.836414358,6,0.043270454
urn:mavedb:00000664-a-1#230,NA,NA,p.Gly315Arg,0.836821678,0.449901457,5,0.005697017
urn:mavedb:00000664-a-1#231,NA,NA,p.Ala317Thr,8.763051399,1.583118621,15,0.05965817
urn:mavedb:00000664-a-1#232,NA,NA,p.Lys319Arg,0.830568358,0.691779032,6,0.005654445
urn:mavedb:00000664-a-1#233,NA,NA,p.Arg325Gly,9.097711727,2.583450795,8,0.061936512
urn:mavedb:00000664-a-1#234,NA,NA,p.His328Asn,0.733374709,0.734417055,6,0.004992758
urn:mavedb:00000664-a-1#235,NA,NA,p.Phe329Ser,11.25998878,4.25255576,6,0.076657125
urn:mavedb:00000664-a-1#236,NA,NA,p.Lys331Thr,2.305728889,1.098598751,7,0.015697222
urn:mavedb:00000664-a-1#237,NA,NA,p.Arg332Gly,3.808961931,1.114250192,6,0.025931116
urn:mavedb:00000664-a-1#238,NA,NA,p.Pro335Ala,0.028701115,0.542797297,7,0.000195395
urn:mavedb:00000664-a-1#239,NA,NA,p.Pro335Ser,9.221217388,3.68825468,6,0.062777328
urn:mavedb:00000664-a-1#240,NA,NA,p.Pro335Leu,3.107019264,1.539434378,8,0.021152345
urn:mavedb:00000664-a-1#241,NA,NA,p.Ala337Thr,20.06969135,5.378615518,6,0.136632893
urn:mavedb:00000664-a-1#242,NA,NA,p.Ala337Gly,8.586065278,3.390342132,8,0.058453262
urn:mavedb:00000664-a-1#243,NA,NA,p.Leu339Gln,0.183318406,0.877527646,6,0.001248017
urn:mavedb:00000664-a-1#244,NA,NA,p.Leu339Arg,1.30963458,1.762316259,6,0.00891589
urn:mavedb:00000664-a-1#245,NA,NA,p.Ile340Met,15.15742214,2.883390911,7,0.103190547
urn:mavedb:00000664-a-1#246,NA,NA,p.Gln341Arg,4.420278767,1.598958812,7,0.030092913
urn:mavedb:00000664-a-1#247,NA,NA,p.Gln341His,6.058231691,1.108713417,7,0.041243969
urn:mavedb:00000664-a-1#248,NA,NA,p.Trp344Arg,8.193227523,3.312164293,12,0.055778854
urn:mavedb:00000664-a-1#249,NA,NA,p.Thr349Ile,60.91269023,8.707615685,12,0.414688842
urn:mavedb:00000664-a-1#250,NA,NA,p.Asn350Lys,77.71642658,17.42270401,8,0.529087368
urn:mavedb:00000664-a-1#251,NA,NA,p.Leu351Phe,113.9563116,9.559801424,21,0.775805678
urn:mavedb:00000664-a-1#252,NA,NA,p.Leu351Val,78.85218288,10.33676665,15,0.536819508
urn:mavedb:00000664-a-1#253,NA,NA,p.Ser352Pro,140.6458095,31.41973208,7,0.957505697
urn:mavedb:00000664-a-1#254,NA,NA,p.Arg353Gly,8.163841693,2.095580407,7,0.055578797
urn:mavedb:00000664-a-1#255,NA,NA,p.Arg353His,49.0847747,7.915444915,10,0.334165316
urn:mavedb:00000664-a-1#256,NA,NA,p.Asp355Glu,54.73716304,13.94403243,6,0.372646335
urn:mavedb:00000664-a-1#257,NA,NA,p.Leu356Val,66.82226005,11.67183981,14,0.454920732
urn:mavedb:00000664-a-1#258,NA,NA,p.Leu356Arg,27.81439133,8.526382692,8,0.189358206
urn:mavedb:00000664-a-1#259,NA,NA,p.Ser358Phe,66.76226726,17.88803581,8,0.454512306
urn:mavedb:00000664-a-1#260,NA,NA,p.Thr359Lys,17.46229315,8.296117444,8,0.118881929
urn:mavedb:00000664-a-1#261,NA,NA,p.Trp360Cys,2.719956691,1.057229884,8,0.018517253
urn:mavedb:00000664-a-1#262,NA,NA,p.Tyr362Cys,84.16926395,17.37966706,10,0.573017781
urn:mavedb:00000664-a-1#263,NA,NA,p.Pro411Leu,75.46884953,12.56651977,9,0.513786039
urn:mavedb:00000664-a-1#264,NA,NA,p.Gly418Val,127.6626481,22.60388188,12,0.869117347
urn:mavedb:00000664-a-1#265,NA,NA,p.Pro430Ser,10.10277221,2.478842725,6,0.068778885
urn:mavedb:00000664-a-1#266,NA,NA,p.Val450Met,127.0408005,18.63493544,12,0.864883857
urn:mavedb:00000664-a-1#267,NA,NA,p.Gln461Pro,157.7322118,32.42946934,8,1.07382859
urn:mavedb:00000664-a-1#268,NA,NA,p.Ala501Pro,144.5778659,26.34573695,8,0.98427483
urn:mavedb:00000664-a-1#269,NA,NA,p.Ile540Ser,0.841276587,0.658102938,10,0.005727345
urn:mavedb:00000664-a-1#270,NA,NA,p.Arg541Gly,8.640330212,2.912421238,8,0.058822694
urn:mavedb:00000664-a-1#271,NA,NA,p.Cys544Tyr,11.4905508,3.968962508,7,0.078226773
urn:mavedb:00000664-a-1#272,NA,NA,p.Met546Val,10.89742596,4.297395191,6,0.074188826
urn:mavedb:00000664-a-1#273,NA,NA,p.Arg547Gly,155.8470122,35.89446549,5,1.060994298
urn:mavedb:00000664-a-1#274,NA,NA,p.Arg553Pro,0.624058138,0.551022591,9,0.004248539
urn:mavedb:00000664-a-1#275,NA,NA,p.Arg553Leu,23.53158334,12.19120233,8,0.160201183
urn:mavedb:00000664-a-1#276,NA,NA,p.Arg553Gln,102.3272258,7.312503906,32,0.696635769
urn:mavedb:00000664-a-1#277,NA,NA,p.Lys554Asn,38.24993365,6.283170562,23,0.260402564
urn:mavedb:00000664-a-1#278,NA,NA,p.Phe555Leu,75.77743293,13.12360849,15,0.515886851
urn:mavedb:00000664-a-1#279,NA,NA,p.Lys556Glu,11.08562613,3.243221497,8,0.075470078
urn:mavedb:00000664-a-1#280,NA,NA,p.Pro561Leu,1.538325672,2.203821667,6,0.010472801
urn:mavedb:00000664-a-1#281,NA,NA,p.Pro561Arg,5.005281623,1.295537793,5,0.034075567
urn:mavedb:00000664-a-1#282,NA,NA,p.Asp563Tyr,1.324669415,0.853782122,6,0.009018246
urn:mavedb:00000664-a-1#283,NA,NA,p.Asp563Gly,28.5144971,8.147932991,8,0.194124471
urn:mavedb:00000664-a-1#284,NA,NA,p.Asp563Glu,1.858775365,1.420930798,6,0.012654398
urn:mavedb:00000664-a-1#285,NA,NA,p.Val564Met,147.2725209,27.0855603,6,1.002619831
urn:mavedb:00000664-a-1#286,NA,NA,p.Val567Asp,22.8785424,5.965836485,14,0.155755331
urn:mavedb:00000664-a-1#287,NA,NA,p.Gly574Asp,97.8653134,12.12935993,17,0.666259417
urn:mavedb:00000664-a-1#288,NA,NA,p.Met578Val,14.77805605,6.041918608,8,0.100607852
urn:mavedb:00000664-a-1#289,NA,NA,p.Arg581Gly,7.036148736,2.532073433,7,0.047901552
urn:mavedb:00000664-a-1#290,NA,NA,p.Arg581Leu,1.049501564,0.733818977,7,0.007144925
urn:mavedb:00000664-a-1#291,NA,NA,p.Arg588Ser,54.36843866,15.28133175,8,0.370136088
urn:mavedb:00000664-a-1#292,NA,NA,p.Ile592Met,64.16865513,8.014933821,14,0.436855197
urn:mavedb:00000664-a-1#293,NA,NA,p.Arg595Trp,107.9141509,26.73280046,6,0.734671119
urn:mavedb:00000664-a-1#294,NA,NA,p.Leu637Arg,91.16943856,14.2631632,12,0.620674424
urn:mavedb:00000664-a-1#295,NA,NA,p.Gln646Arg,74.60414609,16.96198679,7,0.507899205
urn:mavedb:00000664-a-1#296,NA,NA,p.Ile689Leu,179.0100217,17.27432288,15,1.21868626
urn:mavedb:00000664-a-1#297,NA,NA,p.Thr716Ile,93.95174363,10.73570012,15,0.63961614
urn:mavedb:00000664-a-1#298,NA,NA,p.Gly756Ser,169.1498292,15.61785991,10,1.151558838
urn:mavedb:00000664-a-1#299,NA,NA,p.Asn780Thr,125.1270313,24.52977202,11,0.851855066
urn:mavedb:00000664-a-1#300,NA,NA,p.Arg854Cys,121.930978,8.582696787,15,0.830096584
urn:mavedb:00000664-a-1#301,NA,NA,p.Arg871Ser,178.7921357,15.64479796,11,1.217202951
