gene,assay_key,task,model,available_rows,total_rows,signed_spearman
ADSL,ADSL::gate_consensus,consensus,llr_650M,8784,8784,0.5473756604751268
ADSL,ADSL::gate_consensus,consensus,llr_150M,8784,8784,0.551988433858051
AIRE,AIRE::gate_consensus,consensus,llr_650M,9790,9790,0.20433863674511876
AIRE,AIRE::gate_consensus,consensus,llr_150M,9790,9790,0.01481791365639572
ASPA,ASPA::gate_consensus,consensus,llr_650M,5843,5843,0.48254706329422653
ASPA,ASPA::gate_consensus,consensus,llr_150M,5843,5843,0.3992451055149547
BRCA1,BRCA1::gate_consensus,consensus,llr_650M,7045,7045,0.3337824147459106
BRCA1,BRCA1::gate_consensus,consensus,llr_150M,7045,7045,0.29122695957746647
BRCA2,BRCA2::gate_consensus,consensus,llr_650M,462,462,0.6628879476384429
BRCA2,BRCA2::gate_consensus,consensus,llr_150M,462,462,0.6447093055836373
CBS,CBS::gate_consensus,consensus,llr_650M,10450,10450,0.5091089021376267
CBS,CBS::gate_consensus,consensus,llr_150M,10450,10450,0.49889052523943755
CRX,CRX::gate_consensus,consensus,llr_650M,5284,5284,0.4342224973324095
CRX,CRX::gate_consensus,consensus,llr_150M,5284,5284,0.39801696969786304
DLG4,DLG4::DLG4_HUMAN_Faure_2021,fitness,llr_650M,0,1280,
DLG4,DLG4::DLG4_HUMAN_Faure_2021,fitness,llr_150M,0,1280,
FKRP,FKRP::gate_consensus,consensus,llr_650M,2878,2878,0.35169762560030804
FKRP,FKRP::gate_consensus,consensus,llr_150M,2878,2878,0.20622286252885183
GDI1,GDI1::GDIA_HUMAN_Silverstein_2021,fitness,llr_650M,0,1154,
GDI1,GDI1::GDIA_HUMAN_Silverstein_2021,fitness,llr_150M,0,1154,
HMGCR,HMGCR::gate_consensus,consensus,llr_650M,16853,16853,0.5257953996763254
HMGCR,HMGCR::gate_consensus,consensus,llr_150M,16853,16853,0.30955570773165003
HRAS,HRAS::RASH_HUMAN_Bandaru_2017,activity,llr_650M,0,3134,
HRAS,HRAS::RASH_HUMAN_Bandaru_2017,activity,llr_150M,0,3134,
JAG1,JAG1::gate_consensus,consensus,llr_650M,1969,1969,0.31184360748717915
JAG1,JAG1::gate_consensus,consensus,llr_150M,1969,1969,0.2614201785468497
KCNE1,KCNE1::gate_consensus,consensus,llr_650M,2328,2328,0.27439840442245306
KCNE1,KCNE1::gate_consensus,consensus,llr_150M,2328,2328,0.31217944106632883
KCNQ1,KCNQ1::gate_consensus,consensus,llr_650M,62,62,0.48392133162096146
KCNQ1,KCNQ1::gate_consensus,consensus,llr_150M,62,62,0.5636473521190603
KCNQ2,KCNQ2::gate_consensus,consensus,llr_650M,301,301,0.4590621102610927
KCNQ2,KCNQ2::gate_consensus,consensus,llr_150M,301,301,0.3519398365701195
KRAS,KRAS::gate_consensus,consensus,llr_650M,3320,3320,0.4548300828705628
KRAS,KRAS::gate_consensus,consensus,llr_150M,3320,3320,0.4994428797936983
LARGE1,LARGE1::gate_consensus,consensus,llr_650M,4484,4484,0.44043699764495436
LARGE1,LARGE1::gate_consensus,consensus,llr_150M,4484,4484,0.34386968159442594
MAPK1,MAPK1::gate_consensus,consensus,llr_650M,6810,6810,0.16382262261804761
MAPK1,MAPK1::gate_consensus,consensus,llr_150M,6810,6810,0.1753366511077088
MTHFR,MTHFR::gate_consensus,consensus,llr_650M,12464,12464,0.36930939825856174
MTHFR,MTHFR::gate_consensus,consensus,llr_150M,12464,12464,0.5261851539895769
OTC,OTC::gate_consensus,consensus,llr_650M,1570,1570,0.5229416884299863
OTC,OTC::gate_consensus,consensus,llr_150M,1570,1570,0.5125152669093004
PALB2,PALB2::gate_consensus,consensus,llr_650M,6718,6718,0.22009187967042898
PALB2,PALB2::gate_consensus,consensus,llr_150M,6718,6718,0.18359718797401822
PAX6,PAX6::gate_consensus,consensus,llr_650M,2719,2719,0.5490307759881207
PAX6,PAX6::gate_consensus,consensus,llr_150M,2719,2719,0.3518067328034805
PSAT1,PSAT1::gate_consensus,consensus,llr_650M,1915,1915,0.5539118004692294
PSAT1,PSAT1::gate_consensus,consensus,llr_150M,1915,1915,0.5202621259484533
PTEN,PTEN::gate_consensus,consensus,llr_650M,7504,7504,0.5214149340211658
PTEN,PTEN::gate_consensus,consensus,llr_150M,7504,7504,0.5469387292538257
SHOC2,SHOC2::SHOC2_HUMAN_Kwon_2022,fitness,llr_650M,0,10972,
SHOC2,SHOC2::SHOC2_HUMAN_Kwon_2022,fitness,llr_150M,0,10972,
SPOP,SPOP::gate_consensus,consensus,llr_650M,6261,6261,0.06006033417108451
SPOP,SPOP::gate_consensus,consensus,llr_150M,6261,6261,0.11710944969662472
SUMO1,SUMO1::gate_consensus,consensus,llr_650M,1919,1919,0.48560679597472395
SUMO1,SUMO1::gate_consensus,consensus,llr_150M,1919,1919,0.512248342137051
TPK1,TPK1::TPK1_HUMAN_Weile_2017,fitness,llr_650M,0,3181,
TPK1,TPK1::TPK1_HUMAN_Weile_2017,fitness,llr_150M,0,3181,
TSC2,TSC2::gate_consensus,consensus,llr_650M,9001,9001,0.37178384634462136
TSC2,TSC2::gate_consensus,consensus,llr_150M,9001,9001,0.17964451985269325
UBR5,UBR5::UBR5_HUMAN_Tsuboyama_2023_1I2T,stability,llr_650M,0,1094,
UBR5,UBR5::UBR5_HUMAN_Tsuboyama_2023_1I2T,stability,llr_150M,0,1094,
