accession,hgvs_nt,hgvs_splice,hgvs_pro,score,SE
urn:mavedb:00000113-a-2#1,NA,NA,p.Asp1_Ala2insLys,-0.486197215301734,0.477362975203395
urn:mavedb:00000113-a-2#2,NA,NA,p.Asp1_Ala2insAsn,0.871669828759245,0.516573146795243
urn:mavedb:00000113-a-2#3,NA,NA,p.Asp1_Ala2insThr,0.843047896933919,0.548247456775965
urn:mavedb:00000113-a-2#4,NA,NA,p.Asp1_Ala2insSer,0.614607693021651,0.615492650801426
urn:mavedb:00000113-a-2#5,NA,NA,p.Asp1_Ala2insMet,-1.37346092945867,0.509323609503619
urn:mavedb:00000113-a-2#6,NA,NA,p.Asp1_Ala2insIle,-2.35111398070342,2.89248318140149
urn:mavedb:00000113-a-2#7,NA,NA,p.Asp1_Ala2insGln,0.641949694748016,0.459136836754323
urn:mavedb:00000113-a-2#8,NA,NA,p.Asp1_Ala2insHis,0.488489314096559,0.464126318696465
urn:mavedb:00000113-a-2#9,NA,NA,p.Asp1_Ala2insPro,-0.725271551537174,0.48264029777846
urn:mavedb:00000113-a-2#10,NA,NA,p.Asp1_Ala2insArg,0.0605800167525152,0.470453972781262
urn:mavedb:00000113-a-2#11,NA,NA,p.Asp1_Ala2insLeu,-4.21005198068856,0.838326970951557
urn:mavedb:00000113-a-2#12,NA,NA,p.Asp1_Ala2insGlu,-0.964489975955696,0.524309234558939
urn:mavedb:00000113-a-2#13,NA,NA,p.Asp1_Ala2insAsp,-0.659482929964029,0.471890708971393
urn:mavedb:00000113-a-2#14,NA,NA,p.Ala2_Glu3insLys,0.827228857877221,0.457997589110968
urn:mavedb:00000113-a-2#15,NA,NA,p.Ala2_Glu3insAsn,0.531585396157283,0.459461285346592
urn:mavedb:00000113-a-2#16,NA,NA,p.Ala2_Glu3insThr,0.0185102491265151,0.459331464841507
urn:mavedb:00000113-a-2#17,NA,NA,p.Ala2_Glu3insSer,0.499461416093983,0.459121811315068
urn:mavedb:00000113-a-2#18,NA,NA,p.Ala2_Glu3insMet,-1.27156699312356,0.535687456512634
urn:mavedb:00000113-a-2#19,NA,NA,p.Ala2_Glu3insIle,-2.2149695236225,0.709543966456558
urn:mavedb:00000113-a-2#20,NA,NA,p.Ala2_Glu3insGln,1.27397757349571,0.458399128486831
urn:mavedb:00000113-a-2#21,NA,NA,p.Ala2_Glu3insHis,0.35277346144948,0.460756154144796
urn:mavedb:00000113-a-2#22,NA,NA,p.Ala2_Glu3insPro,0.512177927779259,0.475868629731445
urn:mavedb:00000113-a-2#23,NA,NA,p.Ala2_Glu3insArg,0.605372693168124,0.461099688434345
urn:mavedb:00000113-a-2#24,NA,NA,p.Ala2_Glu3insLeu,-1.82050240247814,0.791379100342127
urn:mavedb:00000113-a-2#25,NA,NA,p.Ala2_Glu3insGlu,-0.911374415266245,0.482097770384597
urn:mavedb:00000113-a-2#26,NA,NA,p.Glu3_Phe4insLys,-0.0025643443690226,0.466007656159419
urn:mavedb:00000113-a-2#27,NA,NA,p.Glu3_Phe4insAsn,0.0705308627190039,0.459241836224777
urn:mavedb:00000113-a-2#28,NA,NA,p.Glu3_Phe4insThr,0.0922073748170712,0.465091353348986
urn:mavedb:00000113-a-2#29,NA,NA,p.Glu3_Phe4insSer,0.547131700224635,0.45668719941528
urn:mavedb:00000113-a-2#30,NA,NA,p.Glu3_Phe4insMet,-3.68353557279448,4.22214661407691
urn:mavedb:00000113-a-2#31,NA,NA,p.Glu3_Phe4insIle,0.797979153365666,0.467731061719946
urn:mavedb:00000113-a-2#32,NA,NA,p.Glu3_Phe4insGln,-1.11631390076055,0.644016529471011
urn:mavedb:00000113-a-2#33,NA,NA,p.Glu3_Phe4insHis,0.232898853692035,0.458418954157015
urn:mavedb:00000113-a-2#34,NA,NA,p.Glu3_Phe4insPro,-0.0582512436495072,0.466644291815363
urn:mavedb:00000113-a-2#35,NA,NA,p.Glu3_Phe4insArg,1.22564121293751,0.532570382117225
urn:mavedb:00000113-a-2#36,NA,NA,p.Glu3_Phe4insLeu,-1.15434094683166,0.502903920124557
urn:mavedb:00000113-a-2#37,NA,NA,p.Glu3_Phe4insAsp,0.163677561500593,0.47762518506458
urn:mavedb:00000113-a-2#38,NA,NA,p.Glu3_Phe4insAla,-0.171391661651577,0.48250544142383
urn:mavedb:00000113-a-2#39,NA,NA,p.Glu3_Phe4insGly,-1.06859023744221,0.633059714351224
urn:mavedb:00000113-a-2#40,NA,NA,p.Glu3_Phe4insVal,-1.16812628517534,0.497361385222725
urn:mavedb:00000113-a-2#41,NA,NA,p.Glu3_Phe4insTyr,0.562475418262097,0.458222201359319
urn:mavedb:00000113-a-2#42,NA,NA,p.Glu3_Phe4insCys,0.40751990387075,0.459520910944848
urn:mavedb:00000113-a-2#43,NA,NA,p.Glu3_Phe4insTrp,-0.923464221994417,0.47954714465642
urn:mavedb:00000113-a-2#44,NA,NA,p.Phe4_Arg5insLys,0.238890719754598,0.471015993118153
urn:mavedb:00000113-a-2#45,NA,NA,p.Phe4_Arg5insAsn,0.752064054388009,0.468736817257691
urn:mavedb:00000113-a-2#46,NA,NA,p.Phe4_Arg5insThr,0.164173787411519,0.463422717299611
urn:mavedb:00000113-a-2#47,NA,NA,p.Phe4_Arg5insSer,0.518742977514337,0.456730017239847
urn:mavedb:00000113-a-2#48,NA,NA,p.Phe4_Arg5insMet,0.210640470253674,0.555363011150769
urn:mavedb:00000113-a-2#49,NA,NA,p.Phe4_Arg5insIle,0.778302325740093,0.45988394211915
urn:mavedb:00000113-a-2#50,NA,NA,p.Phe4_Arg5insGln,0.518428430710787,0.459483476798899
urn:mavedb:00000113-a-2#51,NA,NA,p.Phe4_Arg5insHis,0.113577916795137,0.47156430707155
urn:mavedb:00000113-a-2#52,NA,NA,p.Phe4_Arg5insPro,0.495913940591001,0.462053816670861
urn:mavedb:00000113-a-2#53,NA,NA,p.Arg5_His6insLys,-0.0250994091876563,0.465542562387032
urn:mavedb:00000113-a-2#54,NA,NA,p.Arg5_His6insAsn,-0.226591302620461,0.458589734238556
urn:mavedb:00000113-a-2#55,NA,NA,p.Arg5_His6insThr,-0.42162102665076,0.473327521337668
urn:mavedb:00000113-a-2#56,NA,NA,p.Arg5_His6insSer,0.520077129723449,0.457097224900968
urn:mavedb:00000113-a-2#57,NA,NA,p.Arg5_His6insMet,1.03966593067531,0.798984803132115
urn:mavedb:00000113-a-2#58,NA,NA,p.Arg5_His6insIle,-1.43868923006761,0.669696926085569
urn:mavedb:00000113-a-2#59,NA,NA,p.Arg5_His6insGln,0.301976883407699,0.465995206252371
urn:mavedb:00000113-a-2#60,NA,NA,p.His6_Asp7insLys,-0.225012928908676,0.714430654099155
urn:mavedb:00000113-a-2#61,NA,NA,p.His6_Asp7insAsn,0.551326626463261,0.845450049591417
urn:mavedb:00000113-a-2#62,NA,NA,p.His6_Asp7insThr,0.205319714341622,0.689085047609665
urn:mavedb:00000113-a-2#63,NA,NA,p.His6_Asp7insSer,-0.276423648134788,0.498363835125325
urn:mavedb:00000113-a-2#64,NA,NA,p.His6_Asp7insMet,0.483086059107736,0.457910861239023
urn:mavedb:00000113-a-2#65,NA,NA,p.His6_Asp7insIle,0.529350077968799,0.520882340789518
urn:mavedb:00000113-a-2#66,NA,NA,p.His6_Asp7insGln,1.03294939435359,0.457556963943535
urn:mavedb:00000113-a-2#67,NA,NA,p.Arg5_His6insHis,1.23567103553647,0.457627953026773
urn:mavedb:00000113-a-2#68,NA,NA,p.His6_Asp7insPro,0.580757813338374,0.458213105024349
urn:mavedb:00000113-a-2#69,NA,NA,p.His6_Asp7insArg,1.17163326693929,0.456964583422601
urn:mavedb:00000113-a-2#70,NA,NA,p.His6_Asp7insLeu,0.196956189799459,0.460439743878217
urn:mavedb:00000113-a-2#71,NA,NA,p.His6_Asp7insGlu,-0.0103470389267951,0.461400959502215
urn:mavedb:00000113-a-2#72,NA,NA,p.Asp7_Ser8insLys,0.575343540667222,0.457944400608504
urn:mavedb:00000113-a-2#73,NA,NA,p.Asp7_Ser8insAsn,-0.760457041267481,0.477946368918527
urn:mavedb:00000113-a-2#74,NA,NA,p.Asp7_Ser8insThr,0.0866240156534381,0.460529928618729
urn:mavedb:00000113-a-2#75,NA,NA,p.Asp7_Ser8insSer,1.43513713623286,0.479130733452896
urn:mavedb:00000113-a-2#76,NA,NA,p.Asp7_Ser8insMet,0.158595040317719,0.477560160733498
urn:mavedb:00000113-a-2#77,NA,NA,p.Asp7_Ser8insIle,0.268696477515622,0.459355051003254
urn:mavedb:00000113-a-2#78,NA,NA,p.Asp7_Ser8insGln,-0.135891826730826,0.468918641841662
urn:mavedb:00000113-a-2#79,NA,NA,p.Asp7_Ser8insHis,0.513626688746138,0.813500976057784
urn:mavedb:00000113-a-2#80,NA,NA,p.Asp7_Ser8insPro,0.167141315559296,0.461967257252013
urn:mavedb:00000113-a-2#81,NA,NA,p.Asp7_Ser8insArg,-0.448933146648767,0.586358650437274
urn:mavedb:00000113-a-2#82,NA,NA,p.Asp7_Ser8insLeu,0.251616136208396,0.456822999075048
urn:mavedb:00000113-a-2#83,NA,NA,p.Asp7_Ser8insGlu,0.0242040240260329,0.459009638803256
urn:mavedb:00000113-a-2#84,NA,NA,p.Asp7_Ser8insAla,0.66257275530952,0.457926700967596
urn:mavedb:00000113-a-2#85,NA,NA,p.Asp7_Ser8insGly,-0.632201868361058,0.82065110766315
urn:mavedb:00000113-a-2#86,NA,NA,p.Asp7_Ser8insVal,0.363908043943249,0.474191587508679
urn:mavedb:00000113-a-2#87,NA,NA,p.Asp7_Ser8insTyr,0.994730949682168,0.495585703270711
urn:mavedb:00000113-a-2#88,NA,NA,p.Ser8_Gly9insLys,0.510654653388436,0.857018962491053
urn:mavedb:00000113-a-2#89,NA,NA,p.Ser8_Gly9insAsn,0.664096796164923,0.531515715683254
urn:mavedb:00000113-a-2#90,NA,NA,p.Ser8_Gly9insThr,0.891280928163583,0.460378570726713
urn:mavedb:00000113-a-2#91,NA,NA,p.Ser8_Gly9insIle,-0.317660535402576,0.463889112012466
urn:mavedb:00000113-a-2#92,NA,NA,p.Ser8_Gly9insGln,0.296755671240415,0.472393476473055
urn:mavedb:00000113-a-2#93,NA,NA,p.Ser8_Gly9insHis,-3.34039465428518,4.57014017319149
urn:mavedb:00000113-a-2#94,NA,NA,p.Ser8_Gly9insPro,1.09892318051462,0.458452124194962
urn:mavedb:00000113-a-2#95,NA,NA,p.Ser8_Gly9insArg,-1.22701986683738,0.517419986374786
urn:mavedb:00000113-a-2#96,NA,NA,p.Ser8_Gly9insLeu,-1.19331276780697,0.496030791662309
urn:mavedb:00000113-a-2#97,NA,NA,p.Ser8_Gly9insGlu,-0.458254846782383,0.462708834814379
urn:mavedb:00000113-a-2#98,NA,NA,p.Ser8_Gly9insAsp,0.362776482882306,0.467516714238493
urn:mavedb:00000113-a-2#99,NA,NA,p.Ser8_Gly9insAla,0.681028865237832,0.476938719289092
urn:mavedb:00000113-a-2#100,NA,NA,p.Gly9_Tyr10insLys,-1.03177960754551,0.689617741575793
urn:mavedb:00000113-a-2#101,NA,NA,p.Gly9_Tyr10insAsn,-0.0962414829416186,0.653431495834367
urn:mavedb:00000113-a-2#102,NA,NA,p.Gly9_Tyr10insSer,0.233845536664737,0.540176351307741
urn:mavedb:00000113-a-2#103,NA,NA,p.Gly9_Tyr10insMet,0.0767590012413488,0.466380345100713
urn:mavedb:00000113-a-2#104,NA,NA,p.Gly9_Tyr10insIle,0.211051225499501,0.512028928931667
urn:mavedb:00000113-a-2#105,NA,NA,p.Gly9_Tyr10insGln,0.639788730322454,0.51363553186922
urn:mavedb:00000113-a-2#106,NA,NA,p.Gly9_Tyr10insHis,1.05972043229033,0.467864372099747
urn:mavedb:00000113-a-2#107,NA,NA,p.Gly9_Tyr10insPro,0.322170064842131,0.502643861032273
urn:mavedb:00000113-a-2#108,NA,NA,p.Gly9_Tyr10insArg,1.12779351644245,0.517534787213402
urn:mavedb:00000113-a-2#109,NA,NA,p.Gly9_Tyr10insLeu,-1.42419744940857,0.789041743070676
urn:mavedb:00000113-a-2#110,NA,NA,p.Gly9_Tyr10insGlu,-0.107766991618141,0.463928286210901
urn:mavedb:00000113-a-2#111,NA,NA,p.Gly9_Tyr10insAsp,0.357846868859099,0.525849442471374
urn:mavedb:00000113-a-2#112,NA,NA,p.Gly9_Tyr10insAla,0.464744121744618,0.457550162577491
urn:mavedb:00000113-a-2#113,NA,NA,p.Gly9_Tyr10insVal,1.96250115749715,0.456574597739674
urn:mavedb:00000113-a-2#114,NA,NA,p.Tyr10_Glu11insLys,2.07611403565902,0.654672363543586
urn:mavedb:00000113-a-2#115,NA,NA,p.Tyr10_Glu11insAsn,0.434960660276492,0.458390116187632
urn:mavedb:00000113-a-2#116,NA,NA,p.Tyr10_Glu11insThr,0.179273846951099,0.635879713022407
urn:mavedb:00000113-a-2#117,NA,NA,p.Tyr10_Glu11insSer,-0.0261404848774047,0.462624322177254
urn:mavedb:00000113-a-2#118,NA,NA,p.Tyr10_Glu11insMet,-1.14735966313839,0.519012952002637
urn:mavedb:00000113-a-2#119,NA,NA,p.Tyr10_Glu11insIle,-0.358354597750741,0.493466240372932
urn:mavedb:00000113-a-2#120,NA,NA,p.Tyr10_Glu11insGln,0.516562809102835,0.46189264772947
urn:mavedb:00000113-a-2#121,NA,NA,p.Tyr10_Glu11insHis,0.827620746022927,0.457578716547228
urn:mavedb:00000113-a-2#122,NA,NA,p.Tyr10_Glu11insPro,0.723581185604625,0.460986433343831
urn:mavedb:00000113-a-2#123,NA,NA,p.Tyr10_Glu11insArg,0.603227538356174,0.457671370848797
urn:mavedb:00000113-a-2#124,NA,NA,p.Tyr10_Glu11insLeu,-1.49232463798733,0.485871372997275
urn:mavedb:00000113-a-2#125,NA,NA,p.Glu11_Val12insLys,0.470849546133258,0.4576952265731
urn:mavedb:00000113-a-2#126,NA,NA,p.Glu11_Val12insAsn,0.336661989049605,0.464523351955093
urn:mavedb:00000113-a-2#127,NA,NA,p.Glu11_Val12insThr,-1.33796752590415,0.522811144137352
urn:mavedb:00000113-a-2#128,NA,NA,p.Glu11_Val12insSer,0.125345405173868,0.465182552795851
urn:mavedb:00000113-a-2#129,NA,NA,p.Glu11_Val12insMet,-2.33242867439655,0.531924555827661
urn:mavedb:00000113-a-2#130,NA,NA,p.Glu11_Val12insGln,0.348902463611254,0.466324541081275
urn:mavedb:00000113-a-2#131,NA,NA,p.Glu11_Val12insHis,1.31968513599419,0.63195115456061
urn:mavedb:00000113-a-2#132,NA,NA,p.Glu11_Val12insPro,-0.236727828934969,0.466568122865966
urn:mavedb:00000113-a-2#133,NA,NA,p.Glu11_Val12insArg,0.284333573518802,0.457677257627297
urn:mavedb:00000113-a-2#134,NA,NA,p.Glu11_Val12insLeu,-2.70304310775526,0.493028209662939
urn:mavedb:00000113-a-2#135,NA,NA,p.Tyr10_Glu11insGlu,-0.296965209006201,0.485634284796308
urn:mavedb:00000113-a-2#136,NA,NA,p.Glu11_Val12insAsp,0.0620759108385971,0.467008879507949
urn:mavedb:00000113-a-2#137,NA,NA,p.Glu11_Val12insAla,0.378788408663565,0.459231350933211
urn:mavedb:00000113-a-2#138,NA,NA,p.Glu11_Val12insGly,0.979997982501611,0.45672789959201
urn:mavedb:00000113-a-2#139,NA,NA,p.Glu11_Val12insVal,-2.02295937735219,0.474752878623016
urn:mavedb:00000113-a-2#140,NA,NA,p.Val12_His13insLys,0.683002762493578,0.75463902426315
urn:mavedb:00000113-a-2#141,NA,NA,p.Val12_His13insAsn,0.200363815423145,0.459529891215209
urn:mavedb:00000113-a-2#142,NA,NA,p.Val12_His13insThr,-1.99377009168866,0.474083719834623
urn:mavedb:00000113-a-2#143,NA,NA,p.Val12_His13insSer,-0.176986340386439,0.512587330705209
urn:mavedb:00000113-a-2#144,NA,NA,p.Val12_His13insMet,-1.84904505637905,0.471649938636813
urn:mavedb:00000113-a-2#145,NA,NA,p.Val12_His13insIle,-3.28966132526253,0.927335776689126
urn:mavedb:00000113-a-2#146,NA,NA,p.Val12_His13insGln,-0.519748976201773,0.476267251588961
urn:mavedb:00000113-a-2#147,NA,NA,p.His13_His14insLys,-3.07929470052208,1.06260670160826
urn:mavedb:00000113-a-2#148,NA,NA,p.His13_His14insAsn,0.099585131231705,0.530320604289413
urn:mavedb:00000113-a-2#149,NA,NA,p.His13_His14insThr,0.55849339524604,0.461313599801651
urn:mavedb:00000113-a-2#150,NA,NA,p.His13_His14insSer,-1.21586928574713,0.591407828829309
urn:mavedb:00000113-a-2#151,NA,NA,p.His13_His14insMet,2.12708190320254,0.456639340735604
urn:mavedb:00000113-a-2#152,NA,NA,p.His13_His14insIle,1.96464857972846,0.456488480669191
urn:mavedb:00000113-a-2#153,NA,NA,p.His13_His14insGln,0.687265497452774,0.459397956467715
urn:mavedb:00000113-a-2#154,NA,NA,p.His14_Gln15insLys,-0.710881117459092,0.556038988197139
urn:mavedb:00000113-a-2#155,NA,NA,p.His14_Gln15insThr,-0.410842909495669,0.64458460431664
urn:mavedb:00000113-a-2#156,NA,NA,p.His14_Gln15insSer,-1.12684746648131,0.473024876608299
urn:mavedb:00000113-a-2#157,NA,NA,p.His14_Gln15insMet,-1.34085031595398,0.482576335590037
urn:mavedb:00000113-a-2#158,NA,NA,p.Gln15_Lys16insLys,0.0135913399621379,0.470717597655539
urn:mavedb:00000113-a-2#159,NA,NA,p.Lys16_Leu17insAsn,0.72368111266461,0.457217568913525
urn:mavedb:00000113-a-2#160,NA,NA,p.Lys16_Leu17insThr,-0.308272927271787,0.467059545475258
urn:mavedb:00000113-a-2#161,NA,NA,p.Lys16_Leu17insSer,-0.464423954017395,0.469497183936749
urn:mavedb:00000113-a-2#162,NA,NA,p.Lys16_Leu17insIle,-2.78929525644789,0.523145726416454
urn:mavedb:00000113-a-2#163,NA,NA,p.Lys16_Leu17insGln,-0.426583316658683,0.556154097222535
urn:mavedb:00000113-a-2#164,NA,NA,p.Lys16_Leu17insHis,0.931999140756729,0.482130619262372
urn:mavedb:00000113-a-2#165,NA,NA,p.Lys16_Leu17insPro,0.347492117427319,0.459824480934335
urn:mavedb:00000113-a-2#166,NA,NA,p.Lys16_Leu17insArg,-2.41811214675074,0.487151381429897
urn:mavedb:00000113-a-2#167,NA,NA,p.Lys16_Leu17insLeu,-3.90396458086622,0.58941673270936
urn:mavedb:00000113-a-2#168,NA,NA,p.Lys16_Leu17insGlu,-2.47436526522127,0.63544504088268
urn:mavedb:00000113-a-2#169,NA,NA,p.Lys16_Leu17insAsp,-1.52980530450075,0.503197531146139
urn:mavedb:00000113-a-2#170,NA,NA,p.Lys16_Leu17insAla,-1.677201748208,0.5445552292944
urn:mavedb:00000113-a-2#171,NA,NA,p.Lys16_Leu17insGly,-0.647606834955288,0.489136808110756
urn:mavedb:00000113-a-2#172,NA,NA,p.Lys16_Leu17insVal,-1.86432276931744,0.466213558950463
urn:mavedb:00000113-a-2#173,NA,NA,p.Lys16_Leu17insTyr,-0.252367019826494,0.551912378373368
urn:mavedb:00000113-a-2#174,NA,NA,p.Lys16_Leu17insCys,-2.85015544673905,0.608706225022079
urn:mavedb:00000113-a-2#175,NA,NA,p.Lys16_Leu17insTrp,-4.57892474169639,0.633815926393892
urn:mavedb:00000113-a-2#176,NA,NA,p.Leu17_Val18insLys,0.473636208410692,0.464469812104412
urn:mavedb:00000113-a-2#177,NA,NA,p.Leu17_Val18insAsn,1.02896219953491,0.463888850133591
urn:mavedb:00000113-a-2#178,NA,NA,p.Leu17_Val18insThr,1.27309861160417,0.456514286267522
urn:mavedb:00000113-a-2#179,NA,NA,p.Leu17_Val18insSer,-0.459809539665455,0.523452391626623
urn:mavedb:00000113-a-2#180,NA,NA,p.Leu17_Val18insMet,0.0042186258691681,0.501620138502329
urn:mavedb:00000113-a-2#181,NA,NA,p.Leu17_Val18insIle,-2.94838122895431,0.534215541397413
urn:mavedb:00000113-a-2#182,NA,NA,p.Leu17_Val18insGln,0.138281275234085,0.467095282030536
urn:mavedb:00000113-a-2#183,NA,NA,p.Leu17_Val18insHis,0.39418503406595,0.458004453086087
urn:mavedb:00000113-a-2#184,NA,NA,p.Leu17_Val18insPro,1.19877702178091,0.804588168330878
urn:mavedb:00000113-a-2#185,NA,NA,p.Leu17_Val18insArg,0.201748175425327,0.462039040030289
urn:mavedb:00000113-a-2#186,NA,NA,p.Leu17_Val18insGlu,-0.330180963377802,0.626149487432947
urn:mavedb:00000113-a-2#187,NA,NA,p.Leu17_Val18insAsp,-1.27943517616405,0.51560922629755
urn:mavedb:00000113-a-2#188,NA,NA,p.Leu17_Val18insAla,-1.47979528194627,0.501096759067758
urn:mavedb:00000113-a-2#189,NA,NA,p.Leu17_Val18insGly,-1.13846584424587,0.489643660640493
urn:mavedb:00000113-a-2#190,NA,NA,p.Val18_Phe19insLys,-0.561795886023223,0.510115202257923
urn:mavedb:00000113-a-2#191,NA,NA,p.Val18_Phe19insAsn,0.173935717658105,0.462503540724024
urn:mavedb:00000113-a-2#192,NA,NA,p.Val18_Phe19insThr,1.12027869795398,0.460252784377929
urn:mavedb:00000113-a-2#193,NA,NA,p.Val18_Phe19insSer,-0.277140621795991,0.462746669158023
urn:mavedb:00000113-a-2#194,NA,NA,p.Val18_Phe19insMet,-1.14976431600801,1.74297107962067
urn:mavedb:00000113-a-2#195,NA,NA,p.Val18_Phe19insIle,-3.71878493043157,4.5614803956856
urn:mavedb:00000113-a-2#196,NA,NA,p.Val18_Phe19insGln,1.40612616532704,0.457161074024742
urn:mavedb:00000113-a-2#197,NA,NA,p.Val18_Phe19insHis,-2.1412023623932,0.801092567382121
urn:mavedb:00000113-a-2#198,NA,NA,p.Val18_Phe19insPro,1.17950807047481,0.462936383018793
urn:mavedb:00000113-a-2#199,NA,NA,p.Val18_Phe19insArg,-0.444960454153607,0.471205014455597
urn:mavedb:00000113-a-2#200,NA,NA,p.Val18_Phe19insLeu,-1.31901778998923,0.636180124428892
urn:mavedb:00000113-a-2#201,NA,NA,p.Val18_Phe19insGlu,-2.44244247621321,0.504687274256645
urn:mavedb:00000113-a-2#202,NA,NA,p.Val18_Phe19insAsp,-0.315596338605222,0.640764557234386
urn:mavedb:00000113-a-2#203,NA,NA,p.Val18_Phe19insAla,-1.32110016410485,0.498657348296637
urn:mavedb:00000113-a-2#204,NA,NA,p.Val18_Phe19insGly,2.55858701043066,0.866885369514886
urn:mavedb:00000113-a-2#205,NA,NA,p.Leu17_Val18insVal,-3.39159141333128,0.617989193395788
urn:mavedb:00000113-a-2#206,NA,NA,p.Val18_Phe19insTyr,-0.729452216565763,0.684457952937204
urn:mavedb:00000113-a-2#207,NA,NA,p.Val18_Phe19insCys,-0.743310967631799,0.466490025235101
urn:mavedb:00000113-a-2#208,NA,NA,p.Val18_Phe19insTrp,-4.13176528203713,0.59563142796414
urn:mavedb:00000113-a-2#209,NA,NA,p.Phe19_Phe20insLys,2.16329465547741,0.462367102549849
urn:mavedb:00000113-a-2#210,NA,NA,p.Phe19_Phe20insAsn,1.22298311393763,0.458276968455043
urn:mavedb:00000113-a-2#211,NA,NA,p.Phe19_Phe20insThr,0.0787813637281613,0.465762248330496
urn:mavedb:00000113-a-2#212,NA,NA,p.Phe19_Phe20insSer,0.877304792900465,0.457802683998581
urn:mavedb:00000113-a-2#213,NA,NA,p.Phe19_Phe20insMet,-0.42200652221885,0.950902639733812
urn:mavedb:00000113-a-2#214,NA,NA,p.Phe19_Phe20insIle,-0.415853352049669,0.632835457378996
urn:mavedb:00000113-a-2#215,NA,NA,p.Phe19_Phe20insGln,1.10418514845007,0.458940703694904
urn:mavedb:00000113-a-2#216,NA,NA,p.Phe19_Phe20insHis,1.73426382502089,0.463176600546165
urn:mavedb:00000113-a-2#217,NA,NA,p.Phe19_Phe20insPro,-0.0516340868926954,0.507567894755389
urn:mavedb:00000113-a-2#218,NA,NA,p.Phe19_Phe20insArg,1.47036417620162,0.458311062752859
urn:mavedb:00000113-a-2#219,NA,NA,p.Phe19_Phe20insLeu,0.750234396391426,0.45947783187587
urn:mavedb:00000113-a-2#220,NA,NA,p.Phe19_Phe20insGlu,0.938698544475959,0.458383976935042
urn:mavedb:00000113-a-2#221,NA,NA,p.Phe19_Phe20insAsp,0.0745188131737818,0.58040609750332
urn:mavedb:00000113-a-2#222,NA,NA,p.Phe19_Phe20insAla,0.520627013099667,0.457914140057939
urn:mavedb:00000113-a-2#223,NA,NA,p.Phe19_Phe20insGly,0.533775244292295,0.512086170177049
urn:mavedb:00000113-a-2#224,NA,NA,p.Phe19_Phe20insVal,2.26578029052839,0.463454885743472
urn:mavedb:00000113-a-2#225,NA,NA,p.Phe19_Phe20insTyr,1.32601208195149,0.462790767118103
urn:mavedb:00000113-a-2#226,NA,NA,p.Phe19_Phe20insCys,0.520573690634138,0.458663492604287
urn:mavedb:00000113-a-2#227,NA,NA,p.Phe19_Phe20insTrp,-4.1286392530023,0.588725891851043
urn:mavedb:00000113-a-2#228,NA,NA,p.Phe20_Ala21insLys,-1.38821637833334,0.482679524056011
urn:mavedb:00000113-a-2#229,NA,NA,p.Phe20_Ala21insAsn,0.568360199384659,0.458385368107484
urn:mavedb:00000113-a-2#230,NA,NA,p.Phe20_Ala21insThr,-0.649365752050823,0.479264239632214
urn:mavedb:00000113-a-2#231,NA,NA,p.Phe20_Ala21insSer,0.534360933712375,0.457563227894016
urn:mavedb:00000113-a-2#232,NA,NA,p.Phe20_Ala21insMet,-0.573191484699884,0.466334991019002
urn:mavedb:00000113-a-2#233,NA,NA,p.Phe20_Ala21insIle,-1.41773225675773,0.523747453424643
urn:mavedb:00000113-a-2#234,NA,NA,p.Phe20_Ala21insGln,-0.272573038799317,0.475211135234516
urn:mavedb:00000113-a-2#235,NA,NA,p.Phe20_Ala21insHis,-0.124089303433337,0.469376211266414
urn:mavedb:00000113-a-2#236,NA,NA,p.Phe20_Ala21insPro,0.754896272306697,0.830193207898824
urn:mavedb:00000113-a-2#237,NA,NA,p.Phe20_Ala21insArg,0.100702622679115,0.457747181660159
urn:mavedb:00000113-a-2#238,NA,NA,p.Phe20_Ala21insLeu,-1.8688146199148,0.724542930768397
urn:mavedb:00000113-a-2#239,NA,NA,p.Phe20_Ala21insGlu,-0.577785311296272,0.466819731072534
urn:mavedb:00000113-a-2#240,NA,NA,p.Phe20_Ala21insAsp,0.201272952866178,0.457222860521643
urn:mavedb:00000113-a-2#241,NA,NA,p.Ala21_Glu22insLys,-1.47184881230087,1.0531771386599
urn:mavedb:00000113-a-2#242,NA,NA,p.Ala21_Glu22insAsn,-0.766046249393562,0.65496915810275
urn:mavedb:00000113-a-2#243,NA,NA,p.Ala21_Glu22insThr,-4.00453353966889,0.667149326487649
urn:mavedb:00000113-a-2#244,NA,NA,p.Ala21_Glu22insSer,-3.30669078362986,0.567836620229762
urn:mavedb:00000113-a-2#245,NA,NA,p.Ala21_Glu22insMet,-4.01572611300158,0.765820154485897
urn:mavedb:00000113-a-2#246,NA,NA,p.Ala21_Glu22insIle,-3.245521606317,0.594481648863443
urn:mavedb:00000113-a-2#247,NA,NA,p.Ala21_Glu22insGln,0.276521498583401,0.524671273861451
urn:mavedb:00000113-a-2#248,NA,NA,p.Ala21_Glu22insHis,-2.70304507698252,0.652558450353916
urn:mavedb:00000113-a-2#249,NA,NA,p.Ala21_Glu22insPro,-0.148948307652493,0.471103297266681
urn:mavedb:00000113-a-2#250,NA,NA,p.Ala21_Glu22insArg,-4.14098117460614,1.48663383486359
urn:mavedb:00000113-a-2#251,NA,NA,p.Ala21_Glu22insLeu,-3.45844980929972,0.797800293577937
urn:mavedb:00000113-a-2#252,NA,NA,p.Glu22_Asp23insLys,0.755381140880855,0.660498213682009
urn:mavedb:00000113-a-2#253,NA,NA,p.Glu22_Asp23insAsn,1.28280178013056,0.459057176715544
urn:mavedb:00000113-a-2#254,NA,NA,p.Glu22_Asp23insThr,0.349809831167239,0.461454290993326
urn:mavedb:00000113-a-2#255,NA,NA,p.Glu22_Asp23insSer,-0.60930330344727,0.564554893985472
urn:mavedb:00000113-a-2#256,NA,NA,p.Glu22_Asp23insMet,-1.7359037128032,0.470128073082954
urn:mavedb:00000113-a-2#257,NA,NA,p.Glu22_Asp23insIle,-3.55825517959118,0.784328747469618
urn:mavedb:00000113-a-2#258,NA,NA,p.Glu22_Asp23insGln,2.00918605762819,0.465670749685549
urn:mavedb:00000113-a-2#259,NA,NA,p.Glu22_Asp23insHis,-0.273705698505404,0.795026489164086
urn:mavedb:00000113-a-2#260,NA,NA,p.Glu22_Asp23insPro,1.59795409876693,0.458722557088131
urn:mavedb:00000113-a-2#261,NA,NA,p.Glu22_Asp23insArg,0.382193258274547,0.457780578820107
urn:mavedb:00000113-a-2#262,NA,NA,p.Glu22_Asp23insLeu,-3.7184673857913,0.614664144054184
urn:mavedb:00000113-a-2#263,NA,NA,p.Ala21_Glu22insGlu,-4.26003660455883,0.723642393365981
urn:mavedb:00000113-a-2#264,NA,NA,p.Asp23_Val24insLys,-1.32104564743722,0.490670128251454
urn:mavedb:00000113-a-2#265,NA,NA,p.Asp23_Val24insAsn,0.34957691181876,0.846454452302177
urn:mavedb:00000113-a-2#266,NA,NA,p.Asp23_Val24insThr,0.121932976227361,0.457985998485201
urn:mavedb:00000113-a-2#267,NA,NA,p.Asp23_Val24insSer,2.35741823398287,0.45730580567676
urn:mavedb:00000113-a-2#268,NA,NA,p.Asp23_Val24insMet,-0.190244252217385,0.477086962894736
urn:mavedb:00000113-a-2#269,NA,NA,p.Asp23_Val24insIle,-0.776639641878993,0.507878499517271
urn:mavedb:00000113-a-2#270,NA,NA,p.Asp23_Val24insGln,-0.754393224251168,0.928961710760193
urn:mavedb:00000113-a-2#271,NA,NA,p.Asp23_Val24insHis,-0.472151937095694,0.471488310232527
urn:mavedb:00000113-a-2#272,NA,NA,p.Asp23_Val24insPro,-4.56626854173787,0.71838149323541
urn:mavedb:00000113-a-2#273,NA,NA,p.Asp23_Val24insArg,-1.65432384183886,0.575252099184916
urn:mavedb:00000113-a-2#274,NA,NA,p.Asp23_Val24insLeu,-0.696554947353352,0.524245963429967
urn:mavedb:00000113-a-2#275,NA,NA,p.Asp23_Val24insGlu,-4.08378087235495,0.624172614767624
urn:mavedb:00000113-a-2#276,NA,NA,p.Glu22_Asp23insAsp,-2.84678833657837,0.647080258489827
urn:mavedb:00000113-a-2#277,NA,NA,p.Asp23_Val24insAla,1.14911045404262,0.457269596847292
urn:mavedb:00000113-a-2#278,NA,NA,p.Asp23_Val24insGly,0.329181661318647,0.466651389024445
urn:mavedb:00000113-a-2#279,NA,NA,p.Val24_Gly25insLys,-1.42916747248987,0.512522988573843
urn:mavedb:00000113-a-2#280,NA,NA,p.Val24_Gly25insAsn,-2.10558769113576,0.580556969657358
urn:mavedb:00000113-a-2#281,NA,NA,p.Val24_Gly25insThr,-1.43310308406368,0.471149512105095
urn:mavedb:00000113-a-2#282,NA,NA,p.Val24_Gly25insSer,-1.38488150107013,0.644989569600326
urn:mavedb:00000113-a-2#283,NA,NA,p.Val24_Gly25insMet,-1.12175394257194,0.734827616185048
urn:mavedb:00000113-a-2#284,NA,NA,p.Val24_Gly25insIle,-3.7052973350646,0.592547644514983
urn:mavedb:00000113-a-2#285,NA,NA,p.Val24_Gly25insGln,-2.29863536895352,0.59917399618963
urn:mavedb:00000113-a-2#286,NA,NA,p.Val24_Gly25insHis,-2.78119803388339,1.00956343328925
urn:mavedb:00000113-a-2#287,NA,NA,p.Val24_Gly25insPro,-2.88602623930514,0.640125599004954
urn:mavedb:00000113-a-2#288,NA,NA,p.Val24_Gly25insArg,-1.71981147918888,0.52189601046798
urn:mavedb:00000113-a-2#289,NA,NA,p.Val24_Gly25insLeu,-0.314291477146877,0.463463790891016
urn:mavedb:00000113-a-2#290,NA,NA,p.Val24_Gly25insGlu,-4.58669441866727,0.923405627850638
urn:mavedb:00000113-a-2#291,NA,NA,p.Val24_Gly25insAsp,-4.29453839016105,0.717147335646918
urn:mavedb:00000113-a-2#292,NA,NA,p.Val24_Gly25insAla,-1.17444847237152,0.461095756790043
urn:mavedb:00000113-a-2#293,NA,NA,p.Val24_Gly25insGly,0.67047966238325,0.456936363150887
urn:mavedb:00000113-a-2#294,NA,NA,p.Gly25_Ser26insLys,0.180920769298155,0.457865098078276
urn:mavedb:00000113-a-2#295,NA,NA,p.Gly25_Ser26insAsn,0.959909534429774,0.457125767077529
urn:mavedb:00000113-a-2#296,NA,NA,p.Gly25_Ser26insThr,-0.599566811541737,0.490601947868665
urn:mavedb:00000113-a-2#297,NA,NA,p.Gly25_Ser26insSer,-0.077227703043784,0.504530932704802
urn:mavedb:00000113-a-2#298,NA,NA,p.Gly25_Ser26insMet,-1.83877875124029,0.519301621219601
urn:mavedb:00000113-a-2#299,NA,NA,p.Gly25_Ser26insIle,0.545918593623481,0.46122290339764
urn:mavedb:00000113-a-2#300,NA,NA,p.Gly25_Ser26insGln,-0.225108215890913,0.477475481669563
urn:mavedb:00000113-a-2#301,NA,NA,p.Gly25_Ser26insHis,0.860351972898485,0.458166080951728
urn:mavedb:00000113-a-2#302,NA,NA,p.Gly25_Ser26insPro,-2.24150311387386,0.50654275733545
urn:mavedb:00000113-a-2#303,NA,NA,p.Gly25_Ser26insArg,0.173517297568315,0.4690324850159
urn:mavedb:00000113-a-2#304,NA,NA,p.Gly25_Ser26insLeu,-0.919576411602708,0.459576859547459
urn:mavedb:00000113-a-2#305,NA,NA,p.Gly25_Ser26insGlu,-1.13119407823065,0.712567787298302
urn:mavedb:00000113-a-2#306,NA,NA,p.Gly25_Ser26insAsp,-1.41561239860446,0.470173773709269
urn:mavedb:00000113-a-2#307,NA,NA,p.Gly25_Ser26insAla,-0.0874840854838215,0.459853701583451
urn:mavedb:00000113-a-2#308,NA,NA,p.Gly25_Ser26insVal,0.596213286320279,0.481082988345334
urn:mavedb:00000113-a-2#309,NA,NA,p.Gly25_Ser26insTyr,0.0288112375004339,0.546598594336881
urn:mavedb:00000113-a-2#310,NA,NA,p.Ser26_Asn27insLys,-0.376359697705707,0.471341253687981
urn:mavedb:00000113-a-2#311,NA,NA,p.Asn27_Lys28insLys,-1.40340558098997,0.813346180765405
urn:mavedb:00000113-a-2#312,NA,NA,p.Lys28_Gly29insAsn,-0.285826393586291,0.843923461305113
urn:mavedb:00000113-a-2#313,NA,NA,p.Lys28_Gly29insThr,-0.266170825183704,0.465583108718986
urn:mavedb:00000113-a-2#314,NA,NA,p.Lys28_Gly29insSer,-4.31845248652176,0.696407371836247
urn:mavedb:00000113-a-2#315,NA,NA,p.Lys28_Gly29insMet,-1.12564960045236,0.654621563764068
urn:mavedb:00000113-a-2#316,NA,NA,p.Lys28_Gly29insIle,0.114309447409532,0.470890386122049
urn:mavedb:00000113-a-2#317,NA,NA,p.Lys28_Gly29insGln,-1.96458865043816,0.650858262336508
urn:mavedb:00000113-a-2#318,NA,NA,p.Lys28_Gly29insHis,-2.49987595609734,0.783412982003976
urn:mavedb:00000113-a-2#319,NA,NA,p.Lys28_Gly29insPro,-1.89327732092423,0.591570120346309
urn:mavedb:00000113-a-2#320,NA,NA,p.Lys28_Gly29insArg,-4.12480834443293,0.763368215343321
urn:mavedb:00000113-a-2#321,NA,NA,p.Lys28_Gly29insLeu,-2.39391298994999,0.678345857091798
urn:mavedb:00000113-a-2#322,NA,NA,p.Lys28_Gly29insGlu,-3.48586338032859,1.56649702208834
urn:mavedb:00000113-a-2#323,NA,NA,p.Lys28_Gly29insAsp,-5.32079746371342,0.775136692769761
urn:mavedb:00000113-a-2#324,NA,NA,p.Lys28_Gly29insAla,-0.483619731288592,0.48369498906368
urn:mavedb:00000113-a-2#325,NA,NA,p.Lys28_Gly29insGly,-0.660918552528394,0.465093614405717
urn:mavedb:00000113-a-2#326,NA,NA,p.Gly29_Ala30insLys,-4.36318423059035,1.01814219598035
urn:mavedb:00000113-a-2#327,NA,NA,p.Gly29_Ala30insAsn,-0.440506792770393,0.753227315759198
urn:mavedb:00000113-a-2#328,NA,NA,p.Gly29_Ala30insThr,-1.36780670007046,0.474762038342899
urn:mavedb:00000113-a-2#329,NA,NA,p.Gly29_Ala30insSer,-1.6030064651972,0.48867035576038
urn:mavedb:00000113-a-2#330,NA,NA,p.Gly29_Ala30insMet,-1.81352740526876,0.570795021641712
urn:mavedb:00000113-a-2#331,NA,NA,p.Gly29_Ala30insIle,-1.75413875996048,0.481706725964065
urn:mavedb:00000113-a-2#332,NA,NA,p.Gly29_Ala30insGln,-1.91079407802914,0.672878809662685
urn:mavedb:00000113-a-2#333,NA,NA,p.Gly29_Ala30insHis,-2.18773831729395,0.514429703224626
urn:mavedb:00000113-a-2#334,NA,NA,p.Gly29_Ala30insPro,-1.56869579312287,0.475600275324222
urn:mavedb:00000113-a-2#335,NA,NA,p.Gly29_Ala30insArg,-2.60591076425489,0.476687617679501
urn:mavedb:00000113-a-2#336,NA,NA,p.Gly29_Ala30insLeu,-2.79100172064169,0.586960915035416
urn:mavedb:00000113-a-2#337,NA,NA,p.Gly29_Ala30insGlu,-2.43900254067492,1.2045006928109
urn:mavedb:00000113-a-2#338,NA,NA,p.Gly29_Ala30insAsp,-2.55939722499286,0.524503882495537
urn:mavedb:00000113-a-2#339,NA,NA,p.Ala30_Ile31insLys,-3.55242101237042,0.589614941618892
urn:mavedb:00000113-a-2#340,NA,NA,p.Ala30_Ile31insAsn,-2.76756449231571,0.540776189293114
urn:mavedb:00000113-a-2#341,NA,NA,p.Ala30_Ile31insThr,-0.105437549821626,0.461737980525051
urn:mavedb:00000113-a-2#342,NA,NA,p.Ala30_Ile31insSer,-5.05978974977298,0.768304695818979
urn:mavedb:00000113-a-2#343,NA,NA,p.Ile31_Ile32insAsn,1.62515879708749,0.52302982126455
urn:mavedb:00000113-a-2#344,NA,NA,p.Ile31_Ile32insThr,0.602797837881127,0.506952027440166
urn:mavedb:00000113-a-2#345,NA,NA,p.Ile31_Ile32insSer,0.0738741691462835,0.468440823192831
urn:mavedb:00000113-a-2#346,NA,NA,p.Ile31_Ile32insMet,-0.745409405246103,0.596719623011037
urn:mavedb:00000113-a-2#347,NA,NA,p.Ile32_Gly33insLys,-5.0760634099728,0.941335570524875
urn:mavedb:00000113-a-2#348,NA,NA,p.Ile32_Gly33insThr,-4.69832148781966,0.816577705616925
urn:mavedb:00000113-a-2#349,NA,NA,p.Ile32_Gly33insSer,-3.68620019026196,1.27761772085365
urn:mavedb:00000113-a-2#350,NA,NA,p.Ile32_Gly33insMet,-4.00388157688318,0.803102097705537
urn:mavedb:00000113-a-2#351,NA,NA,p.Ile32_Gly33insGln,-3.04406240478668,0.600611490431061
urn:mavedb:00000113-a-2#352,NA,NA,p.Ile32_Gly33insHis,-4.63103202537907,0.878342486096862
urn:mavedb:00000113-a-2#353,NA,NA,p.Ile32_Gly33insPro,-4.97783419009609,1.13796318752304
urn:mavedb:00000113-a-2#354,NA,NA,p.Ile32_Gly33insArg,-3.83788816960414,1.28326445414741
urn:mavedb:00000113-a-2#355,NA,NA,p.Ile32_Gly33insLeu,-3.94372486446956,1.26994637715665
urn:mavedb:00000113-a-2#356,NA,NA,p.Ile32_Gly33insGlu,-4.20347584315218,0.702411971897992
urn:mavedb:00000113-a-2#357,NA,NA,p.Ile32_Gly33insAsp,-5.16475736633983,0.779311582980275
urn:mavedb:00000113-a-2#358,NA,NA,p.Ile32_Gly33insAla,-4.49665259754001,0.786220738143803
urn:mavedb:00000113-a-2#359,NA,NA,p.Gly33_Leu34insLys,-2.29470343800062,0.511037701230635
urn:mavedb:00000113-a-2#360,NA,NA,p.Gly33_Leu34insAsn,-3.05252321844669,0.610677615867495
urn:mavedb:00000113-a-2#361,NA,NA,p.Gly33_Leu34insThr,-0.325924300355499,0.487521947216056
urn:mavedb:00000113-a-2#362,NA,NA,p.Gly33_Leu34insSer,-5.87664084725618,3.59394948936734
urn:mavedb:00000113-a-2#363,NA,NA,p.Gly33_Leu34insMet,-3.92709233401114,0.729387140290331
urn:mavedb:00000113-a-2#364,NA,NA,p.Gly33_Leu34insIle,-2.65353227806438,0.549214996018426
urn:mavedb:00000113-a-2#365,NA,NA,p.Gly33_Leu34insGln,-3.74262476054117,0.631223960414619
urn:mavedb:00000113-a-2#366,NA,NA,p.Gly33_Leu34insHis,-4.14631243938956,2.76705022681454
urn:mavedb:00000113-a-2#367,NA,NA,p.Gly33_Leu34insPro,-3.84543503228099,0.919233250212064
urn:mavedb:00000113-a-2#368,NA,NA,p.Gly33_Leu34insArg,-4.75239687381906,1.00443301330636
urn:mavedb:00000113-a-2#369,NA,NA,p.Leu34_Met35insLys,-2.2984287334337,0.637010905115059
urn:mavedb:00000113-a-2#370,NA,NA,p.Leu34_Met35insAsn,-3.76070412253692,0.681798220225544
urn:mavedb:00000113-a-2#371,NA,NA,p.Leu34_Met35insThr,-3.79371306978726,0.662719332652334
urn:mavedb:00000113-a-2#372,NA,NA,p.Leu34_Met35insSer,-3.96918835091003,0.60912567931413
urn:mavedb:00000113-a-2#373,NA,NA,p.Met35_Val36insLys,-4.47710311428233,0.579424615886771
urn:mavedb:00000113-a-2#374,NA,NA,p.Met35_Val36insAsn,-0.0919342150848715,0.484787845803036
urn:mavedb:00000113-a-2#375,NA,NA,p.Met35_Val36insThr,-4.37971803613443,0.611317821933964
urn:mavedb:00000113-a-2#376,NA,NA,p.Met35_Val36insSer,-4.28933987445606,0.592696504434925
urn:mavedb:00000113-a-2#377,NA,NA,p.Leu34_Met35insMet,-4.46234772124298,0.802373876345432
urn:mavedb:00000113-a-2#378,NA,NA,p.Met35_Val36insIle,-3.04174171256105,0.497646561047371
urn:mavedb:00000113-a-2#379,NA,NA,p.Met35_Val36insGln,-5.09355650341693,0.894484475708272
urn:mavedb:00000113-a-2#380,NA,NA,p.Met35_Val36insHis,-3.6587299856251,0.621840153473703
urn:mavedb:00000113-a-2#381,NA,NA,p.Met35_Val36insPro,-4.1862276744324,0.707403325752115
urn:mavedb:00000113-a-2#382,NA,NA,p.Met35_Val36insArg,-5.0226621996048,0.668083129881348
urn:mavedb:00000113-a-2#383,NA,NA,p.Met35_Val36insLeu,-3.52137071831842,0.876298118883411
urn:mavedb:00000113-a-2#384,NA,NA,p.Met35_Val36insGlu,-5.13521269317722,3.04454727085569
urn:mavedb:00000113-a-2#385,NA,NA,p.Met35_Val36insAsp,-4.07174777974232,0.876463734302022
urn:mavedb:00000113-a-2#386,NA,NA,p.Met35_Val36insAla,-2.83805323331719,0.669571011086612
urn:mavedb:00000113-a-2#387,NA,NA,p.Met35_Val36insGly,-4.09837932451309,1.06295599752094
urn:mavedb:00000113-a-2#388,NA,NA,p.Val36_Gly37insLys,-3.26830498229047,0.651671135532473
urn:mavedb:00000113-a-2#389,NA,NA,p.Val36_Gly37insAsn,-2.91741370394261,0.524601520116981
urn:mavedb:00000113-a-2#390,NA,NA,p.Val36_Gly37insThr,-4.02010789744971,0.590082308228255
urn:mavedb:00000113-a-2#391,NA,NA,p.Val36_Gly37insSer,-3.7551926155853,0.865370781415771
urn:mavedb:00000113-a-2#392,NA,NA,p.Val36_Gly37insMet,-3.57847932780402,0.585124263082593
urn:mavedb:00000113-a-2#393,NA,NA,p.Val36_Gly37insIle,-3.44752852649391,0.510087911374114
urn:mavedb:00000113-a-2#394,NA,NA,p.Val36_Gly37insGln,-4.87542053276081,0.65227405314078
urn:mavedb:00000113-a-2#395,NA,NA,p.Val36_Gly37insHis,-5.26234146319511,0.97070405468688
urn:mavedb:00000113-a-2#396,NA,NA,p.Val36_Gly37insPro,-4.71319409924401,0.863923750742203
urn:mavedb:00000113-a-2#397,NA,NA,p.Val36_Gly37insArg,-4.28143650861251,0.792040714872932
urn:mavedb:00000113-a-2#398,NA,NA,p.Val36_Gly37insLeu,-4.94590689798471,0.979909947877441
urn:mavedb:00000113-a-2#399,NA,NA,p.Val36_Gly37insGlu,-4.17990970304256,0.583691529471585
urn:mavedb:00000113-a-2#400,NA,NA,p.Val36_Gly37insAsp,-3.67807125040947,0.673977526768005
urn:mavedb:00000113-a-2#401,NA,NA,p.Gly37_Gly38insLys,-4.15217027109478,0.667031755474417
urn:mavedb:00000113-a-2#402,NA,NA,p.Gly37_Gly38insAsn,-3.09494075341935,0.60414502048562
urn:mavedb:00000113-a-2#403,NA,NA,p.Gly37_Gly38insThr,-4.17583971680444,0.525283156414057
urn:mavedb:00000113-a-2#404,NA,NA,p.Gly37_Gly38insSer,-3.15444113447216,0.791902395260558
urn:mavedb:00000113-a-2#405,NA,NA,p.Gly37_Gly38insMet,-4.75123341332804,0.587589805108462
urn:mavedb:00000113-a-2#406,NA,NA,p.Gly37_Gly38insIle,-4.52348473863125,0.63844063908282
urn:mavedb:00000113-a-2#407,NA,NA,p.Gly37_Gly38insGln,-5.12894448626859,0.763647325303482
urn:mavedb:00000113-a-2#408,NA,NA,p.Gly37_Gly38insHis,-3.97472763116055,0.61324527671483
urn:mavedb:00000113-a-2#409,NA,NA,p.Gly37_Gly38insArg,-4.57934661660057,0.636420609798065
urn:mavedb:00000113-a-2#410,NA,NA,p.Gly37_Gly38insLeu,-5.24303179070256,0.651542146110185
urn:mavedb:00000113-a-2#411,NA,NA,p.Gly37_Gly38insGlu,-4.49990715094719,0.734773713176942
urn:mavedb:00000113-a-2#412,NA,NA,p.Gly37_Gly38insAsp,-3.87772329616555,0.624094934472176
urn:mavedb:00000113-a-2#413,NA,NA,p.Gly37_Gly38insAla,-4.54990239092717,0.604661337987596
urn:mavedb:00000113-a-2#414,NA,NA,p.Val36_Gly37insGly,-2.2883197415967,0.697687827671097
urn:mavedb:00000113-a-2#415,NA,NA,p.Gly38_Val39insLys,0.327281423335139,0.470182111330526
urn:mavedb:00000113-a-2#416,NA,NA,p.Gly38_Val39insAsn,0.647013159786027,0.46136053940822
urn:mavedb:00000113-a-2#417,NA,NA,p.Gly38_Val39insThr,1.16822222641929,0.472891545293288
urn:mavedb:00000113-a-2#418,NA,NA,p.Gly38_Val39insSer,0.851909447294966,0.604227109108888
urn:mavedb:00000113-a-2#419,NA,NA,p.Gly38_Val39insMet,-0.574917930379613,0.463255947517842
urn:mavedb:00000113-a-2#420,NA,NA,p.Gly38_Val39insIle,-1.09457138963924,0.492680441709654
urn:mavedb:00000113-a-2#421,NA,NA,p.Gly38_Val39insGln,0.928384725723527,0.458911251594324
urn:mavedb:00000113-a-2#422,NA,NA,p.Gly38_Val39insHis,-0.275909717108118,0.474429359496851
urn:mavedb:00000113-a-2#423,NA,NA,p.Gly38_Val39insPro,-0.944251389711982,0.869677287775832
urn:mavedb:00000113-a-2#424,NA,NA,p.Gly38_Val39insArg,-2.06586070726602,0.768016419772622
urn:mavedb:00000113-a-2#425,NA,NA,p.Gly38_Val39insLeu,0.240510602754589,0.467945674914792
urn:mavedb:00000113-a-2#426,NA,NA,p.Gly38_Val39insGlu,-1.38261535480141,0.513777865622236
urn:mavedb:00000113-a-2#427,NA,NA,p.Gly38_Val39insAsp,-2.10962269498812,0.490913076772905
urn:mavedb:00000113-a-2#428,NA,NA,p.Gly38_Val39insAla,-1.04396029797013,0.475301201275081
urn:mavedb:00000113-a-2#429,NA,NA,p.Gly38_Val39insVal,-0.263303247201514,0.493581365099222
urn:mavedb:00000113-a-2#430,NA,NA,p.Val39_Val40insLys,-2.51328017980307,0.901049519450223
urn:mavedb:00000113-a-2#431,NA,NA,p.Val39_Val40insAsn,-1.54256080233533,0.501524251923951
urn:mavedb:00000113-a-2#432,NA,NA,p.Val39_Val40insThr,-3.77946944989816,0.53206070095091
urn:mavedb:00000113-a-2#433,NA,NA,p.Val39_Val40insSer,-4.46903333453082,0.581365194270536
urn:mavedb:00000113-a-2#434,NA,NA,p.Val39_Val40insMet,-6.2497918576247,1.2454918089857
urn:mavedb:00000113-a-2#435,NA,NA,p.Val39_Val40insIle,1.7714514440264,0.541907247632303
urn:mavedb:00000113-a-2#436,NA,NA,p.Val39_Val40insGln,-3.56962787848014,0.932152019178221
urn:mavedb:00000113-a-2#437,NA,NA,p.Val39_Val40insHis,-3.24895239738595,0.502734763838906
urn:mavedb:00000113-a-2#438,NA,NA,p.Val39_Val40insPro,-3.911661007565,0.70060942485969
urn:mavedb:00000113-a-2#439,NA,NA,p.Val39_Val40insArg,-4.77889399034182,1.26079316288799
urn:mavedb:00000113-a-2#440,NA,NA,p.Val39_Val40insLeu,-2.01221948585293,0.555805153744462
urn:mavedb:00000113-a-2#441,NA,NA,p.Val39_Val40insGlu,-4.07240037223197,1.29654824726668
urn:mavedb:00000113-a-2#442,NA,NA,p.Val39_Val40insAsp,-3.30342205588373,1.61695485457352
urn:mavedb:00000113-a-2#443,NA,NA,p.Val39_Val40insAla,-4.13247237319905,0.674004790352784
urn:mavedb:00000113-a-2#444,NA,NA,p.Val39_Val40insGly,-4.10346988827123,0.698183994610291
urn:mavedb:00000113-a-2#445,NA,NA,p.Val40_Ile41insLys,-1.18019487905768,0.515494886132049
urn:mavedb:00000113-a-2#446,NA,NA,p.Val40_Ile41insAsn,2.70056829762929,0.457179312860458
urn:mavedb:00000113-a-2#447,NA,NA,p.Val40_Ile41insThr,1.55527909119478,0.466408436947152
urn:mavedb:00000113-a-2#448,NA,NA,p.Val40_Ile41insSer,0.59334987600144,0.511479000340134
urn:mavedb:00000113-a-2#449,NA,NA,p.Ile41_Ala42insLys,-1.62739707609329,0.484985281089213
urn:mavedb:00000113-a-2#450,NA,NA,p.Ile41_Ala42insAsn,1.85674676938791,0.480854959027576
urn:mavedb:00000113-a-2#451,NA,NA,p.Ile41_Ala42insThr,0.867098399139262,0.459337782756749
urn:mavedb:00000113-a-2#452,NA,NA,p.Ile41_Ala42insSer,-0.778766836719246,0.463750578229152
urn:mavedb:00000113-a-2#453,NA,NA,p.Ile41_Ala42insMet,-1.25588369125641,0.597772605747943
urn:mavedb:00000113-a-2#454,NA,NA,p.Ile41_Ala42insGln,0.274768349099789,0.460355414076592
urn:mavedb:00000113-a-2#455,NA,NA,p.Ile41_Ala42insHis,-0.13985883538217,0.528075333846552
urn:mavedb:00000113-a-2#456,NA,NA,p.Ile41_Ala42insPro,-5.10200649953208,0.743305566792203
urn:mavedb:00000113-a-2#457,NA,NA,p.Ile41_Ala42insArg,-2.49977810407529,0.752822645289876
urn:mavedb:00000113-a-2#458,NA,NA,p.Ile41_Ala42insLeu,-0.70011912970092,0.465064219347447
urn:mavedb:00000113-a-2#459,NA,NA,p.Ile41_Ala42insGlu,-4.3186804995303,0.618517395578813
urn:mavedb:00000113-a-2#460,NA,NA,p.Ile41_Ala42insAsp,-4.36353773171919,1.41831226648806
urn:mavedb:00000113-a-2#461,NA,NA,p.Ile41_Ala42insAla,-0.153861455350025,0.904164106549867
urn:mavedb:00000113-a-2#462,NA,NA,p.Ile41_Ala42insGly,-3.02901291116227,0.498707871484864
urn:mavedb:00000113-a-2#463,NA,NA,p.Ile41_Ala42insVal,0.0895638324757521,0.460412624407258
urn:mavedb:00000113-a-2#464,NA,NA,p.Ile41_Ala42insTyr,0.334888936652761,0.854131248146127
urn:mavedb:00000113-a-2#465,NA,NA,p.Ile41_Ala42insCys,-0.327523912121131,0.477117040173478
urn:mavedb:00000113-a-2#466,NA,NA,p.Ile41_Ala42insTrp,-3.59493139708471,0.939933958292824
urn:mavedb:00000113-a-2#467,NA,NA,p.Ile41_Ala42insPhe,-0.223180794369103,0.469834892968622
urn:mavedb:00000113-a-2#468,NA,NA,p.Val40_Ile41insMet,0.285216495736295,0.525863103790716
urn:mavedb:00000113-a-2#469,NA,NA,p.Val40_Ile41insIle,0.496546701136516,0.466586076508209
urn:mavedb:00000113-a-2#470,NA,NA,p.Val40_Ile41insGln,0.0912602100146457,0.46229240825889
urn:mavedb:00000113-a-2#471,NA,NA,p.Val40_Ile41insHis,1.09442787751439,0.460233460173789
urn:mavedb:00000113-a-2#472,NA,NA,p.Val40_Ile41insPro,-3.15698982749629,0.841013741869184
urn:mavedb:00000113-a-2#473,NA,NA,p.Val40_Ile41insArg,-0.455188056660728,0.542186511317002
urn:mavedb:00000113-a-2#474,NA,NA,p.Val40_Ile41insLeu,-0.3757764746335,0.690461052403856
urn:mavedb:00000113-a-2#475,NA,NA,p.Val40_Ile41insGlu,-2.05029750147492,0.665518982586811
urn:mavedb:00000113-a-2#476,NA,NA,p.Val40_Ile41insAsp,-1.84699661645312,0.533523426776523
urn:mavedb:00000113-a-2#477,NA,NA,p.Val40_Ile41insAla,-0.46065994469057,0.540591459608877
urn:mavedb:00000113-a-2#478,NA,NA,p.Val40_Ile41insGly,-3.51391520198514,0.762939232682961
urn:mavedb:00000113-a-2#479,NA,NA,p.Val40_Ile41insTyr,2.06986215209532,0.459424426294585
urn:mavedb:00000113-a-2#480,NA,NA,p.Val40_Ile41insCys,-0.490517755304302,0.540911408242079
urn:mavedb:00000113-a-2#481,NA,NA,p.Val40_Ile41insTrp,1.22522225353166,0.491104702835831
urn:mavedb:00000113-a-2#482,NA,NA,p.Val40_Ile41insPhe,1.44115387862331,0.481376225533134
urn:mavedb:00000113-a-2#483,NA,NA,p.Val39_Val40insTyr,-0.812618342477005,0.680252664598014
urn:mavedb:00000113-a-2#484,NA,NA,p.Val39_Val40insCys,-3.45557776808297,0.65385121000939
urn:mavedb:00000113-a-2#485,NA,NA,p.Val39_Val40insTrp,-3.85806836704258,0.62017712441068
urn:mavedb:00000113-a-2#486,NA,NA,p.Val39_Val40insPhe,-1.97018721008545,0.501229439467223
urn:mavedb:00000113-a-2#487,NA,NA,p.Gly38_Val39insTyr,0.106226936807736,0.702783863535818
urn:mavedb:00000113-a-2#488,NA,NA,p.Gly38_Val39insCys,0.371548509264291,0.458279913034581
urn:mavedb:00000113-a-2#489,NA,NA,p.Gly38_Val39insTrp,-2.16257602878184,0.628293632000204
urn:mavedb:00000113-a-2#490,NA,NA,p.Gly38_Val39insPhe,-1.56993722488162,0.510489973858363
urn:mavedb:00000113-a-2#491,NA,NA,p.Gly37_Gly38insVal,-4.86461035057813,0.656813400996071
urn:mavedb:00000113-a-2#492,NA,NA,p.Gly37_Gly38insTyr,-4.57632596315191,0.568236780877743
urn:mavedb:00000113-a-2#493,NA,NA,p.Gly37_Gly38insCys,-2.03283530491594,0.714684262793546
urn:mavedb:00000113-a-2#494,NA,NA,p.Gly37_Gly38insTrp,-2.91845919473021,0.492911046042279
urn:mavedb:00000113-a-2#495,NA,NA,p.Gly37_Gly38insPhe,-4.17945732619373,0.587713368023193
urn:mavedb:00000113-a-2#496,NA,NA,p.Met35_Val36insVal,-6.00311818817065,1.15214886349964
urn:mavedb:00000113-a-2#497,NA,NA,p.Val36_Gly37insTyr,-4.09677717633564,0.584579480879807
urn:mavedb:00000113-a-2#498,NA,NA,p.Val36_Gly37insCys,-2.95404381309685,0.516392925763105
urn:mavedb:00000113-a-2#499,NA,NA,p.Val36_Gly37insPhe,-2.46073333517083,0.504483890978384
urn:mavedb:00000113-a-2#500,NA,NA,p.Met35_Val36insTyr,-3.78940403924055,0.702604754212221
urn:mavedb:00000113-a-2#501,NA,NA,p.Met35_Val36insCys,-4.25403108258063,0.554539931790837
urn:mavedb:00000113-a-2#502,NA,NA,p.Met35_Val36insTrp,-5.31542231676804,2.75564804920057
urn:mavedb:00000113-a-2#503,NA,NA,p.Met35_Val36insPhe,-5.0576460116504,1.00084319160405
urn:mavedb:00000113-a-2#504,NA,NA,p.Leu34_Met35insIle,-4.66241534340777,0.672535235064768
urn:mavedb:00000113-a-2#505,NA,NA,p.Leu34_Met35insGln,-2.23390770081503,1.26586088947206
urn:mavedb:00000113-a-2#506,NA,NA,p.Leu34_Met35insHis,-3.27115200348923,0.578682584179399
urn:mavedb:00000113-a-2#507,NA,NA,p.Leu34_Met35insPro,-4.01022479555794,0.66438783216094
urn:mavedb:00000113-a-2#508,NA,NA,p.Leu34_Met35insArg,-3.63620695052632,0.729634375054388
urn:mavedb:00000113-a-2#509,NA,NA,p.Leu34_Met35insGlu,-4.25107825543353,1.26365022655901
urn:mavedb:00000113-a-2#510,NA,NA,p.Leu34_Met35insAsp,-4.41920299432866,0.587193977303356
urn:mavedb:00000113-a-2#511,NA,NA,p.Leu34_Met35insAla,-4.10978423752245,0.758853860055288
urn:mavedb:00000113-a-2#512,NA,NA,p.Leu34_Met35insGly,-4.18166233184643,0.642373504661141
urn:mavedb:00000113-a-2#513,NA,NA,p.Leu34_Met35insTyr,-4.74600615157388,0.591225756716846
urn:mavedb:00000113-a-2#514,NA,NA,p.Leu34_Met35insCys,-4.48136111747027,0.598225695815859
urn:mavedb:00000113-a-2#515,NA,NA,p.Leu34_Met35insTrp,-5.15770401609427,0.741552140145459
urn:mavedb:00000113-a-2#516,NA,NA,p.Leu34_Met35insPhe,-3.47767230615525,0.866019852384008
urn:mavedb:00000113-a-2#517,NA,NA,p.Gly33_Leu34insLeu,-4.86994178553583,0.988486852842826
urn:mavedb:00000113-a-2#518,NA,NA,p.Gly33_Leu34insGlu,-3.53835356294998,4.22695109413889
urn:mavedb:00000113-a-2#519,NA,NA,p.Gly33_Leu34insAsp,-3.83668910526745,0.770022388166647
urn:mavedb:00000113-a-2#520,NA,NA,p.Gly33_Leu34insAla,-4.16900185668255,0.71728569272537
urn:mavedb:00000113-a-2#521,NA,NA,p.Gly33_Leu34insVal,-3.84807531926895,0.532094255550703
urn:mavedb:00000113-a-2#522,NA,NA,p.Gly33_Leu34insTyr,-4.40361911673893,0.673697528925332
urn:mavedb:00000113-a-2#523,NA,NA,p.Gly33_Leu34insCys,-2.73847149115759,0.793766687113891
urn:mavedb:00000113-a-2#524,NA,NA,p.Gly33_Leu34insTrp,-5.10185932483516,0.748356594360501
urn:mavedb:00000113-a-2#525,NA,NA,p.Gly33_Leu34insPhe,-4.95797340106862,0.651038518144975
urn:mavedb:00000113-a-2#526,NA,NA,p.Ile32_Gly33insGly,-3.63783236318176,0.57307249254776
urn:mavedb:00000113-a-2#527,NA,NA,p.Ile32_Gly33insVal,-2.33092692223105,0.702621897646518
urn:mavedb:00000113-a-2#528,NA,NA,p.Ile32_Gly33insTyr,-3.05172697527921,0.608443094444164
urn:mavedb:00000113-a-2#529,NA,NA,p.Ile32_Gly33insCys,-4.53248129602222,0.829441273612454
urn:mavedb:00000113-a-2#530,NA,NA,p.Ile32_Gly33insTrp,-4.18531136104055,1.66706028418269
urn:mavedb:00000113-a-2#531,NA,NA,p.Ile32_Gly33insPhe,-2.99528573772529,0.595533124370963
urn:mavedb:00000113-a-2#532,NA,NA,p.Ile31_Ile32insGln,1.04974283655653,0.570444898288234
urn:mavedb:00000113-a-2#533,NA,NA,p.Ile31_Ile32insHis,1.85863838049626,0.457364371533862
urn:mavedb:00000113-a-2#534,NA,NA,p.Ile31_Ile32insPro,-4.2150320965054,0.656553651971202
urn:mavedb:00000113-a-2#535,NA,NA,p.Ile31_Ile32insArg,-2.24725459495455,0.491417850802282
urn:mavedb:00000113-a-2#536,NA,NA,p.Ile31_Ile32insLeu,-3.73915662153587,0.587553652830009
urn:mavedb:00000113-a-2#537,NA,NA,p.Ile31_Ile32insGlu,-4.11036852737535,0.804862447160688
urn:mavedb:00000113-a-2#538,NA,NA,p.Ile31_Ile32insAsp,-4.07915842780056,1.123144918852
urn:mavedb:00000113-a-2#539,NA,NA,p.Ile31_Ile32insAla,0.164051880525276,0.473892800311814
urn:mavedb:00000113-a-2#540,NA,NA,p.Ile31_Ile32insGly,-2.31303126052047,0.639213962215672
urn:mavedb:00000113-a-2#541,NA,NA,p.Ile31_Ile32insVal,-1.86161238365244,0.504316192214289
urn:mavedb:00000113-a-2#542,NA,NA,p.Ile31_Ile32insTyr,-2.01850794917486,0.686544089549089
urn:mavedb:00000113-a-2#543,NA,NA,p.Ile31_Ile32insCys,-1.44091413211545,0.476994143313937
urn:mavedb:00000113-a-2#544,NA,NA,p.Ile31_Ile32insTrp,-2.6465817541137,0.514666750843302
urn:mavedb:00000113-a-2#545,NA,NA,p.Ile31_Ile32insPhe,-5.12238393311428,0.865099247176183
urn:mavedb:00000113-a-2#546,NA,NA,p.Ala30_Ile31insMet,-4.3784012409267,0.732561709425711
urn:mavedb:00000113-a-2#547,NA,NA,p.Ala30_Ile31insIle,-1.16059327083424,0.759863745022755
urn:mavedb:00000113-a-2#548,NA,NA,p.Ala30_Ile31insGln,-0.784836561759515,0.470411442770192
urn:mavedb:00000113-a-2#549,NA,NA,p.Ala30_Ile31insHis,-6.20541841701533,1.56970310320971
urn:mavedb:00000113-a-2#550,NA,NA,p.Ala30_Ile31insPro,-2.6654666910074,0.727700877629186
urn:mavedb:00000113-a-2#551,NA,NA,p.Ala30_Ile31insArg,-4.58526922578718,0.859619490497909
urn:mavedb:00000113-a-2#552,NA,NA,p.Ala30_Ile31insLeu,-1.72554680063961,0.550995214483931
urn:mavedb:00000113-a-2#553,NA,NA,p.Ala30_Ile31insGlu,-4.50031852203955,0.782528533372915
urn:mavedb:00000113-a-2#554,NA,NA,p.Ala30_Ile31insAsp,-4.31453394305011,0.654566452775001
urn:mavedb:00000113-a-2#555,NA,NA,p.Ala30_Ile31insGly,-1.91623288633267,0.647262109879575
urn:mavedb:00000113-a-2#556,NA,NA,p.Ala30_Ile31insVal,-0.395338214889857,0.467078154656446
urn:mavedb:00000113-a-2#557,NA,NA,p.Ala30_Ile31insTyr,-4.62776225504556,1.01758809101605
urn:mavedb:00000113-a-2#558,NA,NA,p.Ala30_Ile31insCys,-2.66380063672462,0.671027164331799
urn:mavedb:00000113-a-2#559,NA,NA,p.Ala30_Ile31insTrp,-4.23359641591985,1.33689889679044
urn:mavedb:00000113-a-2#560,NA,NA,p.Ala30_Ile31insPhe,-1.85510366848553,0.734835597255325
urn:mavedb:00000113-a-2#561,NA,NA,p.Gly29_Ala30insAla,-3.08953081117162,0.69650557207718
urn:mavedb:00000113-a-2#562,NA,NA,p.Gly29_Ala30insVal,-1.53250158235134,0.489808146343147
urn:mavedb:00000113-a-2#563,NA,NA,p.Gly29_Ala30insTyr,-3.83938573577035,0.60917119287294
urn:mavedb:00000113-a-2#564,NA,NA,p.Gly29_Ala30insCys,-1.26086058204407,0.480797964614087
urn:mavedb:00000113-a-2#565,NA,NA,p.Gly29_Ala30insTrp,-4.66576564197259,0.775386714399158
urn:mavedb:00000113-a-2#566,NA,NA,p.Gly29_Ala30insPhe,-3.5914039327159,0.569320041894726
urn:mavedb:00000113-a-2#567,NA,NA,p.Lys28_Gly29insVal,0.585287486863595,0.459986911430961
urn:mavedb:00000113-a-2#568,NA,NA,p.Lys28_Gly29insTyr,-4.87894626091061,0.760821240609167
urn:mavedb:00000113-a-2#569,NA,NA,p.Lys28_Gly29insCys,0.73084093103226,0.457765987793075
urn:mavedb:00000113-a-2#570,NA,NA,p.Lys28_Gly29insTrp,-4.06537560817183,0.758487362680863
urn:mavedb:00000113-a-2#571,NA,NA,p.Lys28_Gly29insPhe,-1.39368829373026,0.483801472146855
urn:mavedb:00000113-a-2#572,NA,NA,p.Ser26_Asn27insAsn,0.471971586301557,0.54767008025715
urn:mavedb:00000113-a-2#573,NA,NA,p.Asn27_Lys28insSer,0.735774278991518,0.469018591531103
urn:mavedb:00000113-a-2#574,NA,NA,p.Asn27_Lys28insMet,-0.456834192282441,0.483453805362303
urn:mavedb:00000113-a-2#575,NA,NA,p.Asn27_Lys28insIle,-1.46393134426391,0.475545959356281
urn:mavedb:00000113-a-2#576,NA,NA,p.Asn27_Lys28insGln,-0.278859356402362,0.459516659452696
urn:mavedb:00000113-a-2#577,NA,NA,p.Asn27_Lys28insHis,-2.49065983978619,0.556260937523602
urn:mavedb:00000113-a-2#578,NA,NA,p.Asn27_Lys28insPro,-2.67228349468304,0.665403421396831
urn:mavedb:00000113-a-2#579,NA,NA,p.Asn27_Lys28insArg,-1.7064796818646,2.08014543129676
urn:mavedb:00000113-a-2#580,NA,NA,p.Asn27_Lys28insLeu,-2.66870420670793,0.609339949567777
urn:mavedb:00000113-a-2#581,NA,NA,p.Asn27_Lys28insGlu,-4.37503048499292,0.857623229654474
urn:mavedb:00000113-a-2#582,NA,NA,p.Asn27_Lys28insAsp,-4.13717805078316,0.656059271889684
urn:mavedb:00000113-a-2#583,NA,NA,p.Asn27_Lys28insAla,-0.346119153816181,0.46184363853942
urn:mavedb:00000113-a-2#584,NA,NA,p.Asn27_Lys28insGly,-0.926301408047279,0.541809211783964
urn:mavedb:00000113-a-2#585,NA,NA,p.Asn27_Lys28insVal,-0.526626391599585,0.82579881670655
urn:mavedb:00000113-a-2#586,NA,NA,p.Asn27_Lys28insTyr,-1.69731474931818,0.480250152164566
urn:mavedb:00000113-a-2#587,NA,NA,p.Asn27_Lys28insCys,-0.0328659816159322,0.867952205495498
urn:mavedb:00000113-a-2#588,NA,NA,p.Asn27_Lys28insTrp,-4.53316729752026,0.86468722895471
urn:mavedb:00000113-a-2#589,NA,NA,p.Asn27_Lys28insPhe,-3.14759489996949,1.28142478096523
urn:mavedb:00000113-a-2#590,NA,NA,p.Ser26_Asn27insThr,0.514690428575704,0.457223131834948
urn:mavedb:00000113-a-2#591,NA,NA,p.Ser26_Asn27insMet,0.0768441393377635,0.460182381222208
urn:mavedb:00000113-a-2#592,NA,NA,p.Ser26_Asn27insIle,0.488914731445417,0.548548200649326
urn:mavedb:00000113-a-2#593,NA,NA,p.Ser26_Asn27insGln,1.13367023719975,0.459841719846011
urn:mavedb:00000113-a-2#594,NA,NA,p.Ser26_Asn27insHis,1.17037987473069,0.457591080209556
urn:mavedb:00000113-a-2#595,NA,NA,p.Ser26_Asn27insPro,-3.78524059660825,1.13705572482283
urn:mavedb:00000113-a-2#596,NA,NA,p.Ser26_Asn27insArg,-0.0708562772590851,0.45838033765204
urn:mavedb:00000113-a-2#597,NA,NA,p.Ser26_Asn27insLeu,-0.70146260452193,0.630836044405797
urn:mavedb:00000113-a-2#598,NA,NA,p.Ser26_Asn27insGlu,-0.332926057594715,0.468842448165958
urn:mavedb:00000113-a-2#599,NA,NA,p.Ser26_Asn27insAsp,0.235400428507583,0.467833145354973
urn:mavedb:00000113-a-2#600,NA,NA,p.Ser26_Asn27insAla,-0.0540420431174237,0.518894116305487
urn:mavedb:00000113-a-2#601,NA,NA,p.Ser26_Asn27insGly,0.675245874637532,0.572653272722202
urn:mavedb:00000113-a-2#602,NA,NA,p.Ser26_Asn27insVal,0.244859563867121,0.463376004221643
urn:mavedb:00000113-a-2#603,NA,NA,p.Ser26_Asn27insTyr,0.596974115823448,0.601394899211963
urn:mavedb:00000113-a-2#604,NA,NA,p.Ser26_Asn27insCys,-1.13362915277699,0.485332385254652
urn:mavedb:00000113-a-2#605,NA,NA,p.Ser26_Asn27insTrp,-0.970305119967944,0.483083094485783
urn:mavedb:00000113-a-2#606,NA,NA,p.Ser26_Asn27insPhe,0.498621205072528,0.480790814505026
urn:mavedb:00000113-a-2#607,NA,NA,p.Gly25_Ser26insCys,-1.45217003513785,0.492245702253724
urn:mavedb:00000113-a-2#608,NA,NA,p.Gly25_Ser26insTrp,-0.1955240757236,1.07085809182298
urn:mavedb:00000113-a-2#609,NA,NA,p.Gly25_Ser26insPhe,0.473632677288324,0.457898485422875
urn:mavedb:00000113-a-2#610,NA,NA,p.Asp23_Val24insVal,-0.725216633697059,0.461642553799748
urn:mavedb:00000113-a-2#611,NA,NA,p.Val24_Gly25insTyr,-2.57844022994447,0.583706538260966
urn:mavedb:00000113-a-2#612,NA,NA,p.Val24_Gly25insCys,0.0415284972815858,0.49322696886704
urn:mavedb:00000113-a-2#613,NA,NA,p.Val24_Gly25insTrp,-3.21707755284149,0.966464273362797
urn:mavedb:00000113-a-2#614,NA,NA,p.Val24_Gly25insPhe,-1.54704474970423,0.491801608285733
urn:mavedb:00000113-a-2#615,NA,NA,p.Asp23_Val24insTyr,-2.42391814206529,0.549751144411424
urn:mavedb:00000113-a-2#616,NA,NA,p.Asp23_Val24insCys,0.540756512225249,0.465280329471
urn:mavedb:00000113-a-2#617,NA,NA,p.Asp23_Val24insTrp,-4.19963252392114,0.552846356806033
urn:mavedb:00000113-a-2#618,NA,NA,p.Asp23_Val24insPhe,-2.07827781331824,0.527625796801714
urn:mavedb:00000113-a-2#619,NA,NA,p.Glu22_Asp23insAla,0.274834052916579,0.459714296539461
urn:mavedb:00000113-a-2#620,NA,NA,p.Glu22_Asp23insGly,1.63726628381916,0.46815872816213
urn:mavedb:00000113-a-2#621,NA,NA,p.Glu22_Asp23insVal,-4.33682737680611,0.77996543965098
urn:mavedb:00000113-a-2#622,NA,NA,p.Glu22_Asp23insTyr,0.2733366464223,0.463797925195228
urn:mavedb:00000113-a-2#623,NA,NA,p.Glu22_Asp23insCys,-0.863969546441775,0.521737076096719
urn:mavedb:00000113-a-2#624,NA,NA,p.Glu22_Asp23insTrp,-4.13773359580527,0.636829376422595
urn:mavedb:00000113-a-2#625,NA,NA,p.Glu22_Asp23insPhe,-4.24155276837499,0.85070307824612
urn:mavedb:00000113-a-2#626,NA,NA,p.Ala21_Glu22insAsp,-1.54611847455417,0.469277954032515
urn:mavedb:00000113-a-2#627,NA,NA,p.Ala21_Glu22insGly,1.30714120432514,0.583471668808826
urn:mavedb:00000113-a-2#628,NA,NA,p.Ala21_Glu22insVal,-0.0618379265428012,0.463049933730037
urn:mavedb:00000113-a-2#629,NA,NA,p.Ala21_Glu22insTyr,-4.50902123528145,0.889253547747467
urn:mavedb:00000113-a-2#630,NA,NA,p.Ala21_Glu22insCys,-1.74774168090924,0.76815990016064
urn:mavedb:00000113-a-2#631,NA,NA,p.Ala21_Glu22insTrp,-4.80489633214847,2.37452665029674
urn:mavedb:00000113-a-2#632,NA,NA,p.Ala21_Glu22insPhe,-5.2301376541976,0.798087112141603
urn:mavedb:00000113-a-2#633,NA,NA,p.Phe20_Ala21insAla,1.84194044342784,0.499447086954382
urn:mavedb:00000113-a-2#634,NA,NA,p.Phe20_Ala21insGly,0.83234528445491,0.469676783468642
urn:mavedb:00000113-a-2#635,NA,NA,p.Phe20_Ala21insTyr,-2.4887520698443,0.689620276015503
urn:mavedb:00000113-a-2#636,NA,NA,p.Phe20_Ala21insCys,-2.78516827228096,1.51787941169831
urn:mavedb:00000113-a-2#637,NA,NA,p.Phe20_Ala21insTrp,-3.54346988293855,0.838737957383364
urn:mavedb:00000113-a-2#638,NA,NA,p.Val18_Phe19insPhe,-0.903847427526506,0.510841812970533
urn:mavedb:00000113-a-2#639,NA,NA,p.Leu17_Val18insTyr,0.404949994854858,0.465608560457957
urn:mavedb:00000113-a-2#640,NA,NA,p.Leu17_Val18insCys,-2.25774025445987,0.569521414108867
urn:mavedb:00000113-a-2#641,NA,NA,p.Leu17_Val18insTrp,-3.63868693651486,0.65818907953044
urn:mavedb:00000113-a-2#642,NA,NA,p.Leu17_Val18insPhe,-3.85348178617814,0.753446235916678
urn:mavedb:00000113-a-2#643,NA,NA,p.Lys16_Leu17insPhe,-5.15559298648976,2.35788936886107
urn:mavedb:00000113-a-2#644,NA,NA,p.Gln15_Lys16insAsn,1.31888269938456,0.597514909602937
urn:mavedb:00000113-a-2#645,NA,NA,p.Gln15_Lys16insThr,-0.404148849770817,0.503897820683758
urn:mavedb:00000113-a-2#646,NA,NA,p.Gln15_Lys16insSer,-0.416512381435455,0.459813029412466
urn:mavedb:00000113-a-2#647,NA,NA,p.Gln15_Lys16insMet,-3.41302662345232,0.685619477326442
urn:mavedb:00000113-a-2#648,NA,NA,p.Gln15_Lys16insHis,-0.814016483698023,0.489903628468868
urn:mavedb:00000113-a-2#649,NA,NA,p.Gln15_Lys16insPro,1.78591388993116,0.457634551589652
urn:mavedb:00000113-a-2#650,NA,NA,p.Gln15_Lys16insArg,-2.78654722264764,0.613445984332167
urn:mavedb:00000113-a-2#651,NA,NA,p.Gln15_Lys16insLeu,-3.90692859409914,0.784773343650637
urn:mavedb:00000113-a-2#652,NA,NA,p.Gln15_Lys16insGlu,-0.546254230097649,0.462578911248542
urn:mavedb:00000113-a-2#653,NA,NA,p.Gln15_Lys16insAsp,-2.64743484452949,0.933659114020181
urn:mavedb:00000113-a-2#654,NA,NA,p.Gln15_Lys16insAla,-0.28262353157561,0.460851845511947
urn:mavedb:00000113-a-2#655,NA,NA,p.Gln15_Lys16insGly,-1.0249638133702,0.525935050342555
urn:mavedb:00000113-a-2#656,NA,NA,p.Gln15_Lys16insVal,-1.01750526009231,0.469962790565522
urn:mavedb:00000113-a-2#657,NA,NA,p.Gln15_Lys16insTyr,-1.55166220666666,0.492030323722236
urn:mavedb:00000113-a-2#658,NA,NA,p.Gln15_Lys16insCys,-1.47146824004556,1.02389772987296
urn:mavedb:00000113-a-2#659,NA,NA,p.Gln15_Lys16insTrp,-4.72406568154221,0.633026800661439
urn:mavedb:00000113-a-2#660,NA,NA,p.Gln15_Lys16insPhe,-3.93668837127454,0.641468876767319
urn:mavedb:00000113-a-2#661,NA,NA,p.His14_Gln15insGln,-0.46816341137955,0.459687055417845
urn:mavedb:00000113-a-2#662,NA,NA,p.Val12_His13insHis,0.718954220382581,0.458292530734553
urn:mavedb:00000113-a-2#663,NA,NA,p.His14_Gln15insPro,0.933421480527331,0.458881179538839
urn:mavedb:00000113-a-2#664,NA,NA,p.His14_Gln15insArg,-0.883596390946999,0.459834055939228
urn:mavedb:00000113-a-2#665,NA,NA,p.His14_Gln15insLeu,-0.800030248527628,0.464629241385576
urn:mavedb:00000113-a-2#666,NA,NA,p.His14_Gln15insGlu,-1.61389060176414,0.473569592896806
urn:mavedb:00000113-a-2#667,NA,NA,p.His14_Gln15insAsp,-1.57669505692653,1.80553528229762
urn:mavedb:00000113-a-2#668,NA,NA,p.His14_Gln15insAla,-0.798793197218109,0.844648521298598
urn:mavedb:00000113-a-2#669,NA,NA,p.His14_Gln15insGly,0.176614461292638,0.465020849012916
urn:mavedb:00000113-a-2#670,NA,NA,p.His14_Gln15insVal,0.533292199840528,0.468210026851637
urn:mavedb:00000113-a-2#671,NA,NA,p.His14_Gln15insTyr,0.0332942964457154,0.470761922381851
urn:mavedb:00000113-a-2#672,NA,NA,p.His14_Gln15insCys,0.407667166610882,0.456836207868207
urn:mavedb:00000113-a-2#673,NA,NA,p.His14_Gln15insTrp,-2.3708394293254,0.539692955246607
urn:mavedb:00000113-a-2#674,NA,NA,p.His14_Gln15insPhe,-1.82696259238933,0.581477964938116
urn:mavedb:00000113-a-2#675,NA,NA,p.His13_His14insPro,0.904672991408973,0.45871291534394
urn:mavedb:00000113-a-2#676,NA,NA,p.His13_His14insArg,0.862223715181527,0.594228688019651
urn:mavedb:00000113-a-2#677,NA,NA,p.His13_His14insLeu,1.42356111414829,0.459393667460793
urn:mavedb:00000113-a-2#678,NA,NA,p.His13_His14insGlu,0.432319243004805,0.456689634480982
urn:mavedb:00000113-a-2#679,NA,NA,p.His13_His14insAsp,-0.325808455765387,0.471375781450319
urn:mavedb:00000113-a-2#680,NA,NA,p.His13_His14insAla,-0.90182095859742,0.502792828860161
urn:mavedb:00000113-a-2#681,NA,NA,p.His13_His14insGly,0.345047120816536,0.457993556085059
urn:mavedb:00000113-a-2#682,NA,NA,p.His13_His14insVal,2.48350302537823,0.456446804206043
urn:mavedb:00000113-a-2#683,NA,NA,p.His13_His14insTyr,2.52370735102427,0.463275276894989
urn:mavedb:00000113-a-2#684,NA,NA,p.His13_His14insCys,0.707739326771051,0.46138962351588
urn:mavedb:00000113-a-2#685,NA,NA,p.His13_His14insTrp,-0.440382857638869,0.469204660913479
urn:mavedb:00000113-a-2#686,NA,NA,p.His13_His14insPhe,2.47699408438185,0.503076394277487
urn:mavedb:00000113-a-2#687,NA,NA,p.Val12_His13insPro,1.0669211192377,0.458084230766125
urn:mavedb:00000113-a-2#688,NA,NA,p.Val12_His13insArg,-1.09133472670676,0.485281800735964
urn:mavedb:00000113-a-2#689,NA,NA,p.Val12_His13insLeu,-4.02955699611862,0.647481589008034
urn:mavedb:00000113-a-2#690,NA,NA,p.Val12_His13insGlu,-1.37685600023073,0.466454704750354
urn:mavedb:00000113-a-2#691,NA,NA,p.Val12_His13insAsp,-2.05185495382865,0.49271329390199
urn:mavedb:00000113-a-2#692,NA,NA,p.Val12_His13insAla,-0.922139434192288,0.622251861815386
urn:mavedb:00000113-a-2#693,NA,NA,p.Val12_His13insGly,0.345935738220651,0.459466866929528
urn:mavedb:00000113-a-2#694,NA,NA,p.Val12_His13insTyr,-2.81568560689323,0.727812179979961
urn:mavedb:00000113-a-2#695,NA,NA,p.Val12_His13insCys,-1.23864272990052,0.742217387025936
urn:mavedb:00000113-a-2#696,NA,NA,p.Val12_His13insTrp,-2.89893185893101,0.647784502300303
urn:mavedb:00000113-a-2#697,NA,NA,p.Val12_His13insPhe,-0.621252790837312,0.670718008362535
urn:mavedb:00000113-a-2#698,NA,NA,p.Glu11_Val12insTyr,-0.239432696755903,0.480746664880242
urn:mavedb:00000113-a-2#699,NA,NA,p.Glu11_Val12insCys,0.205021537569383,0.457176637234959
urn:mavedb:00000113-a-2#700,NA,NA,p.Glu11_Val12insTrp,0.577873185477308,0.456973732346439
urn:mavedb:00000113-a-2#701,NA,NA,p.Glu11_Val12insPhe,-0.690197525134432,0.592631669873508
urn:mavedb:00000113-a-2#702,NA,NA,p.Tyr10_Glu11insAsp,-0.865075070002405,0.535901704147579
urn:mavedb:00000113-a-2#703,NA,NA,p.Tyr10_Glu11insAla,-0.915609511874632,0.492506511389597
urn:mavedb:00000113-a-2#704,NA,NA,p.Tyr10_Glu11insGly,-0.378515024595853,0.598190398102714
urn:mavedb:00000113-a-2#705,NA,NA,p.Tyr10_Glu11insVal,0.1576545131775,0.461197886320485
urn:mavedb:00000113-a-2#706,NA,NA,p.Gly9_Tyr10insTyr,0.82600484043956,0.629066555850045
urn:mavedb:00000113-a-2#707,NA,NA,p.Tyr10_Glu11insCys,0.569832241735375,0.458103895496416
urn:mavedb:00000113-a-2#708,NA,NA,p.Tyr10_Glu11insTrp,0.0821183186349061,0.458353711603712
urn:mavedb:00000113-a-2#709,NA,NA,p.Tyr10_Glu11insPhe,1.13211811862988,0.456887805464304
urn:mavedb:00000113-a-2#710,NA,NA,p.Gly9_Tyr10insCys,1.07026492428761,0.468261769306514
urn:mavedb:00000113-a-2#711,NA,NA,p.Gly9_Tyr10insTrp,-0.326343707993134,0.491182843911094
urn:mavedb:00000113-a-2#712,NA,NA,p.Gly9_Tyr10insPhe,-0.31562840759112,0.570096706593761
urn:mavedb:00000113-a-2#713,NA,NA,p.Ser8_Gly9insGly,0.287808323855339,0.475003650034552
urn:mavedb:00000113-a-2#714,NA,NA,p.Ser8_Gly9insVal,-0.399742756416819,0.461510289405128
urn:mavedb:00000113-a-2#715,NA,NA,p.Ser8_Gly9insTyr,-0.496556295523494,0.501017023715989
urn:mavedb:00000113-a-2#716,NA,NA,p.Ser8_Gly9insCys,-0.739824652052721,0.474165403958994
urn:mavedb:00000113-a-2#717,NA,NA,p.Ser8_Gly9insTrp,0.573225278080923,0.459902029235441
urn:mavedb:00000113-a-2#718,NA,NA,p.Ser8_Gly9insPhe,-1.58447597742985,0.706636237095416
urn:mavedb:00000113-a-2#719,NA,NA,p.Asp7_Ser8insCys,-0.660784827772065,0.470727827873368
urn:mavedb:00000113-a-2#720,NA,NA,p.Asp7_Ser8insTrp,0.978197521932419,0.460353278191594
urn:mavedb:00000113-a-2#721,NA,NA,p.Asp7_Ser8insPhe,0.0909302266741898,0.515672707312896
urn:mavedb:00000113-a-2#722,NA,NA,p.His6_Asp7insAsp,-0.637661850907153,0.477427066116962
urn:mavedb:00000113-a-2#723,NA,NA,p.His6_Asp7insAla,1.27736521383471,0.468394549059249
urn:mavedb:00000113-a-2#724,NA,NA,p.His6_Asp7insGly,-0.183495896595128,0.672824333116359
urn:mavedb:00000113-a-2#725,NA,NA,p.His6_Asp7insVal,-0.647901370137757,0.464191208072931
urn:mavedb:00000113-a-2#726,NA,NA,p.His6_Asp7insCys,0.524013277958441,0.481765158481232
urn:mavedb:00000113-a-2#727,NA,NA,p.His6_Asp7insTrp,0.0516408046065553,0.491486482475995
urn:mavedb:00000113-a-2#728,NA,NA,p.His6_Asp7insPhe,-0.0744272242521408,0.478789863096429
urn:mavedb:00000113-a-2#729,NA,NA,p.Arg5_His6insPro,0.375617217687652,0.45994653341667
urn:mavedb:00000113-a-2#730,NA,NA,p.Arg5_His6insLeu,-0.454340351019004,0.465760109000763
urn:mavedb:00000113-a-2#731,NA,NA,p.Arg5_His6insGlu,-0.948245512948695,0.463446797790442
urn:mavedb:00000113-a-2#732,NA,NA,p.Arg5_His6insAsp,-0.861410615836821,0.462048895779107
urn:mavedb:00000113-a-2#733,NA,NA,p.Arg5_His6insAla,-0.149183475294357,0.465909484662813
urn:mavedb:00000113-a-2#734,NA,NA,p.Arg5_His6insGly,0.338052060550409,0.611416625336467
urn:mavedb:00000113-a-2#735,NA,NA,p.Arg5_His6insVal,0.0684300211862486,0.516763994233942
urn:mavedb:00000113-a-2#736,NA,NA,p.Arg5_His6insTyr,-1.78193735944778,2.20078170074654
urn:mavedb:00000113-a-2#737,NA,NA,p.Arg5_His6insCys,-2.00819847248866,0.726980766293289
urn:mavedb:00000113-a-2#738,NA,NA,p.Arg5_His6insTrp,-0.955717145127525,0.486666098980246
urn:mavedb:00000113-a-2#739,NA,NA,p.Arg5_His6insPhe,0.299865254389591,0.460562564908547
urn:mavedb:00000113-a-2#740,NA,NA,p.Phe4_Arg5insArg,0.234824903301997,0.47884065752289
urn:mavedb:00000113-a-2#741,NA,NA,p.Phe4_Arg5insLeu,-0.17263959070681,0.45990611603956
urn:mavedb:00000113-a-2#742,NA,NA,p.Phe4_Arg5insAsp,-0.454005141665447,0.488845090620222
urn:mavedb:00000113-a-2#743,NA,NA,p.Phe4_Arg5insAla,1.60849177128966,0.456361621366025
urn:mavedb:00000113-a-2#744,NA,NA,p.Phe4_Arg5insGly,0.0678974981808407,0.465050856170073
urn:mavedb:00000113-a-2#745,NA,NA,p.Phe4_Arg5insVal,0.530876729798797,0.460596159062201
urn:mavedb:00000113-a-2#746,NA,NA,p.Phe4_Arg5insTyr,0.0844005466239255,0.605591029488431
urn:mavedb:00000113-a-2#747,NA,NA,p.Phe4_Arg5insCys,0.532243647834041,0.459440961041957
urn:mavedb:00000113-a-2#748,NA,NA,p.Phe4_Arg5insTrp,0.555617940951004,0.457523758291148
urn:mavedb:00000113-a-2#749,NA,NA,p.Glu3_Phe4insPhe,1.10222022838768,0.458815117075962
urn:mavedb:00000113-a-2#750,NA,NA,p.Ala2_Glu3insAsp,-3.29641795142292,0.559448541520591
urn:mavedb:00000113-a-2#751,NA,NA,p.Ala2_Glu3insGly,0.816607723105951,0.457246144265882
urn:mavedb:00000113-a-2#752,NA,NA,p.Ala2_Glu3insVal,-2.32976410000175,0.523776799934645
urn:mavedb:00000113-a-2#753,NA,NA,p.Ala2_Glu3insTyr,0.438868048548848,0.459585331986843
urn:mavedb:00000113-a-2#754,NA,NA,p.Ala2_Glu3insCys,0.446458368344986,0.459053191553951
urn:mavedb:00000113-a-2#755,NA,NA,p.Ala2_Glu3insTrp,0.526490732622318,0.559044276186739
urn:mavedb:00000113-a-2#756,NA,NA,p.Ala2_Glu3insPhe,-2.37566709073306,1.26262287405683
urn:mavedb:00000113-a-2#757,NA,NA,p.Asp1_Ala2insAla,0.397444476134926,0.466900173294909
urn:mavedb:00000113-a-2#758,NA,NA,p.Asp1_Ala2insGly,-0.0288698690137779,0.711421145799679
urn:mavedb:00000113-a-2#759,NA,NA,p.Asp1_Ala2insVal,-1.95414804174419,1.07074891037721
urn:mavedb:00000113-a-2#760,NA,NA,p.Asp1_Ala2insTyr,0.152411815942006,0.477525655177992
urn:mavedb:00000113-a-2#761,NA,NA,p.Asp1_Ala2insCys,-0.866765176874908,0.688069420741349
urn:mavedb:00000113-a-2#762,NA,NA,p.Asp1_Ala2insTrp,0.283983515531424,0.465024319692853
urn:mavedb:00000113-a-2#763,NA,NA,p.Asp1_Ala2insPhe,1.16507832946663,0.495588090565563
