accession,hgvs_nt,hgvs_splice,hgvs_pro,score,log2 (E1react/display),Std
urn:mavedb:00000038-b-1#1,NA,NA,p.Lys9Tyr,1.06,0.23,0.02
urn:mavedb:00000038-b-1#2,NA,NA,p.Lys9Trp,0.99,-0.06,NA
urn:mavedb:00000038-b-1#3,NA,NA,p.Lys9Val,1.0,-0.02,0.04
urn:mavedb:00000038-b-1#4,NA,NA,p.Lys9Thr,1.03,0.11,0.03
urn:mavedb:00000038-b-1#5,NA,NA,p.Lys9Ser,1.01,0.03,0.06
urn:mavedb:00000038-b-1#6,NA,NA,p.Lys9Arg,0.98,-0.07,0.08
urn:mavedb:00000038-b-1#7,NA,NA,p.Lys9Gln,0.95,-0.22,0.02
urn:mavedb:00000038-b-1#8,NA,NA,p.Lys9Pro,0.85,-0.65,0.01
urn:mavedb:00000038-b-1#9,NA,NA,p.Lys9Asn,1.04,0.17,0.01
urn:mavedb:00000038-b-1#10,NA,NA,p.Lys9Met,0.98,-0.08,NA
urn:mavedb:00000038-b-1#11,NA,NA,p.Lys9Leu,1.04,0.16,0.06
urn:mavedb:00000038-b-1#12,NA,NA,p.Lys9Ile,0.96,-0.16,0.08
urn:mavedb:00000038-b-1#13,NA,NA,p.Lys9His,0.96,-0.19,0.01
urn:mavedb:00000038-b-1#14,NA,NA,p.Lys9Gly,0.99,-0.02,0.04
urn:mavedb:00000038-b-1#15,NA,NA,p.Lys9Phe,1.0,-0.01,0.05
urn:mavedb:00000038-b-1#16,NA,NA,p.Lys9Glu,0.83,-0.74,0.04
urn:mavedb:00000038-b-1#17,NA,NA,p.Lys9Asp,0.83,-0.71,0.0
urn:mavedb:00000038-b-1#18,NA,NA,p.Lys9Cys,1.03,0.12,0.03
urn:mavedb:00000038-b-1#19,NA,NA,p.Lys9Ala,1.04,0.17,0.03
urn:mavedb:00000038-b-1#20,NA,NA,p.Lys9Ter,0.05,-4.02,0.02
urn:mavedb:00000038-b-1#21,NA,NA,p.Gly8Tyr,0.94,-0.27,0.03
urn:mavedb:00000038-b-1#22,NA,NA,p.Gly8Trp,0.99,-0.05,NA
urn:mavedb:00000038-b-1#23,NA,NA,p.Gly8Val,0.97,-0.14,0.01
urn:mavedb:00000038-b-1#24,NA,NA,p.Gly8Thr,1.02,0.1,0.04
urn:mavedb:00000038-b-1#25,NA,NA,p.Gly8Ser,0.99,-0.05,0.02
urn:mavedb:00000038-b-1#26,NA,NA,p.Gly8Arg,1.05,0.19,0.06
urn:mavedb:00000038-b-1#27,NA,NA,p.Gly8Gln,0.95,-0.23,NA
urn:mavedb:00000038-b-1#28,NA,NA,p.Gly8Pro,0.81,-0.78,0.09
urn:mavedb:00000038-b-1#29,NA,NA,p.Gly8Asn,0.95,-0.22,0.02
urn:mavedb:00000038-b-1#30,NA,NA,p.Gly8Met,1.0,0.01,NA
urn:mavedb:00000038-b-1#31,NA,NA,p.Gly8Leu,0.89,-0.47,0.05
urn:mavedb:00000038-b-1#32,NA,NA,p.Gly8Lys,0.96,-0.17,0.01
urn:mavedb:00000038-b-1#33,NA,NA,p.Gly8Ile,0.84,-0.69,0.01
urn:mavedb:00000038-b-1#34,NA,NA,p.Gly8His,0.98,-0.09,0.01
urn:mavedb:00000038-b-1#35,NA,NA,p.Gly8=,1.02,0.08,0.03
urn:mavedb:00000038-b-1#36,NA,NA,p.Gly8Phe,0.94,-0.25,0.0
urn:mavedb:00000038-b-1#37,NA,NA,p.Gly8Glu,0.8,-0.84,0.02
urn:mavedb:00000038-b-1#38,NA,NA,p.Gly8Asp,1.04,0.19,0.05
urn:mavedb:00000038-b-1#39,NA,NA,p.Gly8Cys,0.53,-1.97,0.14
urn:mavedb:00000038-b-1#40,NA,NA,p.Gly8Ala,1.02,0.07,0.04
urn:mavedb:00000038-b-1#41,NA,NA,p.Gly8Ter,0.16,-3.55,0.11
urn:mavedb:00000038-b-1#42,NA,NA,p.Ala7Tyr,0.98,-0.07,0.04
urn:mavedb:00000038-b-1#43,NA,NA,p.Ala7Trp,0.98,-0.08,NA
urn:mavedb:00000038-b-1#44,NA,NA,p.Ala7Val,0.92,-0.33,0.01
urn:mavedb:00000038-b-1#45,NA,NA,p.Ala7Thr,0.97,-0.12,0.05
urn:mavedb:00000038-b-1#46,NA,NA,p.Ala7Ser,1.02,0.07,0.04
urn:mavedb:00000038-b-1#47,NA,NA,p.Ala7Arg,0.98,-0.08,0.03
urn:mavedb:00000038-b-1#48,NA,NA,p.Ala7Gln,1.01,0.04,0.01
urn:mavedb:00000038-b-1#49,NA,NA,p.Ala7Pro,0.96,-0.17,0.02
urn:mavedb:00000038-b-1#50,NA,NA,p.Ala7Asn,1.02,0.08,0.03
urn:mavedb:00000038-b-1#51,NA,NA,p.Ala7Met,1.04,0.17,NA
urn:mavedb:00000038-b-1#52,NA,NA,p.Ala7Leu,0.94,-0.27,0.03
urn:mavedb:00000038-b-1#53,NA,NA,p.Ala7Lys,1.11,0.48,0.05
urn:mavedb:00000038-b-1#54,NA,NA,p.Ala7Ile,1.0,0.01,0.04
urn:mavedb:00000038-b-1#55,NA,NA,p.Ala7His,0.97,-0.14,0.0
urn:mavedb:00000038-b-1#56,NA,NA,p.Ala7Gly,0.99,-0.03,0.06
urn:mavedb:00000038-b-1#57,NA,NA,p.Ala7Phe,1.02,0.09,0.07
urn:mavedb:00000038-b-1#58,NA,NA,p.Ala7Glu,0.94,-0.27,0.01
urn:mavedb:00000038-b-1#59,NA,NA,p.Ala7Asp,1.04,0.16,0.01
urn:mavedb:00000038-b-1#60,NA,NA,p.Ala7Cys,0.95,-0.23,0.01
urn:mavedb:00000038-b-1#61,NA,NA,p.Ala7=,0.95,-0.21,0.07
urn:mavedb:00000038-b-1#62,NA,NA,p.Ala7Ter,0.04,-4.03,0.07
urn:mavedb:00000038-b-1#63,NA,NA,p.Phe6Tyr,1.02,0.08,0.01
urn:mavedb:00000038-b-1#64,NA,NA,p.Phe6Trp,1.0,0.0,NA
urn:mavedb:00000038-b-1#65,NA,NA,p.Phe6Val,0.99,-0.05,0.06
urn:mavedb:00000038-b-1#66,NA,NA,p.Phe6Thr,1.03,0.14,0.06
urn:mavedb:00000038-b-1#67,NA,NA,p.Phe6Ser,1.02,0.09,0.02
urn:mavedb:00000038-b-1#68,NA,NA,p.Phe6Arg,1.04,0.18,0.04
urn:mavedb:00000038-b-1#69,NA,NA,p.Phe6Gln,1.04,0.16,0.04
urn:mavedb:00000038-b-1#70,NA,NA,p.Phe6Pro,0.18,-3.47,0.07
urn:mavedb:00000038-b-1#71,NA,NA,p.Phe6Asn,1.07,0.28,0.01
urn:mavedb:00000038-b-1#72,NA,NA,p.Phe6Met,1.05,0.21,NA
urn:mavedb:00000038-b-1#73,NA,NA,p.Phe6Leu,1.03,0.11,0.05
urn:mavedb:00000038-b-1#74,NA,NA,p.Phe6Lys,1.07,0.31,0.02
urn:mavedb:00000038-b-1#75,NA,NA,p.Phe6Ile,1.0,0.0,0.02
urn:mavedb:00000038-b-1#76,NA,NA,p.Phe6His,1.02,0.07,0.0
urn:mavedb:00000038-b-1#77,NA,NA,p.Phe6Gly,1.01,0.06,0.05
urn:mavedb:00000038-b-1#78,NA,NA,p.Phe6=,0.99,-0.04,NA
urn:mavedb:00000038-b-1#79,NA,NA,p.Phe6Glu,1.05,0.21,0.03
urn:mavedb:00000038-b-1#80,NA,NA,p.Phe6Asp,0.98,-0.07,0.02
urn:mavedb:00000038-b-1#81,NA,NA,p.Phe6Cys,0.99,-0.02,0.0
urn:mavedb:00000038-b-1#82,NA,NA,p.Phe6Ala,0.99,-0.05,0.05
urn:mavedb:00000038-b-1#83,NA,NA,p.Phe6Ter,0.09,-3.85,0.07
urn:mavedb:00000038-b-1#84,NA,NA,p.Ile5Tyr,0.02,-4.12,0.05
urn:mavedb:00000038-b-1#85,NA,NA,p.Ile5Trp,0.97,-0.12,NA
urn:mavedb:00000038-b-1#86,NA,NA,p.Ile5Val,0.98,-0.09,0.07
urn:mavedb:00000038-b-1#87,NA,NA,p.Ile5Thr,1.02,0.09,0.04
urn:mavedb:00000038-b-1#88,NA,NA,p.Ile5Ser,0.26,-3.1,0.06
urn:mavedb:00000038-b-1#89,NA,NA,p.Ile5Arg,0.1,-3.81,0.04
urn:mavedb:00000038-b-1#90,NA,NA,p.Ile5Gln,0.99,-0.03,0.0
urn:mavedb:00000038-b-1#91,NA,NA,p.Ile5Pro,0.16,-3.52,0.05
urn:mavedb:00000038-b-1#92,NA,NA,p.Ile5Asn,0.74,-1.09,0.02
urn:mavedb:00000038-b-1#93,NA,NA,p.Ile5Met,1.02,0.07,NA
urn:mavedb:00000038-b-1#94,NA,NA,p.Ile5Leu,1.0,0.02,0.03
urn:mavedb:00000038-b-1#95,NA,NA,p.Ile5Lys,0.12,-3.69,0.06
urn:mavedb:00000038-b-1#96,NA,NA,p.Ile5=,0.94,-0.24,0.01
urn:mavedb:00000038-b-1#97,NA,NA,p.Ile5His,0.99,-0.04,0.04
urn:mavedb:00000038-b-1#98,NA,NA,p.Ile5Gly,0.48,-2.21,0.03
urn:mavedb:00000038-b-1#99,NA,NA,p.Ile5Phe,0.04,-4.07,0.01
urn:mavedb:00000038-b-1#100,NA,NA,p.Ile5Glu,0.13,-3.66,0.0
urn:mavedb:00000038-b-1#101,NA,NA,p.Ile5Asp,0.09,-3.84,0.0
urn:mavedb:00000038-b-1#102,NA,NA,p.Ile5Cys,0.59,-1.71,0.0
urn:mavedb:00000038-b-1#103,NA,NA,p.Ile5Ala,0.86,-0.6,0.04
urn:mavedb:00000038-b-1#104,NA,NA,p.Ile5Ter,0.08,-3.86,0.09
urn:mavedb:00000038-b-1#105,NA,NA,p.Leu4Tyr,1.06,0.27,0.07
urn:mavedb:00000038-b-1#106,NA,NA,p.Leu4Trp,1.01,0.06,NA
urn:mavedb:00000038-b-1#107,NA,NA,p.Leu4Val,0.95,-0.2,0.08
urn:mavedb:00000038-b-1#108,NA,NA,p.Leu4Thr,0.54,-1.95,0.04
urn:mavedb:00000038-b-1#109,NA,NA,p.Leu4Ser,0.3,-2.94,0.09
urn:mavedb:00000038-b-1#110,NA,NA,p.Leu4Arg,0.06,-3.94,0.06
urn:mavedb:00000038-b-1#111,NA,NA,p.Leu4Gln,0.39,-2.59,0.05
urn:mavedb:00000038-b-1#112,NA,NA,p.Leu4Pro,0.68,-1.35,0.03
urn:mavedb:00000038-b-1#113,NA,NA,p.Leu4Asn,0.24,-3.19,0.14
urn:mavedb:00000038-b-1#114,NA,NA,p.Leu4Met,1.02,0.09,NA
urn:mavedb:00000038-b-1#115,NA,NA,p.Leu4=,1.02,0.07,0.04
urn:mavedb:00000038-b-1#116,NA,NA,p.Leu4Lys,0.15,-3.59,0.0
urn:mavedb:00000038-b-1#117,NA,NA,p.Leu4Ile,0.99,-0.05,0.06
urn:mavedb:00000038-b-1#118,NA,NA,p.Leu4His,0.47,-2.23,0.02
urn:mavedb:00000038-b-1#119,NA,NA,p.Leu4Gly,0.34,-2.77,0.04
urn:mavedb:00000038-b-1#120,NA,NA,p.Leu4Phe,1.01,0.04,0.0
urn:mavedb:00000038-b-1#121,NA,NA,p.Leu4Glu,0.34,-2.77,0.03
urn:mavedb:00000038-b-1#122,NA,NA,p.Leu4Asp,0.17,-3.51,0.03
urn:mavedb:00000038-b-1#123,NA,NA,p.Leu4Cys,0.95,-0.2,0.0
urn:mavedb:00000038-b-1#124,NA,NA,p.Leu4Ala,0.87,-0.53,0.04
urn:mavedb:00000038-b-1#125,NA,NA,p.Leu4Ter,0.02,-4.13,0.05
urn:mavedb:00000038-b-1#126,NA,NA,p.Arg3Tyr,1.0,0.02,0.03
urn:mavedb:00000038-b-1#127,NA,NA,p.Arg3Trp,0.85,-0.62,NA
urn:mavedb:00000038-b-1#128,NA,NA,p.Arg3Val,0.99,-0.05,0.05
urn:mavedb:00000038-b-1#129,NA,NA,p.Arg3Thr,0.98,-0.1,0.03
urn:mavedb:00000038-b-1#130,NA,NA,p.Arg3Ser,0.9,-0.44,0.03
urn:mavedb:00000038-b-1#131,NA,NA,p.Arg3=,1.01,0.05,0.05
urn:mavedb:00000038-b-1#132,NA,NA,p.Arg3Gln,0.92,-0.35,0.05
urn:mavedb:00000038-b-1#133,NA,NA,p.Arg3Pro,1.01,0.06,0.02
urn:mavedb:00000038-b-1#134,NA,NA,p.Arg3Asn,1.05,0.23,0.03
urn:mavedb:00000038-b-1#135,NA,NA,p.Arg3Met,0.91,-0.36,NA
urn:mavedb:00000038-b-1#136,NA,NA,p.Arg3Leu,0.98,-0.1,0.08
urn:mavedb:00000038-b-1#137,NA,NA,p.Arg3Lys,0.99,-0.03,0.05
urn:mavedb:00000038-b-1#138,NA,NA,p.Arg3Ile,1.0,0.01,0.02
urn:mavedb:00000038-b-1#139,NA,NA,p.Arg3His,0.97,-0.11,0.03
urn:mavedb:00000038-b-1#140,NA,NA,p.Arg3Gly,0.26,-3.1,0.02
urn:mavedb:00000038-b-1#141,NA,NA,p.Arg3Phe,0.97,-0.12,0.12
urn:mavedb:00000038-b-1#142,NA,NA,p.Arg3Glu,-0.04,-4.4,0.01
urn:mavedb:00000038-b-1#143,NA,NA,p.Arg3Asp,0.06,-3.98,0.0
urn:mavedb:00000038-b-1#144,NA,NA,p.Arg3Cys,1.01,0.04,0.02
urn:mavedb:00000038-b-1#145,NA,NA,p.Arg3Ala,0.99,-0.04,0.04
urn:mavedb:00000038-b-1#146,NA,NA,p.Arg3Ter,-0.06,-4.48,0.14
urn:mavedb:00000038-b-1#147,NA,NA,p.Gln2Tyr,1.1,0.43,0.06
urn:mavedb:00000038-b-1#148,NA,NA,p.Gln2Trp,1.09,0.38,NA
urn:mavedb:00000038-b-1#149,NA,NA,p.Gln2Val,1.03,0.13,0.02
urn:mavedb:00000038-b-1#150,NA,NA,p.Gln2Thr,1.05,0.23,0.02
urn:mavedb:00000038-b-1#151,NA,NA,p.Gln2Ser,1.06,0.24,0.03
urn:mavedb:00000038-b-1#152,NA,NA,p.Gln2Arg,0.9,-0.44,0.04
urn:mavedb:00000038-b-1#153,NA,NA,p.Gln2=,1.02,0.1,NA
urn:mavedb:00000038-b-1#154,NA,NA,p.Gln2Pro,1.0,0.0,0.03
urn:mavedb:00000038-b-1#155,NA,NA,p.Gln2Asn,1.04,0.17,0.04
urn:mavedb:00000038-b-1#156,NA,NA,p.Gln2Met,0.92,-0.33,NA
urn:mavedb:00000038-b-1#157,NA,NA,p.Gln2Leu,1.06,0.24,0.05
urn:mavedb:00000038-b-1#158,NA,NA,p.Gln2Lys,0.54,-1.94,NA
urn:mavedb:00000038-b-1#159,NA,NA,p.Gln2Ile,1.02,0.1,0.04
urn:mavedb:00000038-b-1#160,NA,NA,p.Gln2His,1.01,0.03,0.03
urn:mavedb:00000038-b-1#161,NA,NA,p.Gln2Gly,1.06,0.25,0.02
urn:mavedb:00000038-b-1#162,NA,NA,p.Gln2Phe,1.05,0.23,0.05
urn:mavedb:00000038-b-1#163,NA,NA,p.Gln2Glu,0.97,-0.11,0.02
urn:mavedb:00000038-b-1#164,NA,NA,p.Gln2Asp,1.02,0.09,0.0
urn:mavedb:00000038-b-1#165,NA,NA,p.Gln2Cys,1.05,0.21,0.01
urn:mavedb:00000038-b-1#166,NA,NA,p.Gln2Ala,1.05,0.19,0.01
urn:mavedb:00000038-b-1#167,NA,NA,p.Gln2Ter,-0.13,-4.77,0.13
urn:mavedb:00000038-b-1#168,NA,NA,p.Gln1Tyr,0.92,-0.36,0.08
urn:mavedb:00000038-b-1#169,NA,NA,p.Gln1Trp,0.98,-0.08,NA
urn:mavedb:00000038-b-1#170,NA,NA,p.Gln1Val,0.98,-0.1,0.05
urn:mavedb:00000038-b-1#171,NA,NA,p.Gln1Thr,0.99,-0.03,0.01
urn:mavedb:00000038-b-1#172,NA,NA,p.Gln1Ser,1.01,0.03,0.05
urn:mavedb:00000038-b-1#173,NA,NA,p.Gln1Arg,0.97,-0.14,0.07
urn:mavedb:00000038-b-1#174,NA,NA,p.Gln1=,0.79,-0.89,NA
urn:mavedb:00000038-b-1#175,NA,NA,p.Gln1Pro,1.01,0.05,0.05
urn:mavedb:00000038-b-1#176,NA,NA,p.Gln1Asn,0.93,-0.27,0.11
urn:mavedb:00000038-b-1#177,NA,NA,p.Gln1Met,1.01,0.03,NA
urn:mavedb:00000038-b-1#178,NA,NA,p.Gln1Leu,0.96,-0.17,0.09
urn:mavedb:00000038-b-1#179,NA,NA,p.Gln1Lys,1.07,0.31,0.1
urn:mavedb:00000038-b-1#180,NA,NA,p.Gln1Ile,1.04,0.18,0.11
urn:mavedb:00000038-b-1#181,NA,NA,p.Gln1His,0.91,-0.38,0.01
urn:mavedb:00000038-b-1#182,NA,NA,p.Gln1Gly,1.02,0.07,0.02
urn:mavedb:00000038-b-1#183,NA,NA,p.Gln1Phe,0.9,-0.43,0.04
urn:mavedb:00000038-b-1#184,NA,NA,p.Gln1Glu,1.07,0.3,0.04
urn:mavedb:00000038-b-1#185,NA,NA,p.Gln1Asp,1.02,0.1,0.01
urn:mavedb:00000038-b-1#186,NA,NA,p.Gln1Cys,0.8,-0.82,0.01
urn:mavedb:00000038-b-1#187,NA,NA,p.Gln1Ala,0.99,-0.03,0.05
urn:mavedb:00000038-b-1#188,NA,NA,p.Gln1Ter,-0.24,-5.23,0.22
