accession,hgvs_nt,hgvs_splice,hgvs_pro,score,Sigma,mean_count,count_e1_s0,count_e2_s0,count_e1_s1,count_e2_s1,fitness1_uncorr,fitness2_uncorr,sigma1_uncorr,sigma2_uncorr
urn:mavedb:00000672-d-4#1,c.=,NA,p.=,-0.0139904630686637,0.1125332941863322,149491.0,153219,145763,404556,557042,-0.0697531506011334,0.0697531506011334,0.1452453025416469,0.1779943003912361
urn:mavedb:00000672-d-4#2,c.[511A>T;512G>C],NA,p.=,-0.0025760784012164,0.4119045234440605,24.0,23,25,66,84,0.0134854765625106,-0.0233793341246143,0.5483235659596354,0.6240347452772341
urn:mavedb:00000672-d-4#3,c.[736T>A;737C>G],NA,p.=,0.6866647826801081,0.4345534492647367,18.5,29,8,138,191,0.5192828056359656,1.3954054256692827,0.4831499945521492,0.9941943746312568
urn:mavedb:00000672-d-4#4,c.489G>C,NA,p.=,-0.1918452543111592,0.188367187126715,174.0,150,198,317,621,-0.2924085697537402,-0.0732146042368047,0.2560478268814974,0.2780992117356555
urn:mavedb:00000672-d-4#5,c.108C>T,NA,p.=,0.1440671239235707,0.1497338874241183,365.0,430,300,1249,1665,0.0256382519032044,0.3397346938535072,0.189710855586205,0.2438500292100976
urn:mavedb:00000672-d-4#6,c.852C>T,NA,p.=,-0.0894471911210719,0.1963157114640232,141.0,195,87,421,477,-0.2710417744161305,0.3309150519766167,0.2349231847804522,0.3574261187608097
urn:mavedb:00000672-d-4#7,c.498G>C,NA,p.=,0.0775336844187572,0.1563970299674712,305.0,402,208,978,1465,-0.1516174681189687,0.5121360482389575,0.1932795370747937,0.2661772267225673
urn:mavedb:00000672-d-4#8,c.429C>T,NA,p.=,0.2898934637621885,0.2256670446605851,102.5,71,134,324,551,0.4773885892162489,0.1227426686589645,0.3287088540381737,0.310363495885725
urn:mavedb:00000672-d-4#9,c.651C>T,NA,p.=,-0.0138216712374553,0.1777258113532747,191.0,235,147,528,857,-0.2311642799726625,0.3753382628787672,0.2218721327075466,0.2968891872427351
urn:mavedb:00000672-d-4#10,c.816A>C,NA,p.=,-0.118295643977254,0.1807070358381142,184.5,222,147,505,556,-0.2187940021316846,0.0622840969533263,0.2254519797148101,0.3022101752381619
urn:mavedb:00000672-d-4#11,c.66G>T,NA,p.=,0.2101091162685744,0.1984555126316271,133.0,199,67,555,742,-0.0150117605128229,0.839599210990775,0.2312346691969877,0.3866691407454223
urn:mavedb:00000672-d-4#12,c.396T>G,NA,p.=,-0.0946055306708029,0.210134589860126,117.0,134,100,306,403,-0.2149297475332956,0.1081787794080317,0.2652495046882157,0.3443461522415117
urn:mavedb:00000672-d-4#13,c.[73A>T;74G>C;75C>G],NA,p.=,-0.4669027356192003,0.491871455261768,19.5,11,28,11,76,-1.040675049534765,-0.1777917470516853,0.8497581784414496,0.6031951740042042
urn:mavedb:00000672-d-4#14,c.[657G>A;678C>G],NA,p.=,-1.4461401576429296,0.9935100559345136,4.5,9,0,6,16,-1.4461401576429296,NA,0.9935100559345136,NA
urn:mavedb:00000672-d-4#15,c.111G>T,NA,p.=,-0.0920137883414148,0.1428207232707741,486.0,497,475,1244,1547,-0.123177802332269,-0.045941457256171,0.1849191940602217,0.2248409387478504
urn:mavedb:00000672-d-4#16,c.570C>T,NA,p.=,-0.1089803200505362,0.1935552379813628,164.0,128,200,364,502,0.0044485541823583,-0.2344059833733038,0.2671028201434206,0.2808729177521031
urn:mavedb:00000672-d-4#17,c.[148T>A;149C>G;150C>T],NA,p.=,0.1738787166280337,0.1829793045350424,170.0,231,109,625,922,-0.045341110320157,0.644634401419958,0.2215241223545407,0.3246227077209617
urn:mavedb:00000672-d-4#18,c.225C>A,NA,p.=,0.0157554980140219,0.1877863504756574,164.0,164,164,426,707,-0.086102131089593,0.1569438886782331,0.246381891150536,0.2900757987902795
urn:mavedb:00000672-d-4#19,c.243G>T,NA,p.=,-0.2089772376723253,0.1909088538300835,156.0,206,106,377,526,-0.4363060308763353,0.2587445586710398,0.23272362539791,0.3338159279112386
urn:mavedb:00000672-d-4#20,c.750C>T,NA,p.=,0.6379264607811221,0.2859274042835368,49.0,59,39,309,347,0.6151287834572611,0.681220820020814,0.3532764524926141,0.4868386480065344
urn:mavedb:00000672-d-4#21,c.[381G>A;444C>T],NA,p.=,0.5813558864879373,0.5469435910089628,12.5,12,13,86,53,0.9287655969307425,0.1165546191062578,0.7230083508270047,0.836288237931844
urn:mavedb:00000672-d-4#22,c.882C>T,NA,p.=,0.2081805367315139,0.2661398091954116,63.0,59,67,199,328,0.1750923312840079,0.2489469976585805,0.3582179186936596,0.3976144917876447
urn:mavedb:00000672-d-4#23,c.384C>T,NA,p.=,0.4987230644692905,0.380744259097227,25.0,41,9,160,217,0.320926698994754,1.4025257118799774,0.4165140926871364,0.939085349857093
urn:mavedb:00000672-d-4#24,c.[10A>C;12G>T],NA,p.=,0.5790137852220126,0.3468840119256337,31.0,43,19,191,237,0.4503982628183024,0.9256749190663736,0.4061672933012795,0.6668234012279632
urn:mavedb:00000672-d-4#25,c.855C>T,NA,p.=,0.5432876971090863,0.3393676222574276,33.5,38,29,178,234,0.5035223410309343,0.6105034899776672,0.4281425304702907,0.5566363923246554
urn:mavedb:00000672-d-4#26,c.678C>G,NA,p.=,-0.0147299346962196,0.1613547635195079,283.5,264,303,697,1140,-0.0698387419205573,0.0584602038931642,0.2136323660126212,0.246197041348171
urn:mavedb:00000672-d-4#27,c.598C>T,NA,p.=,-0.1386970128355489,0.2126147394979457,117.0,116,118,262,399,-0.2259207368800327,-0.0187951103926475,0.2794455828549483,0.3276370248673415
urn:mavedb:00000672-d-4#28,c.636G>C,NA,p.=,-0.2626832581562764,0.2362585513846158,88.0,100,76,196,235,-0.3677305762923393,-0.0834974786736049,0.2975590001135841,0.3886264685336699
urn:mavedb:00000672-d-4#29,c.864A>T,NA,p.=,-0.2654653620530344,0.2263124746470926,103.0,93,113,181,326,-0.3747775114221953,-0.1336696934347961,0.3061001701683326,0.3361088306985991
urn:mavedb:00000672-d-4#30,c.534C>T,NA,p.=,0.1511308154913104,0.2697102770002139,62.5,55,70,195,266,0.2249913237965107,0.0656596751539917,0.3682466213411041,0.3961342322775193
urn:mavedb:00000672-d-4#31,c.291C>A,NA,p.=,-0.416110446009246,0.2242075427305511,102.0,130,74,190,283,-0.6611854278298613,0.0702763998056991,0.2749508975844617,0.3873437589056746
urn:mavedb:00000672-d-4#32,c.660C>T,NA,p.=,-0.0045457129578193,0.2132498279429666,117.0,105,129,318,393,0.0674159830878883,-0.094245654276736,0.2862833539567376,0.3196255443964492
urn:mavedb:00000672-d-4#33,c.762G>T,NA,p.=,-0.3904605721266468,0.5507665310210942,13.0,18,8,22,72,-0.8400043540726139,0.6895136430877388,0.6554478505552567,1.0159184310435496
urn:mavedb:00000672-d-4#34,c.615T>G,NA,p.=,-0.0015444723904124,0.3007277313780728,51.5,38,65,130,176,0.1892732411944314,-0.1795514744500227,0.4328774306897368,0.4180941995020741
urn:mavedb:00000672-d-4#35,c.759A>G,NA,p.=,-0.2633144582128421,0.1816472454817537,200.5,173,228,404,486,-0.192551766071394,-0.3526468609839915,0.2431718629019419,0.2732219936468877
urn:mavedb:00000672-d-4#36,c.594C>T,NA,p.=,0.0315649822761374,0.216036787596058,108.5,110,107,292,467,-0.0644016130588994,0.1658696230739539,0.2828798722247259,0.3346474448150131
urn:mavedb:00000672-d-4#37,c.[637T>A;638C>G],NA,p.=,0.2681669525281401,0.2736215805794779,62.5,44,81,204,311,0.4932553103911902,0.0731430348622381,0.4015957378009346,0.373814821373528
urn:mavedb:00000672-d-4#38,c.33C>A,NA,p.=,0.0574353031255883,0.2867813897107513,52.5,55,50,145,243,-0.0712744923466616,0.2436777741538307,0.3729357106131128,0.4486085369449573
urn:mavedb:00000672-d-4#39,c.609G>T,NA,p.=,-0.2147613362677216,0.2027377006142625,132.5,148,117,293,415,-0.3577147142818128,0.0158102536215176,0.2580426171508184,0.3277156065682637
urn:mavedb:00000672-d-4#40,c.783C>T,NA,p.=,-0.3543003126116004,0.409184681517894,24.5,30,19,47,76,-0.5917248294868619,0.1027724711268777,0.5043847726841462,0.6998288892505372
urn:mavedb:00000672-d-4#41,c.[228C>A;765G>A],NA,p.=,-0.8240355459642609,1.1675891503211464,4.5,0,9,6,10,NA,-0.8240355459642609,NA,1.1675891503211464
urn:mavedb:00000672-d-4#42,c.192C>G,NA,p.=,0.1541045921887053,0.1863868530650773,161.5,181,142,495,920,-0.0346143182319006,0.4517016951994855,0.2382649781177443,0.2992036248633532
urn:mavedb:00000672-d-4#43,c.57C>T,NA,p.=,-0.0771598009575456,0.158165629596644,311.0,289,333,755,1045,-0.0803839883981726,-0.0728053527369769,0.2086608939502906,0.2424920405228668
urn:mavedb:00000672-d-4#44,c.252C>T,NA,p.=,-0.6934377013372777,0.3716493674256044,39.0,26,52,44,55,-0.514581953637986,-0.8596851647105781,0.5354641311969061,0.5162457002486371
urn:mavedb:00000672-d-4#45,c.387C>T,NA,p.=,0.0960631912689522,0.2394378083525168,87.5,70,105,271,301,0.3129485292955768,-0.1382711588668802,0.332252893487503,0.3453596951700241
urn:mavedb:00000672-d-4#46,c.342G>C,NA,p.=,-0.2759498593795754,0.2723183706809874,61.0,75,47,113,271,-0.6307753443587351,0.3673546311704,0.3392049628102148,0.456733731047727
urn:mavedb:00000672-d-4#47,c.868C>T,NA,p.=,0.3371069797390369,0.4259894803085315,25.5,9,42,114,129,1.4982988215235111,-0.0883519950921268,0.8226416797736232,0.4979520977385411
urn:mavedb:00000672-d-4#48,c.847C>T,NA,p.=,-0.1027664026652679,0.1823172586864342,195.5,162,229,484,530,0.0538135219494825,-0.293105228081058,0.2461376082476058,0.2713773697288433
urn:mavedb:00000672-d-4#49,c.114C>T,NA,p.=,-0.1850448468104807,0.1609326007369544,288.5,287,290,555,1134,-0.3811891515479516,0.0863706674906581,0.2112249842253086,0.2484704631051625
urn:mavedb:00000672-d-4#50,c.903C>T,NA,p.=,0.0166981326305008,0.2668374011261136,65.5,56,75,159,272,0.0028774619503172,0.0318796390670428,0.3688115967667055,0.3865426707874508
urn:mavedb:00000672-d-4#51,c.582C>T,NA,p.=,0.6482283707363969,0.2902952947230101,50.5,41,60,269,391,0.8404642633627663,0.4559100878229601,0.4104955711449464,0.4105835287694194
urn:mavedb:00000672-d-4#52,c.228C>T,NA,p.=,-0.1533125884887542,0.2060869081814912,143.0,99,187,296,396,0.0545645546547054,-0.3573914084241177,0.2928038841162563,0.2901165008954555
urn:mavedb:00000672-d-4#53,c.10A>C,NA,p.=,-0.1343218402555415,0.2568525326142016,74.0,62,86,146,267,-0.1842028128715201,-0.0805677253673182,0.3566411109077164,0.3702284637804781
urn:mavedb:00000672-d-4#54,c.390A>G,NA,p.=,0.712822522991109,0.4819664896228468,15.5,17,14,90,157,0.6259212767392838,0.8486665183334262,0.6171643592297055,0.7716281425558037
urn:mavedb:00000672-d-4#55,c.336C>T,NA,p.=,-0.2557132268894151,0.2477509806833995,77.5,88,67,149,290,-0.5140655580675124,0.1598554646318505,0.3154993537015706,0.4001415886379265
urn:mavedb:00000672-d-4#56,c.600G>T,NA,p.=,-0.1812367558656098,0.1654507714381832,252.5,329,176,612,892,-0.4200005177878109,0.2740257559959522,0.204279980290036,0.2820801630080372
urn:mavedb:00000672-d-4#57,c.672T>C,NA,p.=,0.1614942218034678,0.2542023978541176,81.5,48,115,280,273,0.7229135427265935,-0.2747383857714783,0.3844236549459507,0.3388640435287248
urn:mavedb:00000672-d-4#58,c.126G>T,NA,p.=,0.1941297955326162,0.1463173682996669,418.5,399,438,1262,2328,0.11081657667653,0.3084400820065448,0.1923855830193462,0.2253503429523166
urn:mavedb:00000672-d-4#59,c.165C>G,NA,p.=,-0.1393470756998547,0.2059736699405852,133.0,118,148,324,350,-0.0306161582081004,-0.2775014336741995,0.275344881153633,0.3103721718197207
urn:mavedb:00000672-d-4#60,c.760C>T,NA,p.=,-0.1803858526790246,0.3607908423891511,31.0,42,20,70,167,-0.5298494257687744,0.6352748193664027,0.4312080542090031,0.6587803991313272
urn:mavedb:00000672-d-4#61,c.417A>G,NA,p.=,0.5076047936199086,0.2674513639336378,60.5,57,64,297,375,0.6100058214333844,0.3789831802843525,0.3584388810835585,0.4017167416571323
urn:mavedb:00000672-d-4#62,c.420C>G,NA,p.=,-0.6035596547759997,0.2914300306741953,55.5,69,42,70,180,-1.0262863120826653,0.1526916349016309,0.3638765585985978,0.4866954936312478
urn:mavedb:00000672-d-4#63,c.372C>T,NA,p.=,-0.6177456661520695,0.3317606300315218,40.0,67,13,75,150,-0.9278795553894208,0.8692855966128991,0.3647193388971695,0.7986274413956235
urn:mavedb:00000672-d-4#64,c.[415A>C;417A>G],NA,p.=,-0.0604736184008922,0.207352214400921,134.5,98,171,279,499,0.0055692536160286,-0.1253974673518263,0.2945011706659809,0.2919955139151198
urn:mavedb:00000672-d-4#65,c.672T>G,NA,p.=,-0.0851050926658665,0.4197913089577117,24.0,21,27,63,66,0.0579372391333447,-0.2535544041715529,0.5708500229628677,0.6194758102824
urn:mavedb:00000672-d-4#66,c.411C>T,NA,p.=,-0.0952825976355214,0.1496819041337633,377.5,477,278,1017,1342,-0.2835791443745462,0.2387987685590861,0.1871697135670459,0.2493104740818509
urn:mavedb:00000672-d-4#67,c.159C>T,NA,p.=,0.1747733373589178,0.2380500290056359,80.0,106,54,351,253,0.1566720798190336,0.2171723037342113,0.2843603860132476,0.435203476565234
urn:mavedb:00000672-d-4#68,c.120T>G,NA,p.=,0.0486835218415132,0.2311007526621224,95.5,79,112,272,331,0.1956791642942107,-0.1162251649090954,0.3178266385752942,0.3366354366273264
urn:mavedb:00000672-d-4#69,c.327C>T,NA,p.=,0.5380537857932864,0.5348862190899758,14.5,7,22,82,88,1.420134048674175,0.1027724711268777,0.9305268151441564,0.6536719554569282
urn:mavedb:00000672-d-4#70,c.555G>T,NA,p.=,0.8272947491400247,0.4119713022273394,23.0,17,29,157,209,1.182357411757327,0.5287528740582804,0.6095675864934497,0.5589487520534379
urn:mavedb:00000672-d-4#71,c.528C>T,NA,p.=,0.2529910503775598,0.2095633564638077,112.0,135,89,422,643,0.0990554860628173,0.5305399712420574,0.2612932353548838,0.3508556332713946
urn:mavedb:00000672-d-4#72,c.774C>G,NA,p.=,-0.0158497839142722,0.1980399853245046,137.5,152,123,310,801,-0.3279832729018497,0.4554134449647601,0.2553359597050004,0.3137426611410464
urn:mavedb:00000672-d-4#73,c.216C>T,NA,p.=,0.1842121169453419,0.5242697220673387,14.0,14,14,54,49,0.3092516674142508,0.0061570482022773,0.6840167226554331,0.8162443501482649
urn:mavedb:00000672-d-4#74,c.444C>T,NA,p.=,-0.157836181026367,0.1926452546910901,150.5,197,104,384,532,-0.3732362256850267,0.2807333075813213,0.2352436269390919,0.3356712759075443
urn:mavedb:00000672-d-4#75,c.871C>T,NA,p.=,0.0577288826330009,0.1849705843914539,166.0,218,114,530,771,-0.1522931057776866,0.4827729379938287,0.2260971778288645,0.3216471678921322
urn:mavedb:00000672-d-4#76,c.129C>G,NA,p.=,-0.1437850708713621,0.2308667894095867,95.0,87,103,177,398,-0.3304334356155197,0.0777586900056659,0.3133747588041511,0.341414278441934
urn:mavedb:00000672-d-4#77,c.696C>G,NA,p.=,-0.0433657892909047,0.1501584510040243,384.0,365,403,972,1363,-0.0612165986568175,-0.0186286400392255,0.1970236527910017,0.2319339023838468
urn:mavedb:00000672-d-4#78,c.30C>A,NA,p.=,-0.618828554183036,0.2247950764756029,105.5,138,73,161,232,-0.8865243697075067,-0.0636538222370043,0.2736766267671635,0.3941229844242679
urn:mavedb:00000672-d-4#79,c.441C>T,NA,p.=,0.2964325303750509,0.1477637497288449,383.5,426,341,1501,2107,0.2187724358293264,0.4173995795367123,0.1893449204477387,0.236313343395243
urn:mavedb:00000672-d-4#80,c.363G>T,NA,p.=,-0.3096697709336236,0.1872267950368256,177.5,173,182,361,408,-0.3050886856996631,-0.3161822143937208,0.2443604271758696,0.2913524486980433
urn:mavedb:00000672-d-4#81,c.912G>T,NA,p.=,0.3395585192339517,0.3757387262862517,28.0,26,30,80,248,0.0832550471176344,0.6280175780634701,0.5163539245164723,0.5477877657258071
urn:mavedb:00000672-d-4#82,c.69C>T,NA,p.=,-0.2049007307153074,0.2311868742536937,92.5,102,83,208,285,-0.3281097831177182,-0.0076729989457651,0.2946797993145524,0.3728318851156604
urn:mavedb:00000672-d-4#83,c.180T>G,NA,p.=,-0.1867303691667196,0.2220335231922809,107.0,95,119,189,416,-0.3528049260756636,0.0052879299092301,0.303211081556714,0.3260354528710833
urn:mavedb:00000672-d-4#84,c.246C>G,NA,p.=,0.1195969567104385,0.2464611016251676,86.0,53,119,227,354,0.4139830543945156,-0.1114831387238174,0.3716545946991755,0.3292775540434611
urn:mavedb:00000672-d-4#85,c.660C>G,NA,p.=,0.0919186275553239,0.1492612398799967,375.5,414,337,1208,1517,0.0301803551346807,0.1882318306650213,0.1912068333148251,0.2388191156663429
urn:mavedb:00000672-d-4#86,c.153C>T,NA,p.=,0.1253989354345872,0.1988340910448782,148.5,107,190,384,674,0.2371386685910556,0.0158836592463516,0.2826181524673612,0.2797909026778062
urn:mavedb:00000672-d-4#87,c.231C>T,NA,p.=,0.4775317578842064,0.2293376294692118,91.5,79,104,443,503,0.6834468680433491,0.24017643897955,0.313408098909091,0.3364849086851575
urn:mavedb:00000672-d-4#88,c.360C>A,NA,p.=,-0.1367275836010965,0.2758516081143516,58.5,68,49,158,164,-0.1975877216839049,-0.0261974132156663,0.3435011778240773,0.4629159912834054
urn:mavedb:00000672-d-4#89,c.[196A>C;198A>G],NA,p.=,0.0231652157324139,0.2029960131024324,125.5,164,87,396,526,-0.159127266104483,0.4016662968438568,0.2470901631532446,0.3560447935464856
urn:mavedb:00000672-d-4#90,c.846C>G,NA,p.=,0.1519327475892689,0.2864664778227549,53.0,50,56,151,278,0.0645817818520132,0.2590392600091565,0.3859919024464493,0.42741747813833
urn:mavedb:00000672-d-4#91,c.708G>T,NA,p.=,0.1655866701328609,0.2564567815483768,72.0,58,86,217,319,0.2787792934592751,0.0481809095607771,0.3594161718581379,0.3660439681946052
urn:mavedb:00000672-d-4#92,c.297G>T,NA,p.=,0.1824443970137575,0.3290251417770962,36.0,53,19,154,169,0.0259856393267422,0.6810012991174422,0.3771356260567716,0.6732168658712332
urn:mavedb:00000672-d-4#93,c.459G>C,NA,p.=,-0.0650755844034984,0.2483629788694809,75.5,81,70,186,300,-0.2093775304940026,0.1526916349016309,0.3202479643195207,0.3934110341107412
urn:mavedb:00000672-d-4#94,c.150C>T,NA,p.=,0.1106668690136008,0.1884884685517418,168.5,140,197,486,686,0.2038911517564244,0.0024748983115802,0.2571784217390696,0.2770559728402834
urn:mavedb:00000672-d-4#95,c.705G>T,NA,p.=,0.0973131988949271,0.1706191882640804,218.5,246,191,683,982,-0.0195117258963378,0.2843982521037995,0.2174607117233255,0.2751899668624956
urn:mavedb:00000672-d-4#96,c.[421C>A;423T>G],NA,p.=,0.6600333728709874,0.5437254649450254,12.5,12,13,89,65,0.9630546704093746,0.2642259552805387,0.7224754262570059,0.8257117553968931
urn:mavedb:00000672-d-4#97,c.693C>G,NA,p.=,-0.0390205615040081,0.1548972422661449,321.0,393,249,873,1329,-0.2425491055644242,0.3114668444086518,0.1947460292084104,0.2555595748282739
urn:mavedb:00000672-d-4#98,c.477C>A,NA,p.=,0.0816961776746463,0.2288061695220703,89.5,119,60,338,299,0.0032473528367243,0.2618101236807121,0.2741429341101483,0.4153914048815816
urn:mavedb:00000672-d-4#99,c.237C>T,NA,p.=,-1.028118423073394,0.4001164105992504,29.5,48,11,32,83,-1.4461401576429296,0.5619684028519573,0.4496447615921195,0.87696149764177
urn:mavedb:00000672-d-4#100,c.105C>A,NA,p.=,0.1547054250033769,0.1785700924307866,189.5,193,186,649,772,0.1720674782644392,0.1295026150609153,0.2320651159772731,0.2795978337783201
urn:mavedb:00000672-d-4#101,c.207T>G,NA,p.=,0.1793521327515783,0.247390375410328,82.5,56,109,251,346,0.4594261988618694,-0.0645126925455417,0.3626173139894527,0.3383659629183618
urn:mavedb:00000672-d-4#102,c.453G>T,NA,p.=,-0.1855412097226419,0.1689235496003557,255.0,224,286,629,553,-0.0081898446893643,-0.4231897856899209,0.223226941066631,0.2584026412378485
urn:mavedb:00000672-d-4#103,c.[879G>A;888A>G],NA,p.=,-1.22299660632872,0.8345212244507831,6.0,12,0,10,4,-1.22299660632872,NA,0.8345212244507831,NA
urn:mavedb:00000672-d-4#104,c.351T>C,NA,p.=,-0.8588737449219809,0.4047521001335105,27.5,38,17,36,42,-1.0947422708050407,-0.24585708804521,0.4762965653131426,0.7678538938775216
urn:mavedb:00000672-d-4#105,c.219C>T,NA,p.=,0.905235099520548,1.0126779163320718,3.0,6,0,42,40,0.905235099520548,NA,1.0126779163320718,NA
urn:mavedb:00000672-d-4#106,c.501A>G,NA,p.=,0.1183637229594747,0.1759883608198267,197.5,210,185,614,904,0.0322123478949086,0.2476102893755807,0.2271931396809837,0.2782746298042208
urn:mavedb:00000672-d-4#107,c.[718A>T;719G>C;720C>T],NA,p.=,0.1891835662031188,0.1894849844257196,162.5,138,187,488,799,0.2223866711611773,0.1504957579750175,0.2583001969241758,0.2788190552867308
urn:mavedb:00000672-d-4#108,c.762G>C,NA,p.=,0.0431203505972857,0.3312808763877944,40.5,34,47,135,108,0.338239204287503,-0.2982940130102783,0.4523410567595518,0.4865286559694799
urn:mavedb:00000672-d-4#109,c.117A>T,NA,p.=,0.3447592902348307,0.225632792041824,92.5,97,88,374,529,0.3088697693763841,0.3975121036689598,0.2924825741546034,0.3546002026224624
urn:mavedb:00000672-d-4#110,c.756C>T,NA,p.=,-0.001865418730576,0.3086941943983976,52.0,27,77,105,204,0.3174484346184293,-0.1953117529704813,0.5025801810955695,0.391180079233255
urn:mavedb:00000672-d-4#111,c.567G>T,NA,p.=,0.5276803072418821,0.2595766346695032,67.5,55,80,367,355,0.8573536132873344,0.177873695810187,0.3617761257279754,0.3726593470231303
urn:mavedb:00000672-d-4#112,c.376C>T,NA,p.=,-0.633544709635183,0.2538469608420591,77.0,103,51,120,162,-0.8879122949823549,-0.0640208224436872,0.3053170095978743,0.4568525869496039
urn:mavedb:00000672-d-4#113,c.696C>T,NA,p.=,-0.1106346154472413,0.1471180782540194,432.5,395,470,1003,1395,-0.1088100264739513,-0.1131157512039637,0.1938045237993879,0.2259990694773275
urn:mavedb:00000672-d-4#114,c.420C>T,NA,p.=,-0.0916432536035692,0.3153821421283874,42.0,51,33,116,142,-0.2189104911527262,0.1556091424512651,0.3881540653337413,0.5410234442217006
urn:mavedb:00000672-d-4#115,c.[462C>A;693C>A],NA,p.=,-0.1002610258702016,0.2715416219174317,63.0,59,67,153,198,-0.0877745720480489,-0.1162577913781993,0.3623388114649725,0.4101204139640712
urn:mavedb:00000672-d-4#116,c.558G>T,NA,p.=,-0.1469890398341068,0.1634175249918154,289.0,238,340,650,796,-0.0359733603165569,-0.2847855459293877,0.2195914107456695,0.2446483499662026
urn:mavedb:00000672-d-4#117,c.543C>G,NA,p.=,-0.004389538018822,0.1774493030677717,192.0,230,154,522,889,-0.2210867705753216,0.3682036441324118,0.2231626626982474,0.2926255911211369
urn:mavedb:00000672-d-4#118,c.519G>C,NA,p.=,-0.9606323418612288,0.8068895766924801,6.0,12,0,13,53,-0.9606323418612288,NA,0.8068895766924801,NA
urn:mavedb:00000672-d-4#119,c.[310A>T;311G>C;312C>G],NA,p.=,-0.3771022330747079,0.3382507286196522,47.5,21,74,59,116,-0.0076600433524686,-0.5750183971451184,0.5726995411489455,0.4191738898697344
urn:mavedb:00000672-d-4#120,c.462C>T,NA,p.=,0.0562259418725003,0.2749848828239322,61.0,52,70,173,223,0.1613728263815864,-0.0619183378546168,0.3780404216807498,0.4007249504162238
urn:mavedb:00000672-d-4#121,c.240C>T,NA,p.=,-0.1872728779492952,0.1693209820906232,253.5,212,295,541,685,-0.103842045360296,-0.2907258791024989,0.2275752870123315,0.2534156065553873
urn:mavedb:00000672-d-4#122,c.[883T>A;884C>G],NA,p.=,-0.0567216803982296,0.2173777524944527,109.0,107,111,272,392,-0.107701817700674,0.0126462476813249,0.2863223760379768,0.3339905280690908
urn:mavedb:00000672-d-4#123,c.390A>T,NA,p.=,0.1700008729048588,0.3470532080990895,39.0,18,60,87,205,0.5348613112236539,-0.0112785157613591,0.6023844792786096,0.4246045070281578
urn:mavedb:00000672-d-4#124,c.[928A>T;929G>C;930C>G],NA,p.=,0.0199240503231469,0.4412905949886785,20.0,22,18,55,88,-0.1243843176606099,0.2479659251123858,0.5638884393411115,0.7088506382231792
urn:mavedb:00000672-d-4#125,c.[63G>T;429C>T],NA,p.=,-1.4102464550773992,0.4813148929626401,21.5,41,2,23,85,-1.6187529003099232,1.8126513360763337,0.4966403200138675,1.952564996126697
urn:mavedb:00000672-d-4#126,c.822C>T,NA,p.=,0.461926509351923,0.3026636214574375,46.5,41,52,257,198,0.794828968656147,0.0671228523805604,0.4109108921491267,0.4474862910465895
urn:mavedb:00000672-d-4#127,c.270C>T,NA,p.=,0.3075405336563972,0.2980768914449702,51.5,33,70,163,287,0.556567589805517,0.1206385860654103,0.4552283258182797,0.3943782210033212
urn:mavedb:00000672-d-4#128,c.741T>C,NA,p.=,0.1645010363935496,0.200205390319852,128.5,171,86,465,685,-0.0403012004500685,0.6011309269508976,0.2426578743992161,0.3543102959212006
urn:mavedb:00000672-d-4#129,c.193C>T,NA,p.=,-0.0155900962649477,0.2013704790094446,131.0,144,118,309,693,-0.2771470722130201,0.380649084069438,0.2594554278065453,0.3193436722516926
urn:mavedb:00000672-d-4#130,c.540C>T,NA,p.=,0.0841044392802552,0.3304912699331553,41.0,30,52,118,149,0.3288121932687443,-0.138594818407935,0.4787934700469809,0.4567554498998828
urn:mavedb:00000672-d-4#131,c.378G>T,NA,p.=,-0.0647822481554107,0.1751455083660842,221.0,185,257,565,642,0.0757948565333509,-0.2378576600512837,0.2357793171265317,0.2616170807428191
urn:mavedb:00000672-d-4#132,c.717A>G,NA,p.=,-0.2255356532376599,0.2295574084612268,95.0,106,84,232,230,-0.2573767719805223,-0.1714725724569739,0.2893664096358936,0.3770546939809703
urn:mavedb:00000672-d-4#133,c.480G>A,NA,p.=,-0.126393493107827,0.2203043224744819,107.0,103,111,253,333,-0.1420145490368807,-0.1053772721766304,0.2908756044956662,0.3373878337516111
urn:mavedb:00000672-d-4#134,c.624C>T,NA,p.=,-0.3141173161246954,0.2842519917087789,55.0,76,34,103,295,-0.7366794015914603,0.66302499509269,0.3402066278900773,0.5173404257829014
urn:mavedb:00000672-d-4#135,c.57C>A,NA,p.=,0.824823819713711,0.3844730123906235,25.0,28,22,192,208,0.8846158123178124,0.7251632618340561,0.4863175456880251,0.627856048170816
urn:mavedb:00000672-d-4#136,c.36G>T,NA,p.=,0.0987627211204497,0.201251561562192,130.0,141,119,413,544,0.0340126530480994,0.199387894051478,0.2580008780743629,0.3216283992440913
urn:mavedb:00000672-d-4#137,c.[165C>A;360C>A],NA,p.=,-2.064762330162538,2.562540337389608,2.5,0,5,9,1,NA,-2.064762330162538,NA,2.562540337389608
urn:mavedb:00000672-d-4#138,c.780C>T,NA,p.=,0.0088898430190322,0.3876538531445181,35.0,11,59,118,106,1.332114302132529,-0.4763443848481413,0.7483808864251256,0.4531913804071052
urn:mavedb:00000672-d-4#139,c.663G>T,NA,p.=,-0.4898738752340941,0.1862653449731256,194.0,162,226,258,458,-0.5753117998455318,-0.3892065213165771,0.2532602785136604,0.2749071665286309
urn:mavedb:00000672-d-4#140,c.552T>G,NA,p.=,-0.0768531568989988,0.1848468037612653,172.0,187,157,428,654,-0.212660470807555,0.1321244883382444,0.237430324368856,0.2945265984629078
urn:mavedb:00000672-d-4#141,c.876C>G,NA,p.=,0.3694178592243766,0.3115691483435072,41.5,46,37,185,223,0.3510393790544647,0.3993949317585225,0.3957154561712835,0.5053855564930206
urn:mavedb:00000672-d-4#142,c.777C>T,NA,p.=,0.2856736181927596,0.3750618138786468,31.0,21,41,137,112,0.8347834385699368,-0.1731625508899162,0.5558948590442075,0.5081499355446017
urn:mavedb:00000672-d-4#143,c.309C>A,NA,p.=,0.4026085846256725,0.2405569791551852,88.0,55,121,337,490,0.7720746955851258,0.111686845390416,0.3624343996123625,0.3216104813526405
urn:mavedb:00000672-d-4#144,c.195G>T,NA,p.=,0.2352223414309524,0.215634335515592,109.5,99,120,390,490,0.3303518394543371,0.1176913685811851,0.2900581915655901,0.3224064323773978
urn:mavedb:00000672-d-4#145,c.744T>C,NA,p.=,0.0420666767485419,0.2641582509221191,66.0,63,69,205,212,0.1392002032121103,-0.0881081733907589,0.349066649364614,0.4040985781736575
urn:mavedb:00000672-d-4#146,c.[235T>A;236C>G;237C>T],NA,p.=,-0.6381872571834355,0.3306888595552222,62.5,23,102,81,73,0.2182798892085239,-1.1423022910897247,0.543271758307868,0.4167989340066973
urn:mavedb:00000672-d-4#147,c.348C>A,NA,p.=,-0.403563970529127,0.4013284706129209,27.0,27,27,47,63,-0.4863643138290355,-0.2872135377781531,0.5250576254692864,0.6224076227722131
urn:mavedb:00000672-d-4#148,c.828C>T,NA,p.=,-0.0449190069136899,0.3309300202739149,49.0,17,81,107,164,0.798940440870925,-0.3898699444187117,0.6143470770154215,0.3927872685894263
urn:mavedb:00000672-d-4#149,c.243G>A,NA,p.=,0.0300011247626637,0.2743720997928734,63.5,46,81,146,264,0.1142901756844764,-0.0454046608680448,0.3992850498694921,0.3776589681281996
urn:mavedb:00000672-d-4#150,c.867C>G,NA,p.=,-0.0305483346090428,0.2255797045366347,110.0,78,142,318,271,0.3646675065558199,-0.4326496685702169,0.3176492441386664,0.3204043556020678
urn:mavedb:00000672-d-4#151,c.237C>A,NA,p.=,-0.2115614191521166,0.295089554205566,49.0,74,24,123,252,-0.5325557873665174,0.8010479634666464,0.3386462469337322,0.601476320130096
urn:mavedb:00000672-d-4#152,c.345C>T,NA,p.=,0.1124801797206975,0.2017701711899752,131.5,129,134,412,535,0.1205358954530891,0.1014213206091819,0.2652675468857172,0.3108044423097172
urn:mavedb:00000672-d-4#153,c.684A>G,NA,p.=,-0.0251732009474359,0.3151552321117272,47.5,31,64,107,168,0.1981665804419948,-0.2019926951012309,0.474106482723173,0.4218498725763775
urn:mavedb:00000672-d-4#154,c.175C>T,NA,p.=,0.2717049647010393,0.2433502483594669,75.5,87,64,302,380,0.2038438491855209,0.3885666434613138,0.3059538891602977,0.401496294427173
urn:mavedb:00000672-d-4#155,c.834C>G,NA,p.=,0.4041880948926322,0.4573281833260303,22.5,5,40,139,139,2.2843609711618265,0.0009703529308950908,1.0882990638916463,0.503986821721199
urn:mavedb:00000672-d-4#156,c.63G>T,NA,p.=,0.0091536661962762,0.214050469230289,108.0,143,73,331,479,-0.2014013044176095,0.4608867167585765,0.2591783382508809,0.3796268182724051
urn:mavedb:00000672-d-4#157,c.498G>A,NA,p.=,-0.3993846834505021,0.4361008241879373,21.0,32,10,42,109,-0.7687413340511233,0.8280993717700397,0.4974045746522149,0.9067649889248112
urn:mavedb:00000672-d-4#158,c.594C>G,NA,p.=,0.2404970477147994,0.2144761948480928,108.5,108,109,391,522,0.245901283326381,0.2330281694866571,0.2815744286031529,0.3310196410490612
urn:mavedb:00000672-d-4#159,c.[225C>A;415A>C;417A>G],NA,p.=,-0.8969267315341853,0.2995359178778422,54.0,84,24,83,55,-1.0526512405814807,-0.3002506633214002,0.3363598555167664,0.6584078219976558
urn:mavedb:00000672-d-4#160,c.597C>A,NA,p.=,0.5090683623490528,0.420276376703604,23.0,15,31,93,166,0.7838742425162809,0.3138338517276421,0.652115127187675,0.5496542092280371
urn:mavedb:00000672-d-4#161,c.468C>T,NA,p.=,0.2545658601142639,0.2855875078083018,53.5,49,58,202,233,0.3757723497558131,0.1058844797607685,0.3847712349822679,0.4261553576068804
urn:mavedb:00000672-d-4#162,c.414C>T,NA,p.=,-0.2266085457917438,0.1591454200929188,308.0,307,309,721,723,-0.186883659837013,-0.2852092680977396,0.2061465074056046,0.2503779828646337
urn:mavedb:00000672-d-4#163,c.423T>G,NA,p.=,0.8046811388289286,0.5778703566326414,11.0,9,13,64,118,0.9209834564886872,0.695671475081277,0.8307877039770817,0.8043190880535239
urn:mavedb:00000672-d-4#164,c.729G>T,NA,p.=,-0.0260383130137043,0.1406052352395208,564.5,459,670,1425,1813,0.0922018331074406,-0.180011810536615,0.186953434626891,0.2133408184284569
urn:mavedb:00000672-d-4#165,c.867C>T,NA,p.=,-0.413488969516661,0.2578153156210732,87.5,53,122,137,163,-0.0909860372587619,-0.690637295427906,0.3792293642882919,0.351553360732669
urn:mavedb:00000672-d-4#166,c.15C>A,NA,p.=,0.1243827839413068,0.2257449203997673,93.0,112,74,339,354,0.0668261865505907,0.2322410396796398,0.2795622597557912,0.3826993132279045
urn:mavedb:00000672-d-4#167,c.[880T>A;881C>G;882C>T],NA,p.=,-0.326047399697626,0.1887096689056306,173.0,167,179,317,455,-0.3997670880742395,-0.2252684867686652,0.2483163369111009,0.2903343241526862
urn:mavedb:00000672-d-4#168,c.306G>T,NA,p.=,-0.0953204793465372,0.1770280778607439,203.0,202,204,511,642,-0.1125731567322654,-0.0707514839279672,0.2309665856124084,0.2756224591144439
urn:mavedb:00000672-d-4#169,c.273C>G,NA,p.=,0.3965998241221822,0.3489245965148067,37.5,18,57,143,216,1.0317978228289777,0.0636526256230248,0.5949961425570183,0.4307718070775841
urn:mavedb:00000672-d-4#170,c.597C>T,NA,p.=,-0.2454492134619217,0.212067423635709,131.0,98,164,253,324,-0.0922530394778167,-0.4076257718954101,0.2957276898645298,0.3042720574547577
urn:mavedb:00000672-d-4#171,c.261C>A,NA,p.=,0.0769564530730767,0.2022315694217638,133.0,124,142,399,500,0.1280048017500615,0.0105113696206126,0.2689207549223353,0.3068067416222191
urn:mavedb:00000672-d-4#172,c.714G>A,NA,p.=,0.0971405285079133,0.4772632473889283,17.0,17,17,43,98,-0.1126882778974187,0.3671975616176365,0.6362081281948072,0.7217626500341724
urn:mavedb:00000672-d-4#173,c.489G>T,NA,p.=,-0.9310685069652356,0.2597006104024347,86.0,78,94,70,130,-1.1488886341749978,-0.665667528712239,0.35042465788082,0.3868093060424455
urn:mavedb:00000672-d-4#174,c.[310A>T;311G>C;312C>T],NA,p.=,-0.2752224681556379,0.2762513636517483,59.5,68,51,120,191,-0.4726910119288258,0.0551297881769957,0.3491877841641457,0.4516465728427478
urn:mavedb:00000672-d-4#175,c.606A>G,NA,p.=,0.3569526906807871,0.3219840584844952,38.5,43,34,171,201,0.3397883912743323,0.3854237367238201,0.4076461354998379,0.5250153493257976
urn:mavedb:00000672-d-4#176,c.[541T>A;542C>G;543C>T],NA,p.=,-0.804288772840707,0.3806057015810651,30.0,57,3,62,114,-0.9565919323242236,1.7316741471594683,0.3918681497689988,1.5990312804845472
urn:mavedb:00000672-d-4#177,c.891C>T,NA,p.=,-0.4099842464391401,0.1695786983062243,243.5,275,212,465,531,-0.5154087416139801,-0.2359304887890584,0.2148837652466455,0.2761051720705816
urn:mavedb:00000672-d-4#178,c.360C>T,NA,p.=,-0.604320735788656,0.6934999807942768,11.0,4,18,9,22,-0.2297448333184363,-0.7550747334554916,1.294577619524136,0.821282551601885
urn:mavedb:00000672-d-4#179,c.[36G>T;415A>C;417A>G],NA,p.=,-0.1818818665438934,0.6328181672932228,9.0,15,3,29,38,-0.3814294206505011,0.9367832318950998,0.6869444707521714,1.6264790439486267
urn:mavedb:00000672-d-4#180,c.81C>A,NA,p.=,0.6987212668329049,0.3548978772949787,29.0,44,14,235,177,0.6347208306911326,0.9354219127880388,0.4000103013012882,0.7692711235576959
urn:mavedb:00000672-d-4#181,c.480G>T,NA,p.=,-0.0006505831098707248,0.2460475182221328,75.0,93,57,204,385,-0.2551545488438047,0.4818338841411017,0.3040938635523672,0.4186991195864181
urn:mavedb:00000672-d-4#182,c.30C>G,NA,p.=,0.0969697000004241,0.4296936234660584,20.0,31,9,75,138,-0.1571741404836009,1.075019508316581,0.4823007149887707,0.9461469586049468
urn:mavedb:00000672-d-4#183,c.909C>T,NA,p.=,-0.3494078588605684,0.2498516140919211,75.5,106,45,156,271,-0.6542581363972952,0.3988178878503868,0.2964119427329024,0.4643748861395821
urn:mavedb:00000672-d-4#184,c.45C>T,NA,p.=,0.4858792703228294,0.3317057514760324,35.5,40,31,181,219,0.4689425276171245,0.5143154138801865,0.4190017685645024,0.5429205246661422
urn:mavedb:00000672-d-4#185,c.885T>G,NA,p.=,0.4739371657922562,0.2297099705315675,89.0,84,94,409,557,0.542223307664723,0.3871067465356544,0.3070244634855092,0.3462124187580614
urn:mavedb:00000672-d-4#186,c.702C>T,NA,p.=,0.1670755749356522,0.2393332875586397,82.5,79,86,272,357,0.1956791642942107,0.1296115869863533,0.3178266385752942,0.363736622625983
urn:mavedb:00000672-d-4#187,c.[483C>A;870G>T],NA,p.=,0.0917310280529375,0.4568531151453573,17.5,27,8,68,96,-0.1170042103629874,0.897663386391247,0.5126124971119864,1.007257709570577
urn:mavedb:00000672-d-4#188,c.18C>A,NA,p.=,-0.1933771891475614,0.6784354838722515,7.5,15,0,35,58,-0.1933771891475614,NA,0.6784354838722515,NA
urn:mavedb:00000672-d-4#189,c.[603G>A;618G>A],NA,p.=,-0.7954286691926802,0.6845601700718257,10.5,9,12,13,11,-0.6729502694094477,-0.963224476759,0.9003788772419791,1.0538677121094011
urn:mavedb:00000672-d-4#190,c.834C>T,NA,p.=,-0.1091126797282054,0.2821805997887888,58.5,51,66,136,182,-0.0598457965230389,-0.1663430763549136,0.3849311276283293,0.4148765287470246
urn:mavedb:00000672-d-4#191,c.18C>T,NA,p.=,-0.182575036651135,0.1950146051438962,146.0,183,109,371,440,-0.333959139768751,0.1093801964300846,0.2403129304085684,0.3337299130136114
urn:mavedb:00000672-d-4#192,c.556C>T,NA,p.=,0.0054237408660246,0.2632361405760533,65.5,65,66,152,329,-0.1911817985841257,0.2620300783539253,0.3498343634446123,0.3996669911665607
urn:mavedb:00000672-d-4#193,c.918C>T,NA,p.=,-0.1197129078700677,0.1991521010504702,141.0,150,132,413,316,-0.0278627506699881,-0.2686601906600811,0.2532179758541878,0.3224563051478271
urn:mavedb:00000672-d-4#194,c.864A>G,NA,p.=,0.3587977389085189,0.2875292162983907,56.5,34,79,182,344,0.6369711129258687,0.1642006904113093,0.448166102709816,0.3748429531147498
urn:mavedb:00000672-d-4#195,c.876C>T,NA,p.=,-0.1026882191418289,0.2251456642099051,120.0,65,175,258,331,0.3378972654912152,-0.4391321332164175,0.3421574296370394,0.2989972683798496
urn:mavedb:00000672-d-4#196,c.[718A>T;719G>C;720C>G],NA,p.=,-0.2429521423142352,0.2421796465326638,97.5,64,131,211,193,0.1523000005816296,-0.6199012537604449,0.3466263151843481,0.3385055361122895
urn:mavedb:00000672-d-4#197,c.[165C>A;570C>T],NA,p.=,-0.3804986015328312,0.2878336121893836,58.5,52,65,99,137,-0.3967989179816026,-0.3608006885856993,0.3891096227399263,0.4277441317494402
urn:mavedb:00000672-d-4#198,c.354G>C,NA,p.=,-0.421803041603551,0.4787335492894268,16.5,32,1,55,59,-0.4990777671020207,2.0499968917348244,0.4861591715309227,2.7495802892983985
urn:mavedb:00000672-d-4#199,c.693C>T,NA,p.=,0.1260191793535498,0.4456841804662376,19.0,24,14,77,58,0.1250765419709733,0.128162475963281,0.5347852208930476,0.8063957048165304
urn:mavedb:00000672-d-4#200,c.543C>T,NA,p.=,0.2993635025121365,0.6458228633760046,8.5,11,6,40,37,0.2503091317808007,0.4159673353302461,0.7697744223132507,1.1868095574124458
urn:mavedb:00000672-d-4#201,c.315C>T,NA,p.=,-0.1884105842388153,0.5532560764448223,15.5,7,24,30,42,0.4146121830720769,-0.4953632810816614,0.9525884404018748,0.6796325632833414
urn:mavedb:00000672-d-4#202,c.192C>T,NA,p.=,-0.0513836764937092,0.4273196281558508,30.0,1,59,77,164,3.303130372318919,-0.1605713625370589,2.4067792258495264,0.4342184551050535
urn:mavedb:00000672-d-4#203,c.483C>A,NA,p.=,0.0481048534788226,0.1704549011434989,225.0,229,221,663,863,0.0223779370968578,0.0853768321676362,0.2216076430956098,0.2667362811426982
urn:mavedb:00000672-d-4#204,c.109C>T,NA,p.=,0.1647933128320735,0.1979719199739471,133.5,190,77,509,708,-0.0552511051447284,0.7050076161256088,0.2348557843085722,0.3679841580359494
urn:mavedb:00000672-d-4#205,c.129C>T,NA,p.=,0.278852358395603,0.2447698198823658,76.0,79,73,321,314,0.3613182211282294,0.1553298908492025,0.3160866819007734,0.3868495299585086
urn:mavedb:00000672-d-4#206,c.49C>T,NA,p.=,-0.6998258436409093,0.4003324183528014,27.0,44,10,41,134,-1.1112926167487185,0.9775047181015852,0.4467448784370494,0.901989593682498
urn:mavedb:00000672-d-4#207,c.399G>T,NA,p.=,0.7808236684901604,0.3367503863921064,33.5,39,28,262,232,0.8641078080966854,0.6296828052472195,0.4193910116862076,0.5649745903789065
urn:mavedb:00000672-d-4#208,c.492A>C,NA,p.=,-0.5954631427953787,0.1898040241500434,171.0,230,112,268,395,-0.8877673779471038,0.0116732697771024,0.2310194422783916,0.3329462419165611
urn:mavedb:00000672-d-4#209,c.117A>G,NA,p.=,-0.2639876887779329,0.1502534515850487,385.0,431,339,868,968,-0.3405914249781626,-0.1411059448309164,0.1914416458694984,0.2424683887365777
urn:mavedb:00000672-d-4#210,c.435C>A,NA,p.=,0.2806785502084904,0.1929129684004093,143.0,163,123,532,860,0.1422182390001168,0.5068365396321869,0.2449484455272555,0.3130530960764568
urn:mavedb:00000672-d-4#211,c.357G>T,NA,p.=,0.2368597833366946,0.3241971004849989,39.0,41,37,160,149,0.320926698994754,0.1076448187778746,0.4165140926871364,0.5163849184484212
urn:mavedb:00000672-d-4#212,c.9G>T,NA,p.=,-0.5312517857093942,0.3818701340864572,39.5,26,53,77,34,0.0450338342974366,-1.2214707005620706,0.5172799436921722,0.5661091531963569
urn:mavedb:00000672-d-4#213,c.15C>T,NA,p.=,-0.0082268894589093,0.2022218017350841,129.5,141,118,323,620,-0.2117826166902768,0.3001113703111534,0.2605579214531828,0.3206832870078291
urn:mavedb:00000672-d-4#214,c.[73A>T;74G>C;75C>T],NA,p.=,0.0076469617821096,0.2192165020677048,108.0,96,120,277,413,0.0189942651847371,-0.0060035891756836,0.2966535297050061,0.325370576514011
urn:mavedb:00000672-d-4#215,c.561C>T,NA,p.=,0.8028590001492706,0.4904166525024215,14.5,19,10,95,223,0.5687628628993352,1.3460272270725988,0.5866545024727803,0.8936191420717159
urn:mavedb:00000672-d-4#216,c.165C>T,NA,p.=,-0.0645597825846258,0.2609978564545169,67.5,72,63,197,187,-0.0341374398128319,-0.1130745883029733,0.3329204778024191,0.4204180271305748
urn:mavedb:00000672-d-4#217,c.93G>A,NA,p.=,-0.2514667238184359,0.2218048728076864,102.5,124,81,224,327,-0.4493105632847621,0.1094410979824093,0.2759830115251601,0.3727513549431525
urn:mavedb:00000672-d-4#218,c.[247A>C;249G>T],NA,p.=,-0.167130384588747,0.2329961304142328,90.5,98,83,216,274,-0.2503641205211721,-0.0361523454499392,0.2979690361835384,0.3737839801553723
urn:mavedb:00000672-d-4#219,c.288C>T,NA,p.=,0.4852332118111944,0.2749638220009808,54.0,70,38,301,317,0.4179399731647516,0.6345904041566474,0.3311633475706469,0.4933664570743256
urn:mavedb:00000672-d-4#220,c.435C>T,NA,p.=,0.0157719019245261,0.1978401644113237,140.0,140,140,364,602,-0.0851636045073287,0.1550994271135501,0.2598001988214172,0.3052361432013371
urn:mavedb:00000672-d-4#221,c.486A>G,NA,p.=,-0.2282571390120456,0.326114432814596,47.0,28,66,85,123,0.0697716967803473,-0.4498425557272976,0.4993901359961253,0.4306073158385866
urn:mavedb:00000672-d-4#222,c.397C>T,NA,p.=,-0.4242842731084131,0.1937768158106743,156.0,194,118,317,319,-0.5496314347208127,-0.1807020830550196,0.2384792812256451,0.3324422151335095
urn:mavedb:00000672-d-4#223,c.897T>G,NA,p.=,0.1248456273627986,0.3035562082083556,46.0,46,46,138,215,0.0579372391333447,0.2154294308186161,0.400261074305546,0.4657237101701505
urn:mavedb:00000672-d-4#224,c.861C>T,NA,p.=,-0.0898572355558649,0.1956817200691171,153.5,130,177,337,541,-0.0881265696379857,-0.0918779833678572,0.2666193592551596,0.2880985804689417
urn:mavedb:00000672-d-4#225,c.813C>T,NA,p.=,1.8496967083613995,2.424097674205974,0.5,1,0,18,90,1.8496967083613995,NA,2.424097674205974,NA
urn:mavedb:00000672-d-4#226,c.333C>T,NA,p.=,-0.15021322602755,0.2801039468014433,58.5,58,59,146,156,-0.117511438372848,-0.196755946847091,0.3654920478775021,0.4360317050926664
urn:mavedb:00000672-d-4#227,c.873G>T,NA,p.=,0.5071761903460109,0.4128874121403666,25.0,13,37,115,160,1.1393077213669485,0.1591808343806786,0.6929247437996879,0.5141254080700941
urn:mavedb:00000672-d-4#228,c.291C>T,NA,p.=,-0.1558700211363674,0.7622140813290439,6.0,11,1,23,33,-0.3030761064039859,1.629598012337616,0.7930128846201346,2.7618074799177
urn:mavedb:00000672-d-4#229,c.228C>G,NA,p.=,0.500307524319101,0.4269613725029583,19.5,30,9,119,150,0.3372510619146088,1.1353495120216466,0.4786472842128516,0.9445997181601324
urn:mavedb:00000672-d-4#230,c.426T>G,NA,p.=,0.1595259067400729,0.2596033589162226,74.0,49,99,231,284,0.5099223628764019,-0.1377614435291654,0.3831806869620692,0.3529490149849894
urn:mavedb:00000672-d-4#231,c.345C>A,NA,p.=,-0.0892828484079439,0.256164141711189,70.0,82,58,218,166,-0.0628992340099291,-0.1394325409652927,0.3164531613339978,0.4362911770745572
urn:mavedb:00000672-d-4#232,c.189C>T,NA,p.=,0.4002247584381435,0.3025544683957397,44.0,51,37,211,235,0.3793574512169758,0.4373184178912489,0.3782000144727033,0.5042410243357223
urn:mavedb:00000672-d-4#233,c.60G>A,NA,p.=,0.2242181581318847,0.8697987174839491,4.5,7,2,21,25,0.0579372391333447,0.9271997687181388,0.9672133014028608,1.9887172215726792
urn:mavedb:00000672-d-4#234,c.201G>T,NA,p.=,-0.8665231457730334,0.4089129234758357,26.0,44,8,43,38,-1.0636645677594638,0.2271131593076529,0.4442425039821743,1.0463274654760233
urn:mavedb:00000672-d-4#235,c.141A>G,NA,p.=,-0.1061749885391788,0.2518168743469232,76.0,73,79,201,204,-0.0278295826240805,-0.2138651000885533,0.3309747394001759,0.388039552247175
urn:mavedb:00000672-d-4#236,c.309C>T,NA,p.=,-0.0979684532745305,0.2387727061411333,88.5,77,100,213,268,-0.0231883056790237,-0.1869894246199532,0.3238895597865474,0.3533864999676471
urn:mavedb:00000672-d-4#237,c.102T>C,NA,p.=,-0.4454441173069081,1.139485483546083,4.0,0,8,3,15,NA,-0.4454441173069082,NA,1.139485483546083
urn:mavedb:00000672-d-4#238,c.642C>T,NA,p.=,0.3254642635507018,0.1976801443385413,150.5,105,196,585,664,0.676976447539568,-0.0174271132042892,0.2813136057778237,0.2778425956565228
urn:mavedb:00000672-d-4#239,c.198A>G,NA,p.=,-0.0705009046571468,0.2549285407766513,70.5,77,64,167,305,-0.2664866589716937,0.2294893220079951,0.3277896447028151,0.4055426457885697
urn:mavedb:00000672-d-4#240,c.471C>T,NA,p.=,0.1056660785874142,0.298885875337085,46.0,59,33,165,189,-0.0122670195399038,0.3624839235007079,0.3610473488350197,0.5327934843511992
urn:mavedb:00000672-d-4#241,c.531C>A,NA,p.=,0.2547989708177217,0.1783633328255712,186.5,192,181,602,1205,0.1020870237462744,0.4713756419051939,0.23290708666138,0.2773652396080784
urn:mavedb:00000672-d-4#242,c.66G>A,NA,p.=,-0.7568532938079727,0.8225797329351939,10.5,3,18,15,9,0.5687628628993352,-1.4017885167249382,1.4378508492705506,1.0029123796815784
urn:mavedb:00000672-d-4#243,c.795C>T,NA,p.=,1.369369333473494,1.1215032533123537,2.5,4,1,38,69,1.2106167490717303,2.1632810095613806,1.2285260775975149,2.747325214866703
urn:mavedb:00000672-d-4#244,c.378G>A,NA,p.=,-0.5397996262514689,0.2512260927058981,77.0,117,37,149,186,-0.7989026783870622,0.2681264547102545,0.2887134846016644,0.5098197057838796
urn:mavedb:00000672-d-4#245,c.870G>T,NA,p.=,-0.1655064590655741,0.187381771344681,182.5,147,218,409,473,-0.0173924802706996,-0.3398131768671813,0.2548482956212866,0.276465390599205
urn:mavedb:00000672-d-4#246,c.[201G>T;498G>T;868C>T],NA,p.=,-0.0226560367821465,0.4395701395336329,20.5,22,19,60,66,-0.0373729406709802,0.0006963363050246363,0.5612417714605709,0.7069802313084879
urn:mavedb:00000672-d-4#247,c.[105C>A;397C>T],NA,p.=,0.6820915482063384,0.7941981370475103,5.0,10,0,56,145,0.6820915482063384,NA,0.7941981370475103,NA
urn:mavedb:00000672-d-4#248,c.810G>A,NA,p.=,-0.2614394206340134,0.2021541974886497,148.5,116,181,282,370,-0.1523581697030162,-0.3829321269847315,0.2784920402188153,0.2939089661854748
urn:mavedb:00000672-d-4#249,c.792G>A,NA,p.=,-0.3612244016751355,0.2889008384535318,64.5,41,88,112,125,-0.0357482449439782,-0.6463220316424468,0.4227864658564245,0.3956929296625239
urn:mavedb:00000672-d-4#250,c.429C>G,NA,p.=,0.0726793502116936,0.2317362721671872,88.5,94,83,237,466,-0.1159096906696377,0.348089491852939,0.3007894917136362,0.3634916159746008
urn:mavedb:00000672-d-4#251,c.54C>T,NA,p.=,0.1509540145727666,0.2581071551575548,77.0,45,109,207,333,0.4853812539602841,-0.092221620809224,0.3977907567743592,0.339206288650103
urn:mavedb:00000672-d-4#252,c.[498G>T;537G>T;834C>G],NA,p.=,-0.9937227716750424,0.4203380617285058,28.5,35,22,39,15,-0.9324614648945324,-1.1773787432532772,0.4854068520896089,0.8404566180290767
urn:mavedb:00000672-d-4#253,c.135C>T,NA,p.=,-0.0099041575230623,0.3374229630639521,35.0,48,22,107,167,-0.2390472259807499,0.5663140068576337,0.3989114689661703,0.6325817128231697
urn:mavedb:00000672-d-4#254,c.888A>G,NA,p.=,-0.3591887788477175,0.290636110013394,52.5,96,9,157,225,-0.5487774356542932,1.428720098002077,0.3056573595312177,0.9386450031399748
urn:mavedb:00000672-d-4#255,c.213A>G,NA,p.=,0.3078194700680689,0.4688269104029233,16.0,28,4,90,148,0.1269301106202961,1.7123785798785542,0.4981023458234075,1.3879764168115436
urn:mavedb:00000672-d-4#256,c.711G>A,NA,p.=,-0.3081037241293732,0.2479199709856985,79.5,85,74,165,195,-0.3773808321245009,-0.1992044801210984,0.3171203494974436,0.3975956910517247
urn:mavedb:00000672-d-4#257,c.597C>G,NA,p.=,0.4508860242310357,0.4389545970337031,23.0,10,36,131,117,1.5319371806723407,-0.0474631000713912,0.78144579278171,0.5305698706970323
urn:mavedb:00000672-d-4#258,c.438T>C,NA,p.=,-0.5298494257687744,0.889114388523539,4.5,9,0,15,2,-0.5298494257687744,NA,0.8891143885235391,NA
urn:mavedb:00000672-d-4#259,c.456C>T,NA,p.=,-0.3190268330868734,0.331528496889643,41.5,37,46,73,110,-0.3611335210305983,-0.2694570419432259,0.4508595599482407,0.4891863007424418
urn:mavedb:00000672-d-4#260,c.636G>T,NA,p.=,-0.1991625219643711,0.4044954661064884,29.5,16,43,57,77,0.2297874960600038,-0.4787294245595646,0.6439407274606757,0.5198588312533423
urn:mavedb:00000672-d-4#261,c.435C>G,NA,p.=,-0.2734785719972312,0.3790590836252476,34.0,25,43,84,52,0.1712659244403477,-0.7627638694956634,0.5237284789075909,0.5493283108703938
urn:mavedb:00000672-d-4#262,c.825G>A,NA,p.=,0.2123805272141044,0.2058650218624431,123.0,116,130,370,712,0.1192377649971404,0.3301445451211314,0.2754999511206888,0.3097799297158384
urn:mavedb:00000672-d-4#263,c.159C>G,NA,p.=,-0.2356287812968717,0.1836716633974242,192.5,166,219,402,478,-0.1562107492722872,-0.3355163012337003,0.2460840198656137,0.2759811799785527
urn:mavedb:00000672-d-4#264,c.171C>T,NA,p.=,0.097140073649967,0.4281694769444631,20.0,33,7,84,120,-0.1063658121579317,1.155732293469509,0.4675175441288117,1.0662861657222682
urn:mavedb:00000672-d-4#265,c.457C>T,NA,p.=,-0.3008388200743803,0.3112299661029837,52.0,32,72,74,149,-0.2023458591303218,-0.3740512322831262,0.4766295785202361,0.410932747137283
urn:mavedb:00000672-d-4#266,c.933C>T,NA,p.=,-0.8975546370891063,0.3889824370479045,29.0,56,2,58,75,-1.0055837297234949,1.7220906839825076,0.3969218530697344,1.9545909955377
urn:mavedb:00000672-d-4#267,c.99T>G,NA,p.=,0.2935474942351582,0.222111932650324,96.0,107,85,374,532,0.2107519134178607,0.426700188569351,0.2828601591671449,0.3587097508021327
urn:mavedb:00000672-d-4#268,c.456C>A,NA,p.=,0.1622491565938209,0.4403552505940462,19.5,23,16,62,117,-0.0490348804188232,0.5392780718894697,0.5500726533360932,0.7348082790251429
urn:mavedb:00000672-d-4#269,c.846C>T,NA,p.=,0.042542624636728,0.1970413719182178,146.5,127,166,386,583,0.0709752334714745,0.0086434454668484,0.267188415156743,0.2917452944212307
urn:mavedb:00000672-d-4#270,c.939C>G,NA,p.=,-0.4898077209046011,0.2539962068080624,75.5,93,58,139,154,-0.6388006095573292,-0.1937235663310338,0.3114133633138197,0.438997510963431
urn:mavedb:00000672-d-4#271,c.522C>T,NA,p.=,-0.7131674460324133,0.298853312341326,53.0,86,20,78,236,-1.138313519098681,0.885502749013286,0.3362514578057797,0.6520404357743922
urn:mavedb:00000672-d-4#272,c.[36G>T;297G>T],NA,p.=,-0.1529346586874258,0.4700030112224488,16.5,32,1,73,51,-0.2159515111861004,1.9445684379031036,0.4770110893103526,2.7520189933456534
urn:mavedb:00000672-d-4#273,c.[550C>A;552T>G],NA,p.=,0.0529888918564454,0.2732247605085372,57.0,81,33,176,389,-0.2646402091690522,0.8847591303538297,0.3211839516947753,0.5197510589743951
urn:mavedb:00000672-d-4#274,c.57C>G,NA,p.=,0.6180008008395799,0.3847266433460494,26.0,25,27,153,168,0.7708870469894696,0.4224565348092938,0.5135560031978431,0.5807993803251135
urn:mavedb:00000672-d-4#275,c.535C>T,NA,p.=,0.1814703389278972,0.2111082406324965,111.0,128,94,346,704,-0.0462665383966579,0.5565695135626764,0.2676281183026444,0.3434694495880193
urn:mavedb:00000672-d-4#276,c.[123C>T;816A>C],NA,p.=,0.5246031613307944,0.6597455358342759,8.5,7,10,29,86,0.3807106313963958,0.6566197563974888,0.953773449182858,0.9135669251878148
urn:mavedb:00000672-d-4#277,c.[111G>T;273C>G],NA,p.=,-0.1051529644378054,0.4708824558620268,22.0,10,34,58,55,0.7171828680176086,-0.5522647995688874,0.7934358654257457,0.585053125076804
urn:mavedb:00000672-d-4#278,c.[528C>T;714G>A],NA,p.=,-1.73382223009471,0.9096432804316446,6.0,12,0,6,6,-1.7338222300947104,NA,0.9096432804316446,NA
urn:mavedb:00000672-d-4#279,c.900C>G,NA,p.=,0.7931505479983334,0.5444359319267531,12.0,13,11,89,94,0.883011962735838,0.6520160872589561,0.6965180233607344,0.8728955252182381
urn:mavedb:00000672-d-4#280,c.639C>A,NA,p.=,0.1483253368489373,0.2405334933665766,78.5,92,65,250,435,-0.0410027087215589,0.4751532102173798,0.3022779517060984,0.3971536322792647
urn:mavedb:00000672-d-4#281,c.339C>T,NA,p.=,0.3668254483199864,0.3019475196592073,44.0,53,35,169,377,0.1189317518361866,0.8195140791792285,0.375630857429903,0.5076078311342948
urn:mavedb:00000672-d-4#282,c.[273C>A;420C>T],NA,p.=,-0.1405064219761362,0.4135637965142604,23.0,29,17,61,77,-0.2970970153479279,0.1927069519207285,0.5014093760398273,0.7314267304002833
urn:mavedb:00000672-d-4#283,c.786T>C,NA,p.=,-0.2798701690331656,0.2633303155981141,83.0,46,120,158,170,0.1932785870031067,-0.6482540511935123,0.3980027122777679,0.3511862394105381
urn:mavedb:00000672-d-4#284,c.906C>G,NA,p.=,0.289050696704471,0.3844509126454049,25.0,39,11,118,193,0.0664479288012532,1.1725280814495993,0.4301663926260998,0.8569765059104779
urn:mavedb:00000672-d-4#285,c.330C>T,NA,p.=,0.1244087981805331,0.3182802380649875,42.0,38,46,116,205,0.0753289818452137,0.1809685897704763,0.4349798751830555,0.4669513121700827
urn:mavedb:00000672-d-4#286,c.849G>T,NA,p.=,-0.0999934472314564,0.2373812300221412,85.5,89,82,186,369,-0.3035647455537036,0.1879933138038,0.3101326746892059,0.3688718493925031
urn:mavedb:00000672-d-4#287,c.507C>A,NA,p.=,-0.2284999034837879,0.2012327489300074,139.5,141,138,320,344,-0.221113944119161,-0.2393946393154754,0.2606673648203012,0.3165858913751061
urn:mavedb:00000672-d-4#288,c.807C>T,NA,p.=,-0.3098723618844773,0.3448934309259367,38.5,33,44,72,92,-0.2605164919851901,-0.3665851902172351,0.4716696028934872,0.5056024114338629
urn:mavedb:00000672-d-4#289,c.720C>T,NA,p.=,0.2692787082459498,0.2379456749964855,81.5,85,78,326,366,0.3035710753416262,0.2182714090526032,0.3077055411589052,0.3752776922399047
urn:mavedb:00000672-d-4#290,c.582C>G,NA,p.=,0.6680019823266848,0.3495591014376103,33.5,25,42,195,241,1.0134486841607813,0.3638498685768941,0.5108551865431549,0.4793499663171856
urn:mavedb:00000672-d-4#291,c.459G>A,NA,p.=,-0.2403228526990003,0.2185870832432838,120.5,85,156,189,389,-0.241579290965439,-0.2391519896372871,0.3147264834294491,0.3038195837031791
urn:mavedb:00000672-d-4#292,c.579C>T,NA,p.=,-0.3147380461518287,0.6837545906686257,7.5,15,0,31,82,-0.3147380461518287,NA,0.6837545906686257,NA
urn:mavedb:00000672-d-4#293,c.144C>T,NA,p.=,0.142481114491975,0.255666568504002,78.5,50,107,256,269,0.5924793895166512,-0.2332484684453888,0.3790135317660753,0.3463275067770129
urn:mavedb:00000672-d-4#294,c.[498G>T;835T>A;836C>G],NA,p.=,-0.1394203909530042,0.354125155651845,31.5,51,12,100,141,-0.3673304962709995,0.8824303839213866,0.3916304956585711,0.8292556719192714
urn:mavedb:00000672-d-4#295,c.393C>T,NA,p.=,-0.4495223350660797,0.6559828365339498,8.5,16,1,26,22,-0.5551672337530642,1.3362274263571856,0.6751080014551578,2.775615411523669
urn:mavedb:00000672-d-4#296,c.703C>T,NA,p.=,0.0525493856258636,0.2002316219816911,147.0,108,186,387,536,0.2356184163707971,-0.1344815607958681,0.2816666696240127,0.2846982210518846
urn:mavedb:00000672-d-4#297,c.273C>T,NA,p.=,-0.4651564561773104,0.2762707154488282,61.5,74,49,118,120,-0.5740555182732702,-0.2522132714577073,0.3396444369042574,0.4749460809345817
urn:mavedb:00000672-d-4#298,c.[306G>T;888A>G],NA,p.=,-1.3973499934734974,0.9361746498885788,5.0,10,0,7,53,-1.3973499934734974,NA,0.9361746498885788,NA
urn:mavedb:00000672-d-4#299,c.594C>A,NA,p.=,0.0259846774387601,0.3545215052894745,32.0,37,27,99,119,-0.0564731120443995,0.1729503417728423,0.4429488212575051,0.5913514245153703
urn:mavedb:00000672-d-4#300,c.774C>T,NA,p.=,0.377492649496514,0.3273365771757366,39.5,30,49,132,265,0.4409294913894505,0.3210033779108509,0.476945141658652,0.4500705949245793
urn:mavedb:00000672-d-4#301,c.726C>T,NA,p.=,-0.9934741116652408,0.2713154591306458,73.0,91,55,67,119,-1.346841936660649,-0.3418463396698349,0.336943301330796,0.4575548021317001
urn:mavedb:00000672-d-4#302,c.798C>A,NA,p.=,-0.0780291710035016,0.3244380321966841,40.0,43,37,93,171,-0.2692756720750716,0.2072888810847151,0.4193030308740163,0.5121484676877557
urn:mavedb:00000672-d-4#303,c.273C>A,NA,p.=,0.4301899064485349,0.258170498405756,64.5,71,58,295,404,0.3836204297637394,0.5041043287832246,0.3296146654109751,0.4152603264717632
urn:mavedb:00000672-d-4#304,c.495C>T,NA,p.=,-0.4165530415700009,0.2614279979372661,78.5,63,94,145,130,-0.2070760335057234,-0.665667528712239,0.3547036054099748,0.3868093060424455
urn:mavedb:00000672-d-4#305,c.576C>T,NA,p.=,-1.2059565759387398,0.2955696622849421,67.0,73,61,54,56,-1.3421504441188818,-0.9621469770930564,0.3690015878005266,0.4937133349122368
urn:mavedb:00000672-d-4#306,c.222C>T,NA,p.=,-0.1218865821108277,0.3393882927541112,45.0,18,72,75,153,0.3864413061053807,-0.3548834652130819,0.6053771963015995,0.4098539687733383
urn:mavedb:00000672-d-4#307,c.771C>T,NA,p.=,-1.073938698589591,0.3721992699855331,39.5,37,42,32,41,-1.1858570593792628,-0.917703751404636,0.487616063314279,0.5761246086056931
urn:mavedb:00000672-d-4#308,c.30C>T,NA,p.=,-0.0943184253264767,0.2738827803068105,59.5,68,51,174,158,-0.1011274554963428,-0.0821102869416298,0.3418321716236843,0.4577148750603696
urn:mavedb:00000672-d-4#309,c.451C>T,NA,p.=,-0.073009577554879,0.2037276757805485,140.0,110,170,336,425,0.0759557446360229,-0.2372943740033999,0.2813176401537163,0.2954289578902852
urn:mavedb:00000672-d-4#310,c.606A>T,NA,p.=,0.237850230647934,0.3791756268359086,27.0,30,24,95,153,0.1120044604036202,0.4400074500512873,0.4829861606673287,0.6121530291562706
urn:mavedb:00000672-d-4#311,c.[928A>T;929G>C;930C>T],NA,p.=,-0.1715078411468087,0.2491172271237052,74.0,103,45,177,365,-0.4992543051905718,0.6142728330095789,0.2965537993505476,0.4591823186237638
urn:mavedb:00000672-d-4#312,c.228C>A,NA,p.=,0.2930298290869841,0.3156223221874591,39.5,53,26,172,228,0.1365275137265661,0.6707193164863524,0.3753607620340662,0.5831173143550102
urn:mavedb:00000672-d-4#313,c.27C>T,NA,p.=,0.0144609522982796,0.2818562290411101,55.5,55,56,132,274,-0.1652063121808652,0.2485529765782319,0.3747211506292944,0.4277273664566701
urn:mavedb:00000672-d-4#314,c.942C>T,NA,p.=,-0.9971908867650044,0.5728799495583649,13.0,24,2,20,50,-1.22299660632872,1.428720098002077,0.5989488759187147,1.963178167340583
urn:mavedb:00000672-d-4#315,c.945C>T,NA,p.=,0.3927726340821119,0.8116134563835707,6.5,2,11,38,36,1.9037639296316755,-0.0424209828586302,1.7163269868571516,0.9211074785835032
urn:mavedb:00000672-d-4#316,c.304C>T,NA,p.=,-0.4625905601354257,0.3667285258563251,31.5,41,22,62,68,-0.6271127311939814,-0.0837774325915734,0.439203854220158,0.6664482579120832
urn:mavedb:00000672-d-4#317,c.361C>T,NA,p.=,-0.1185490859576598,0.1898047970686486,157.5,187,128,399,560,-0.2828222494994882,0.1676105323559383,0.238132134991379,0.3142960111294175
urn:mavedb:00000672-d-4#318,c.234A>C,NA,p.=,-0.146438603054316,0.2961065201595266,48.0,78,18,149,224,-0.3934375702788976,0.9239768640932324,0.3284981978287968,0.6838511956596687
urn:mavedb:00000672-d-4#319,c.438T>G,NA,p.=,-1.6384439146871257,0.89431494999514,7.0,12,2,4,13,-2.1392873382028745,0.4540572292125474,0.995606562405027,2.0350243720276606
urn:mavedb:00000672-d-4#320,c.576C>G,NA,p.=,-0.4345275734952964,0.22795052290356,100.0,112,88,177,235,-0.5830241882560305,-0.18957108715526,0.2888967173952735,0.3710468956915271
urn:mavedb:00000672-d-4#321,c.603G>A,NA,p.=,-0.6576827972786593,0.7024645316604454,7.5,15,0,22,25,-0.6576827972786593,NA,0.7024645316604454,NA
urn:mavedb:00000672-d-4#322,c.915C>T,NA,p.=,0.1436433541057764,0.3445974934371837,40.0,20,60,116,161,0.7171828680176086,-0.186090057329558,0.570348275360613,0.4324540200400282
urn:mavedb:00000672-d-4#323,c.246C>T,NA,p.=,0.5290404754474914,0.6101639807136435,9.0,15,3,67,40,0.455967368753991,0.9738960278679856,0.6583730278560991,1.6244365491059785
urn:mavedb:00000672-d-4#324,c.300C>T,NA,p.=,-0.8323149685669422,0.511687893787251,23.0,14,32,27,18,-0.3838955131456946,-1.316567674048016,0.7101230684254307,0.7379508297589389
urn:mavedb:00000672-d-4#325,c.[18C>A;261C>G],NA,p.=,2.217421488486717,2.4171581087958605,0.5,1,0,26,19,2.217421488486717,NA,2.4171581087958605,NA
urn:mavedb:00000672-d-4#326,c.165C>A,NA,p.=,-0.7059849181995169,0.6310245074999477,10.5,14,7,13,31,-1.114783021688487,0.1764164125542845,0.7633255738635772,1.121472048996073
urn:mavedb:00000672-d-4#327,c.324C>T,NA,p.=,-0.2231259868859168,0.274391954912401,62.5,58,67,119,202,-0.3219945669696549,-0.1017864911494023,0.3696467583696281,0.4095046582493217
urn:mavedb:00000672-d-4#328,c.936C>G,NA,p.=,-0.0445358421479986,0.348920462223165,38.0,26,50,100,107,0.3063985984318443,-0.3497940592913101,0.5115739726368782,0.477121653166656
urn:mavedb:00000672-d-4#329,c.357G>A,NA,p.=,-0.2120252593044436,0.3409387125528565,38.0,37,39,93,84,-0.1189934690257336,-0.3451277098833925,0.4443922279110643,0.5315495946814637
urn:mavedb:00000672-d-4#330,c.684A>T,NA,p.=,0.193319817183357,0.3124507873090882,44.0,38,50,139,206,0.2562127238695409,0.1241594732660809,0.4317452809107077,0.4527467464683369
urn:mavedb:00000672-d-4#331,c.[256T>A;257C>G],NA,p.=,-0.6781746988011975,0.2529459451205615,94.0,67,121,113,130,-0.5179798502133905,-0.8483585385265295,0.3524313837382946,0.3632532101443645
urn:mavedb:00000672-d-4#332,c.342G>T,NA,p.=,-0.3746034256518217,0.3091683531784826,45.0,81,9,130,170,-0.5675897537516215,1.225910164115473,0.327277410449295,0.942502349959563
urn:mavedb:00000672-d-4#333,c.525G>A,NA,p.=,-0.5473139704257338,0.4151210706004957,26.5,27,26,48,35,-0.4653109046312033,-0.6851945550136702,0.5242273664310204,0.6797609343324293
urn:mavedb:00000672-d-4#334,c.247A>C,NA,p.=,-0.1341910313399253,0.3857980597243706,27.0,32,22,67,97,-0.3017183329435255,0.1732266606197993,0.4795316396834494,0.6495893552358607
urn:mavedb:00000672-d-4#335,c.873G>A,NA,p.=,-0.4906642866680465,0.3361482632733231,38.0,64,12,79,218,-0.8301102804274154,1.1977025992272092,0.3683930238652597,0.8215981764782689
urn:mavedb:00000672-d-4#336,c.939C>T,NA,p.=,-0.2030895129265195,0.5817605795602484,11.5,13,10,25,40,-0.386748582128101,0.1027724711268777,0.735982056956478,0.949781678507978
urn:mavedb:00000672-d-4#337,c.168C>T,NA,p.=,-0.498750718365278,0.4467843664878347,21.0,25,17,31,65,-0.8255636699178196,0.0701259911382907,0.5606188188031196,0.7396514606229303
urn:mavedb:00000672-d-4#338,c.261C>T,NA,p.=,-0.0864611246211657,0.247689139633969,83.0,65,101,202,239,0.0932053779708025,-0.2770512795457349,0.345229716144445,0.3555697822567598
urn:mavedb:00000672-d-4#339,c.459G>T,NA,p.=,-0.7759108104863041,0.4694905279128728,26.5,17,36,34,22,-0.3475278689748198,-1.2565950627394304,0.6456466175361977,0.6839254156556559
urn:mavedb:00000672-d-4#340,c.129C>A,NA,p.=,-0.3375702051441879,0.2495570315985144,77.5,88,67,155,201,-0.4745867470937248,-0.1053772721766304,0.3146891224413597,0.4096563854820143
urn:mavedb:00000672-d-4#341,c.537G>A,NA,p.=,-0.4973243210275762,0.5006983548706393,17.0,18,16,18,72,-1.040675049534765,0.1879933138038,0.6704209061476761,0.7529278743117559
urn:mavedb:00000672-d-4#342,c.241C>T,NA,p.=,0.1928862941865104,0.5703935345861144,10.5,20,1,62,103,0.0907270619563355,2.4531477587091577,0.5831413972873293,2.742927971692786
urn:mavedb:00000672-d-4#343,c.324C>A,NA,p.=,-0.2199732302283109,0.446529759298402,26.5,12,41,71,47,0.73709817771855,-0.8014502030226234,0.7263396064912565,0.5661530036713088
urn:mavedb:00000672-d-4#344,c.159C>A,NA,p.=,-1.040675049534765,1.396030239198026,2.0,4,0,4,16,-1.040675049534765,NA,1.396030239198026,NA
urn:mavedb:00000672-d-4#345,c.102T>G,NA,p.=,-1.851605265751094,1.0727738628026469,4.5,9,0,4,0,-1.8516052657510935,NA,1.0727738628026469,NA
urn:mavedb:00000672-d-4#346,c.[309C>A;846C>T],NA,p.=,-0.4834605700688314,0.317069811211142,44.5,54,35,81,94,-0.6352099414266007,-0.1854483358755515,0.3895193498410149,0.5458617120812514
urn:mavedb:00000672-d-4#347,c.474G>A,NA,p.=,-0.1279761478155508,0.204730120966865,140.0,107,173,298,427,-0.0164103974912667,-0.246554476910731,0.2852193483667502,0.2940466264695102
urn:mavedb:00000672-d-4#348,c.564G>T,NA,p.=,-0.3799831889736905,0.7039493034268124,9.0,5,13,6,37,-0.8583534927408105,-0.1434671660589318,1.223853953211078,0.8605532972428617
urn:mavedb:00000672-d-4#349,c.546C>T,NA,p.=,-2.986585198590079,1.6754970840421088,3.5,7,0,1,4,-2.9865851985900784,NA,1.6754970840421088,NA
urn:mavedb:00000672-d-4#350,c.450T>G,NA,p.=,-0.508902597329618,0.2451792706588863,82.0,108,56,135,235,-0.8175314982205554,0.1374586324317706,0.2980200897831153,0.4312855369092319
urn:mavedb:00000672-d-4#351,c.831C>T,NA,p.=,-0.0749585561371151,0.2756983965120673,58.0,67,49,163,185,-0.1516174681189687,0.0609815927456609,0.344779186382143,0.4591277954058622
urn:mavedb:00000672-d-4#352,c.747A>C,NA,p.=,-0.1408847201425968,0.2470489493516184,76.0,92,60,191,265,-0.3101901985371754,0.1744687912114972,0.3062684862948852,0.41798975953732
urn:mavedb:00000672-d-4#353,c.183C>T,NA,p.=,-0.1118096388871432,0.301845576849338,46.0,85,7,187,187,-0.2522176891704948,1.476707242225765,0.3149031228422514,1.0591973372798231
urn:mavedb:00000672-d-4#354,c.123C>T,NA,p.=,0.4124753833718221,0.498711930368301,15.0,15,15,62,98,0.3784091344081165,0.4577582137114627,0.6601671677653722,0.7611294840984095
urn:mavedb:00000672-d-4#355,c.882C>G,NA,p.=,-0.4223637608817641,0.3427263777704478,42.5,35,50,88,56,-0.1186862965459722,-0.8182702493889834,0.4555868086581903,0.5201890047422165
urn:mavedb:00000672-d-4#356,c.264G>T,NA,p.=,0.1067104067278782,0.1881299116187771,171.0,137,205,461,745,0.1727420676337586,0.033370340585541,0.2593430079728359,0.2733185333994238
urn:mavedb:00000672-d-4#357,c.630T>C,NA,p.=,-0.5473967214993081,0.3235872776631516,41.5,67,16,86,107,-0.7910203726722235,0.4746332382999506,0.3600949709738127,0.7375460573150485
urn:mavedb:00000672-d-4#358,c.639C>T,NA,p.=,0.4298021907139083,1.0998197697537229,3.5,0,7,10,44,NA,0.4298021907139083,NA,1.0998197697537229
urn:mavedb:00000672-d-4#359,c.[18C>A;310A>T;311G>C;312C>T],NA,p.=,0.4715486080133984,0.555252378628991,14.0,4,24,54,108,1.5620146359096188,0.1879933138038,1.2222731837786642,0.6232769895078751
urn:mavedb:00000672-d-4#360,c.312C>T,NA,p.=,-0.1658350730260562,0.4087299216667107,25.5,23,28,59,69,-0.0986318215581953,-0.2477052139337126,0.5515358289380353,0.6087533390829987
urn:mavedb:00000672-d-4#361,c.480G>C,NA,p.=,0.5889557667985087,0.4864036383263871,16.5,11,22,61,159,0.6723035418401756,0.5307956665099279,0.7587077959791478,0.6337823121112018
urn:mavedb:00000672-d-4#362,c.723A>T,NA,p.=,0.531304127480869,0.276591194879281,54.5,60,49,332,258,0.6701153571596227,0.301634013812904,0.3503433349630884,0.4506442164106258
urn:mavedb:00000672-d-4#363,c.804C>T,NA,p.=,-0.3308201739606253,0.254567338079215,76.0,73,79,129,223,-0.4713220863214841,-0.149432497481458,0.339119105146088,0.3853142126841213
urn:mavedb:00000672-d-4#364,c.204G>A,NA,p.=,-0.8330356847565206,0.7654349097857089,6.5,13,0,16,14,-0.8330356847565206,NA,0.7654349097857089,NA
urn:mavedb:00000672-d-4#365,c.48C>T,NA,p.=,-0.3623496425453155,0.3348487945374888,54.5,20,89,107,91,0.6364215113731501,-0.884188839229576,0.571596238932459,0.4131661331678316
urn:mavedb:00000672-d-4#366,c.262C>T,NA,p.=,-0.0438994984885735,0.1948371373756493,146.5,152,141,347,646,-0.2152307904341822,0.20098971204457,0.2540087335294742,0.3036792581598135
urn:mavedb:00000672-d-4#367,c.612A>G,NA,p.=,-0.4699775540542485,0.3077856997489466,46.0,75,17,105,127,-0.7042028129135521,0.5547535478508631,0.341152703468823,0.7135705409234172
urn:mavedb:00000672-d-4#368,c.519G>T,NA,p.=,-0.3625365520783001,0.3673999454206278,39.5,20,59,68,75,0.1831003820873505,-0.7266540659093776,0.5807382036793455,0.4744050476410388
urn:mavedb:00000672-d-4#369,c.210C>T,NA,p.=,0.4482138831254008,0.3036476435283415,48.5,33,64,230,246,0.90089669792195,0.0739423269155632,0.4513539808089857,0.4104059843276357
urn:mavedb:00000672-d-4#370,c.[787T>A;788C>G],NA,p.=,1.462248662055733,1.14597393707662,2.5,3,2,28,106,1.1929171719723293,1.972400365043744,1.4165387129304996,1.9495507784833557
urn:mavedb:00000672-d-4#371,c.405C>T,NA,p.=,-0.2930343142884674,0.2886206794764505,52.5,92,13,157,207,-0.5062178212354973,1.102326178888264,0.3098851079605724,0.7928063431093083
urn:mavedb:00000672-d-4#372,c.45C>A,NA,p.=,-0.0219219413578697,0.2742197955748782,58.5,68,49,187,168,-0.0290741378562852,-0.00876184925203,0.3406816700885963,0.4621239886733614
urn:mavedb:00000672-d-4#373,c.[237C>A;480G>A],NA,p.=,0.3456193115851255,1.4491968019016417,1.5,3,0,12,57,0.3456193115851255,NA,1.4491968019016417,NA
urn:mavedb:00000672-d-4#374,c.942C>G,NA,p.=,0.2760865918054135,0.3947570492812678,24.0,32,16,93,184,0.0261885408187642,0.8668697650130724,0.4709030566433895,0.724042623882239
urn:mavedb:00000672-d-4#375,c.837T>G,NA,p.=,0.4412812145040097,0.4047312953207314,22.0,34,10,130,138,0.300498876304656,0.9987868668398422,0.4529595660577611,0.9013842938075936
urn:mavedb:00000672-d-4#376,c.15C>G,NA,p.=,0.2011149161687118,0.3084670281354933,44.0,43,45,132,255,0.0809267573580433,0.3547866073743649,0.411790190600989,0.4656312197136582
urn:mavedb:00000672-d-4#377,c.[495C>T;753G>A],NA,p.=,-0.5140974100823842,0.5466671933999152,13.5,18,9,28,21,-0.5988422972557258,-0.2872135377781531,0.6406782259022274,1.0482986446701867
urn:mavedb:00000672-d-4#378,c.150C>A,NA,p.=,-0.0649446595084169,0.4535089934690052,19.0,22,16,55,59,-0.1243843176606099,0.0439155745990693,0.5638884393411115,0.7631144396633733
urn:mavedb:00000672-d-4#379,c.[126G>T;243G>T],NA,p.=,0.5076773774862159,1.2901208604430954,2.5,0,5,5,35,NA,0.5076773774862159,NA,1.2901208604430954
urn:mavedb:00000672-d-4#380,c.675C>T,NA,p.=,0.3899039532332779,0.3820115470100218,25.5,34,17,125,156,0.2612781631513746,0.7035634222489989,0.4536266088804244,0.7083757659996089
urn:mavedb:00000672-d-4#381,c.24G>T,NA,p.=,-0.2842455872621601,0.5632469007913393,13.0,12,14,23,39,-0.3900874833936156,-0.158997420450299,0.7650745528784252,0.8322631012314984
urn:mavedb:00000672-d-4#382,c.75C>T,NA,p.=,-0.6659816000933544,0.8162440502135246,5.5,11,0,16,37,-0.6659816000933544,NA,0.8162440502135246,NA
urn:mavedb:00000672-d-4#383,c.[357G>T;558G>T],NA,p.=,1.3572202232636057,1.7272501910650986,1.0,2,0,22,33,1.3572202232636057,NA,1.7272501910650986,NA
urn:mavedb:00000672-d-4#384,c.267C>T,NA,p.=,-0.4308784787910011,0.2400642861737354,85.0,123,47,163,292,-0.7591092041004203,0.4213560921759308,0.2825365216344437,0.4552653017896473
urn:mavedb:00000672-d-4#385,c.465C>T,NA,p.=,0.0844752409943321,0.2971829309103808,50.0,43,57,128,234,0.0501550986912896,0.1215667977282642,0.4123547617176159,0.4286807724170814
urn:mavedb:00000672-d-4#386,c.81C>T,NA,p.=,-1.2818371063516532,0.7811233838875237,7.0,14,0,11,31,-1.2818371063516532,NA,0.7811233838875237,NA
urn:mavedb:00000672-d-4#387,c.[36G>T;195G>T],NA,p.=,-0.9002681874409998,1.191358616072612,4.5,0,9,4,9,NA,-0.9002681874409997,NA,1.191358616072612
urn:mavedb:00000672-d-4#388,c.[45C>T;525G>A],NA,p.=,-2.8097340816521545,2.368470171431865,7.0,0,14,2,1,NA,-2.8097340816521545,NA,2.368470171431865
urn:mavedb:00000672-d-4#389,c.315C>A,NA,p.=,-0.5349672960732972,0.2173637054712098,115.0,135,95,181,262,-0.7474527967073687,-0.1662593864708388,0.272901638155755,0.3594866107744714
urn:mavedb:00000672-d-4#390,c.753G>A,NA,p.=,-1.4977614942126545,0.8061171052984412,16.5,1,32,3,11,0.0579372391333447,-1.6728945493464469,2.5342036156662413,0.8502816743750647
urn:mavedb:00000672-d-4#391,c.[30C>T;42C>T],NA,p.=,-0.1394820551676109,0.29755221659105,48.0,63,33,142,126,-0.227982718325037,0.0691133375202774,0.3551070357634759,0.5451780607778258
urn:mavedb:00000672-d-4#392,c.[309C>A;531C>A],NA,p.=,-0.0272066854656888,0.413360361198792,22.0,35,9,77,114,-0.2522176891704948,0.9367832318950998,0.4590750368934632,0.9502066053656542
urn:mavedb:00000672-d-4#393,c.87A>G,NA,p.=,0.1533905276763501,0.4881131458851918,15.0,24,6,67,75,-0.0140362604917446,0.9271997687181388,0.5383352520137489,1.1573302446604252
urn:mavedb:00000672-d-4#394,c.[15C>A;444C>T],NA,p.=,-0.3357915688390608,0.958398480425,5.5,0,11,11,24,NA,-0.3357915688390608,NA,0.958398480425
urn:mavedb:00000672-d-4#395,c.126G>A,NA,p.=,-0.4578837778012727,0.3175861292671617,52.0,38,66,93,76,-0.145661716107895,-0.7981920526191465,0.4397700257513057,0.4591240958428756
urn:mavedb:00000672-d-4#396,c.33C>T,NA,p.=,-0.3408336860518217,1.288530764132265,3.0,0,6,9,13,NA,-0.3408336860518217,NA,1.288530764132265
urn:mavedb:00000672-d-4#397,c.927C>T,NA,p.=,0.6030420642260295,0.5923327995308739,11.5,5,18,46,104,1.1785284345202296,0.3688363865356253,1.1013541919994272,0.7026000843123721
urn:mavedb:00000672-d-4#398,c.162G>A,NA,p.=,0.663167460933349,0.8688343793370397,5.5,1,10,50,55,2.871347955893381,0.333186767789308,2.409640930688738,0.9314923920130392
urn:mavedb:00000672-d-4#399,c.[111G>T;420C>T],NA,p.=,0.2280968323967426,0.7272160272974384,6.5,10,3,33,22,0.1532474189376694,0.5413365110928162,0.8094513936411809,1.655903253038992
urn:mavedb:00000672-d-4#400,c.504G>A,NA,p.=,-0.6894921384972442,0.3442995543113819,43.5,40,47,67,44,-0.5248618842577353,-0.9479914742891395,0.4404974953340509,0.5519736356608632
urn:mavedb:00000672-d-4#401,c.177G>T,NA,p.=,-0.08523960191224,0.4006240014655863,23.5,41,6,93,74,-0.2216476230858171,0.9174876646141849,0.4270052403349241,1.1577230037880248
urn:mavedb:00000672-d-4#402,c.600G>A,NA,p.=,-0.2860570734707941,0.3296045500188506,40.0,44,36,86,102,-0.3705173871995185,-0.1467337219095735,0.4177297759008661,0.5365139819855487
urn:mavedb:00000672-d-4#403,c.801C>A,NA,p.=,-0.8431334141927205,0.5125386468128955,15.5,30,1,33,55,-0.94536486973044,1.9992012397947847,0.5216745709799482,2.750711230006282
urn:mavedb:00000672-d-4#404,c.780C>G,NA,p.=,1.096745051822744,1.0203568604501407,3.5,2,5,23,63,1.4016719858344393,0.9329650652934156,1.7261254518691505,1.2650418071414924
urn:mavedb:00000672-d-4#405,c.858C>T,NA,p.=,0.0989628078509351,0.9070678068175816,5.5,1,10,15,28,1.667375151567445,-0.1552964359513837,2.4285977582451594,0.9778310855276936
urn:mavedb:00000672-d-4#406,c.819C>T,NA,p.=,-0.1432642028683315,0.5389644367479193,13.5,15,12,36,36,-0.1652063121808652,-0.1053772721766304,0.6772849338991604,0.8899732218632006
urn:mavedb:00000672-d-4#407,c.516C>T,NA,p.=,0.2655148283371477,0.2503205989604307,70.5,79,62,257,412,0.1389531828934332,0.4700379230705968,0.3184894080910644,0.4048695502761207
urn:mavedb:00000672-d-4#408,c.111G>A,NA,p.=,-1.4060849933921835,0.438636676803263,25.5,50,1,32,37,-1.4869621521631844,1.7123785798785542,0.4442882753561895,2.7588128945515256
urn:mavedb:00000672-d-4#409,c.96C>T,NA,p.=,-0.0230260221069113,0.4369342360378405,21.5,18,25,41,109,-0.2174747407266219,0.16512555833244,0.6230670609914909,0.612895150499806
urn:mavedb:00000672-d-4#410,c.393C>A,NA,p.=,0.3462238933325549,1.3040158861047884,2.5,0,5,29,28,NA,0.3462238933325549,NA,1.3040158861047884
urn:mavedb:00000672-d-4#411,c.[363G>A;744T>C],NA,p.=,-1.0013916678895949,0.7794558187106758,11.5,0,23,1,20,NA,-1.0013916678895949,NA,0.7794558187106758
urn:mavedb:00000672-d-4#412,c.705G>A,NA,p.=,0.6559543930854078,0.5510402956192934,13.0,8,18,84,85,1.3107002076287126,0.2228695055475955,0.873328231801219,0.7102768318931629
urn:mavedb:00000672-d-4#413,c.[333C>T;702C>T],NA,p.=,-1.5696605985692809,0.5020789637574505,22.5,39,6,14,50,-2.065179366049153,0.6338291827377079,0.5556721557735862,1.17177465926322
urn:mavedb:00000672-d-4#414,c.930C>T,NA,p.=,-0.088104567247165,0.2287047689443474,102.5,78,127,234,317,0.0579372391333447,-0.2384347066144808,0.3211225000227378,0.3258030669764254
urn:mavedb:00000672-d-4#415,c.[168C>T;201G>A],NA,p.=,0.5687628628993352,2.4819624329358074,0.5,1,0,5,1,0.5687628628993352,NA,2.4819624329358074,NA
urn:mavedb:00000672-d-4#416,c.543C>A,NA,p.=,-0.8148240983390913,0.8014138053829223,6.5,10,3,8,25,-1.263818600848975,0.6338291827377079,0.9172387546679556,1.6475708953074248
urn:mavedb:00000672-d-4#417,c.[9G>T;558G>T;564G>T],NA,p.=,0.0661590012458843,0.3286063099211971,51.0,14,88,150,191,1.330902914946232,-0.3395698588449637,0.6667724527844349,0.3776541837647763
urn:mavedb:00000672-d-4#418,c.[306G>T;555G>T],NA,p.=,0.9777627505799884,0.7331710828417295,6.0,10,2,65,92,0.8311271273668263,1.8699104235809496,0.7911328769027771,1.9514079125052253
urn:mavedb:00000672-d-4#419,c.[243G>T;555G>T],NA,p.=,0.6820915482063384,1.1137537986061925,2.5,5,0,28,17,0.6820915482063384,NA,1.1137537986061925,NA
urn:mavedb:00000672-d-4#420,c.[81C>A;324C>A;507C>A],NA,p.=,0.5173618826099876,1.1465710410517886,2.5,4,1,15,34,0.2810807904475544,1.6511978519226729,1.2603892509547885,2.7609930981616944
urn:mavedb:00000672-d-4#421,c.723A>G,NA,p.=,-0.4429275292723922,0.2803628307060706,57.5,85,30,117,174,-0.7211523712273255,0.3716138981689582,0.3247337951162126,0.5556305605289181
urn:mavedb:00000672-d-4#422,c.[633C>A;639C>A],NA,p.=,-0.6574264916741205,1.2506632916624831,4.0,1,7,6,5,0.7510844196932899,-1.143719609646677,2.4687294114011014,1.4505825373531362
urn:mavedb:00000672-d-4#423,c.708G>A,NA,p.=,-0.0154952076152367,0.6107791327812855,14.0,5,23,76,27,1.6806203783174656,-0.784253723385903,1.0936707371720915,0.7362983705595663
urn:mavedb:00000672-d-4#424,c.681C>T,NA,p.=,0.3484391907049353,0.4204401546068628,25.5,11,40,111,125,1.2709598789791987,-0.0758408898497389,0.7490823143692865,0.5080047905570563
urn:mavedb:00000672-d-4#425,c.[558G>T;703C>T],NA,p.=,-0.5507227827986488,0.564511200286828,12.0,21,3,30,20,-0.6840001055960326,0.4723756985840469,0.6001548789277603,1.6628149898267763
urn:mavedb:00000672-d-4#426,c.549G>A,NA,p.=,0.5687628628993352,2.4819624329358074,0.5,1,0,5,29,0.5687628628993352,NA,2.4819624329358074,NA
urn:mavedb:00000672-d-4#427,c.81C>G,NA,p.=,-0.2421673533169934,0.8704987593246096,4.5,9,0,20,69,-0.2421673533169934,NA,0.8704987593246096,NA
urn:mavedb:00000672-d-4#428,c.840G>A,NA,p.=,-1.904321553014645,0.6213751144720953,19.0,27,11,5,17,-2.727074003104994,-0.5852977618755122,0.7917983455872164,1.002550625611097
urn:mavedb:00000672-d-4#429,c.633C>A,NA,p.=,-0.183994332989947,0.3908920728994126,25.5,40,11,72,126,-0.452888384632646,0.8640042527846467,0.4381791411006492,0.8650504781251874
urn:mavedb:00000672-d-4#430,c.517C>T,NA,p.=,-0.4523877290239697,0.2598388412463071,71.0,84,58,117,200,-0.7093179135803226,-0.0046154717615416,0.3259705519171572,0.430327791406795
urn:mavedb:00000672-d-4#431,c.[357G>T;393C>T],NA,p.=,-0.4861854927567617,0.3648721045058696,35.5,28,43,43,90,-0.6116794440164065,-0.3658539714668111,0.5215121120285785,0.5106727759498199
urn:mavedb:00000672-d-4#432,c.[495C>T;531C>T],NA,p.=,1.267266613848416,2.7797444162467912,0.5,0,1,11,20,NA,1.267266613848416,NA,2.7797444162467912
urn:mavedb:00000672-d-4#433,c.303A>G,NA,p.=,-1.4461401576429296,0.9935100559345136,4.5,9,0,6,9,-1.4461401576429296,NA,0.9935100559345136,NA
urn:mavedb:00000672-d-4#434,c.[456C>A;531C>A],NA,p.=,-0.4063053287503261,0.6775405741203608,9.0,9,9,16,20,-0.4653109046312033,-0.3225152166803222,0.8844972127746425,1.0540138743418377
urn:mavedb:00000672-d-4#435,c.261C>G,NA,p.=,-0.2216785028639236,0.2127731393201179,123.5,111,136,288,272,-0.0872447707111532,-0.398747858157061,0.2822125195511566,0.3238872493593738
urn:mavedb:00000672-d-4#436,c.531C>G,NA,p.=,0.2215666629151465,0.6642316229872028,7.5,15,0,53,75,0.2215666629151466,NA,0.6642316229872028,NA
urn:mavedb:00000672-d-4#437,c.[129C>A;633C>A],NA,p.=,-1.2386311282435918,0.5452618050280533,24.0,17,31,19,9,-0.9294494144245408,-1.795116521834761,0.6800700515546583,0.9123755423890496
urn:mavedb:00000672-d-4#438,c.423T>C,NA,p.=,-0.0015857934168531,0.2147666983802495,122.0,88,156,306,407,0.2055732379394091,-0.2064234553769321,0.304585272976423,0.302873914145959
urn:mavedb:00000672-d-4#439,c.[192C>A;291C>A],NA,p.=,0.7252277774060639,0.9937601006528416,3.5,4,3,28,18,0.905235099520548,0.3961430571073082,1.2360210048397742,1.671223849298477
urn:mavedb:00000672-d-4#440,c.447C>T,NA,p.=,-0.5113335085100775,0.3092695968090495,46.0,71,21,91,136,-0.7924954200592303,0.4514020302989655,0.3515410253096989,0.6505059500506818
urn:mavedb:00000672-d-4#441,c.[451C>T;480G>C],NA,p.=,1.2955099995363073,1.26242970554322,2.0,3,1,23,97,0.996206877726275,2.4097222744179843,1.4219145803947353,2.7434803472079534
urn:mavedb:00000672-d-4#442,c.[9G>T;270C>T],NA,p.=,-0.6352099414266006,1.0941193774662377,6.0,6,6,9,0,-0.6352099414266007,NA,1.0941193774662377,NA
urn:mavedb:00000672-d-4#443,c.[393C>A;415A>C;417A>G],NA,p.=,-0.5486171150397652,0.5102893971249375,17.0,15,19,18,48,-0.8583534927408105,-0.2297179603574056,0.7164556684424334,0.7269757087897679
urn:mavedb:00000672-d-4#444,c.309C>G,NA,p.=,-0.3687290571012769,0.2011987952715387,155.0,122,188,278,307,-0.2170749805773845,-0.5454395485139557,0.2742662401545396,0.2960577783528444
urn:mavedb:00000672-d-4#445,c.[195G>A;768C>T],NA,p.=,-0.2314453567850027,0.5293012388678613,15.0,13,17,31,39,-0.1716372025111555,-0.2994772363188786,0.7255713305710585,0.7738488631675763
urn:mavedb:00000672-d-4#446,c.105C>T,NA,p.=,-1.4449148000560923,0.452104536288437,35.5,19,52,8,35,-1.9056724870213693,-1.1867148842976087,0.7544187207908508,0.5647473610456949
urn:mavedb:00000672-d-4#447,c.420C>A,NA,p.=,-0.552375474657012,0.3788418158480958,28.5,52,5,78,28,-0.6352099414266007,0.3462238933325549,0.3959181105814277,1.3040158861047884
urn:mavedb:00000672-d-4#448,c.687G>A,NA,p.=,-3.5255816993227658,1.570116617429915,6.0,12,0,1,2,-3.5255816993227653,NA,1.570116617429915,NA
urn:mavedb:00000672-d-4#449,c.[456C>T;720C>T],NA,p.=,0.058446325960766,0.5035402469620869,14.0,25,3,65,70,-0.0851636045073287,1.378800934227324,0.5302176424092104,1.6077082157768878
urn:mavedb:00000672-d-4#450,c.[324C>A;405C>T],NA,p.=,-2.2446478538607013,0.6564775783117297,15.0,30,0,9,20,-2.2446478538607013,NA,0.6564775783117297,NA
urn:mavedb:00000672-d-4#451,c.138G>A,NA,p.=,-1.0750025560098335,0.942310108272283,5.0,8,2,5,14,-1.5106786787805009,0.5076773774862159,1.06413368983182,2.028200387707768
urn:mavedb:00000672-d-4#452,c.477C>T,NA,p.=,-1.401788516724938,0.9531065533814076,10.0,0,20,7,10,NA,-1.4017885167249382,NA,0.9531065533814076
urn:mavedb:00000672-d-4#453,c.[912G>A;942C>G],NA,p.=,-0.3838955131456946,0.7101230684254307,7.0,14,0,27,27,-0.3838955131456946,NA,0.7101230684254307,NA
urn:mavedb:00000672-d-4#454,c.[309C>A;429C>G],NA,p.=,-1.22299660632872,1.1712375976922529,3.0,6,0,5,18,-1.22299660632872,NA,1.1712375976922529,NA
urn:mavedb:00000672-d-4#455,c.[558G>T;705G>T],NA,p.=,-0.5661179444798128,0.1882157592429545,212.5,139,286,267,352,-0.3879003242652072,-0.7500326162427307,0.2641079184878737,0.2682960572645647
urn:mavedb:00000672-d-4#456,c.[45C>A;594C>T],NA,p.=,0.3246283797277124,0.4001904764042291,24.0,25,23,78,193,0.097157952286626,0.6388450842258347,0.5254439234076234,0.6175591158880405
urn:mavedb:00000672-d-4#457,c.[294G>A;310A>T;311G>C;312C>G],NA,p.=,-0.200462666409537,0.5913264442893701,13.5,6,21,25,37,0.3864413061053807,-0.4904579003130309,1.0282689208891114,0.7228007843877116
urn:mavedb:00000672-d-4#458,c.[415A>C;417A>T],NA,p.=,0.3649155525475953,0.6870842601880733,7.0,13,1,49,30,0.2861958911143248,1.560637199828847,0.7093406913011454,2.764574583446977
urn:mavedb:00000672-d-4#459,c.573G>A,NA,p.=,-0.8096340818896802,0.7346585531440608,10.0,7,13,12,9,-0.5016785488020782,-1.1663321028497473,1.0028427865169012,1.0792925992020734
urn:mavedb:00000672-d-4#460,c.42C>T,NA,p.=,-0.5298494257687744,1.5262586648072671,1.5,3,0,5,34,-0.5298494257687744,NA,1.5262586648072671,NA
urn:mavedb:00000672-d-4#461,c.87A>T,NA,p.=,-0.4216358411285416,0.7120916068697798,7.0,14,0,26,47,-0.4216358411285416,NA,0.7120916068697798,NA
urn:mavedb:00000672-d-4#462,c.636G>A,NA,p.=,-1.1540268543441647,0.3619316214867166,42.0,42,42,28,51,-1.4461401576429296,-0.7597883715724203,0.4775517107599257,0.554784405127021
urn:mavedb:00000672-d-4#463,c.393C>G,NA,p.=,2.021709610044547,1.455993384383634,1.5,2,1,52,28,2.217421488486717,1.5107180360540933,1.7122656278725168,2.766746794762536
urn:mavedb:00000672-d-4#464,c.147C>T,NA,p.=,0.8927954431260068,0.8917214255663651,4.0,7,1,42,63,0.7510844196932899,2.0974592080149543,0.9427124947220368,2.7485925796543444
urn:mavedb:00000672-d-4#465,c.[45C>A;348C>A],NA,p.=,0.1902465416507579,0.9020359713150592,4.5,5,4,19,14,0.2943260171975749,0.0061570482022773,1.1285815902415317,1.5009454734348178
urn:mavedb:00000672-d-4#466,c.174G>T,NA,p.=,-0.7098745469657264,0.6241670051440955,16.5,1,32,15,33,1.667375151567445,-0.8780036340820776,2.4285977582451594,0.645861826975903
urn:mavedb:00000672-d-4#467,c.[309C>A;867C>T],NA,p.=,0.3456193115851255,2.501680722271797,0.5,1,0,4,1,0.3456193115851255,NA,2.501680722271797,NA
urn:mavedb:00000672-d-4#468,c.936C>T,NA,p.=,0.1243897490470816,0.4948278532309684,15.0,20,10,52,83,-0.0851636045073287,0.6309292153607263,0.5883451163518223,0.9147269811855164
urn:mavedb:00000672-d-4#469,c.[306G>T;435C>A],NA,p.=,-0.3004448671681539,0.8202937142623694,7.0,5,9,18,9,0.2402587959272991,-0.9002681874409997,1.1311247173341974,1.191358616072612
urn:mavedb:00000672-d-4#470,c.[105C>A;541T>A;542C>G;543C>T],NA,p.=,1.667375151567445,2.4285977582451594,0.5,1,0,15,0,1.667375151567445,NA,2.4285977582451594,NA
urn:mavedb:00000672-d-4#471,c.177G>A,NA,p.=,0.955577558496486,2.804076174374284,0.5,0,1,0,13,NA,0.9555775584964862,NA,2.804076174374284
urn:mavedb:00000672-d-4#472,c.357G>C,NA,p.=,-0.6802054309132348,0.2880310484548554,57.5,74,41,82,117,-0.9380208954746816,-0.1415618564866626,0.3502436629880034,0.5062517598504885
urn:mavedb:00000672-d-4#473,c.[570C>T;736T>A;737C>G],NA,p.=,-0.398747858157061,1.588451852968369,2.0,0,4,4,8,NA,-0.398747858157061,NA,1.588451852968369
urn:mavedb:00000672-d-4#474,c.192C>A,NA,p.=,-0.5590396284308625,0.6428829498192147,12.0,9,15,21,13,-0.1933771891475614,-1.0038074994894215,0.8678067859351684,0.9570829278207243
urn:mavedb:00000672-d-4#475,c.[718A>T;719G>C;720C>A],NA,p.=,-2.8324345187628204,1.7158380439759546,3.0,6,0,1,11,-2.83243451876282,NA,1.7158380439759546,NA
urn:mavedb:00000672-d-4#476,c.[126G>T;867C>T],NA,p.=,0.6546921035845241,0.629048315409834,8.5,13,4,58,101,0.4548186035501175,1.435919569262905,0.7049399177943252,1.3936805735127402
urn:mavedb:00000672-d-4#477,c.531C>T,NA,p.=,-3.237899626870985,1.6201473778450266,4.5,9,0,1,17,-3.2378996268709845,NA,1.6201473778450266,NA
urn:mavedb:00000672-d-4#478,c.678C>T,NA,p.=,-0.1053772721766304,1.155515888622232,3.5,0,7,20,21,NA,-0.1053772721766304,NA,1.155515888622232
urn:mavedb:00000672-d-4#479,c.[339C>T;663G>A],NA,p.=,-0.8865243697075067,1.1222700992873953,3.0,6,0,7,0,-0.8865243697075067,NA,1.1222700992873953,NA
