accession,hgvs_nt,hgvs_splice,hgvs_pro,score,Sigma
urn:mavedb:00001214-n-1#1,NA,NA,p.Thr1Lys,0.8531506761288019,0.098280843307738
urn:mavedb:00001214-n-1#2,NA,NA,p.Thr1Asn,0.1523243469126176,0.1405573354139979
urn:mavedb:00001214-n-1#3,NA,NA,p.Arg2Lys,1.0715165036373453,0.1258161916052435
urn:mavedb:00001214-n-1#4,NA,NA,p.Arg2Asn,0.6716071660055978,0.125328898101965
urn:mavedb:00001214-n-1#5,NA,NA,p.Arg2Thr,1.0035468501351146,0.0879190078760703
urn:mavedb:00001214-n-1#6,NA,NA,p.Arg2Ser,1.0688386337494309,0.0617791757563351
urn:mavedb:00001214-n-1#7,NA,NA,p.Val3Lys,-0.0904934240944167,0.091592996052805
urn:mavedb:00001214-n-1#8,NA,NA,p.Val3Asn,-0.2184529241171834,0.0912663300487406
urn:mavedb:00001214-n-1#9,NA,NA,p.Val3Thr,0.0454227675347721,0.0708161853613576
urn:mavedb:00001214-n-1#10,NA,NA,p.Val3Arg,0.0055663981838067,0.0512831744962216
urn:mavedb:00001214-n-1#11,NA,NA,p.Val3Ser,-0.0355799245644757,0.0684560777498121
urn:mavedb:00001214-n-1#12,NA,NA,p.Val3Ile,1.019224078623747,0.064024133473669
urn:mavedb:00001214-n-1#13,NA,NA,p.Val3Met,-0.1277273815470595,0.2187951870573175
urn:mavedb:00001214-n-1#14,NA,NA,p.Val3Gln,0.0506769992100072,0.1012613128247804
urn:mavedb:00001214-n-1#15,NA,NA,p.Val3His,-0.1669893695678632,0.1251303170088987
urn:mavedb:00001214-n-1#16,NA,NA,p.Val3Pro,-0.0389525679027563,0.0670424637880218
urn:mavedb:00001214-n-1#17,NA,NA,p.Val3Leu,0.7759720718661764,0.0450052243529509
urn:mavedb:00001214-n-1#18,NA,NA,p.Val3Glu,-0.044866788913506,0.0886886189502278
urn:mavedb:00001214-n-1#19,NA,NA,p.Val3Asp,-0.0702573794369942,0.0843205459710068
urn:mavedb:00001214-n-1#20,NA,NA,p.Val3Ala,0.1133012506440925,0.0544628377000748
urn:mavedb:00001214-n-1#21,NA,NA,p.Val3Gly,-0.038599492099637,0.0495308256920444
urn:mavedb:00001214-n-1#22,NA,NA,p.Glu4Lys,0.7414619691653593,0.132466661278521
urn:mavedb:00001214-n-1#23,NA,NA,p.Glu4Asn,0.7433101504428448,0.1682369471433829
urn:mavedb:00001214-n-1#24,NA,NA,p.Glu4Thr,0.9059168153674982,0.0847132846125319
urn:mavedb:00001214-n-1#25,NA,NA,p.Glu4Arg,0.5579823588244565,0.070067400732759
urn:mavedb:00001214-n-1#26,NA,NA,p.Glu4Ser,0.5739829079292125,0.0788053135941254
urn:mavedb:00001214-n-1#27,NA,NA,p.Glu4Ile,0.6553361059049868,0.1219953025121035
urn:mavedb:00001214-n-1#28,NA,NA,p.Glu4Met,1.0480474267752822,0.22807849244247
urn:mavedb:00001214-n-1#29,NA,NA,p.Glu4Gln,1.077133194683773,0.1155365236163452
urn:mavedb:00001214-n-1#30,NA,NA,p.Glu4His,0.7186357820790183,0.1137294271873559
urn:mavedb:00001214-n-1#31,NA,NA,p.Glu4Pro,0.3338790721992362,0.1800394882151071
urn:mavedb:00001214-n-1#32,NA,NA,p.Glu4Leu,0.7646004675858555,0.0800874823497033
urn:mavedb:00001214-n-1#33,NA,NA,p.Glu4Asp,0.5428515464865408,0.1262151719787698
urn:mavedb:00001214-n-1#34,NA,NA,p.Thr5Lys,0.0976422113400244,0.1627339128972682
urn:mavedb:00001214-n-1#35,NA,NA,p.Thr5Asn,-0.0665746939507875,0.1389890964977792
urn:mavedb:00001214-n-1#36,NA,NA,p.Ala6Asn,0.9130972715733804,0.1633139345325636
urn:mavedb:00001214-n-1#37,NA,NA,p.Ala6Thr,1.1763495200131575,0.1394431624485612
urn:mavedb:00001214-n-1#38,NA,NA,p.Ala6Arg,0.7537830723165844,0.0682884280646022
urn:mavedb:00001214-n-1#39,NA,NA,p.Ala6Ser,1.1208954978414112,0.0756455697180972
urn:mavedb:00001214-n-1#40,NA,NA,p.Ala6Ile,0.296707196019832,0.1927742115331343
urn:mavedb:00001214-n-1#41,NA,NA,p.Ala6Met,0.9110411013209998,0.1771930247136615
urn:mavedb:00001214-n-1#42,NA,NA,p.Ala6Gln,0.8130162174005972,0.1119447281506056
urn:mavedb:00001214-n-1#43,NA,NA,p.Ala6His,0.3935828838085488,0.1705004541911479
urn:mavedb:00001214-n-1#44,NA,NA,p.Ala6Leu,0.5560282485577557,0.0836863451075017
urn:mavedb:00001214-n-1#45,NA,NA,p.Ala6Glu,0.4429848186303016,0.1497793373756572
urn:mavedb:00001214-n-1#46,NA,NA,p.Ala6Asp,0.6984796089638392,0.1613253670369088
urn:mavedb:00001214-n-1#47,NA,NA,p.Thr7Lys,0.8230522504593837,0.0976045549946253
urn:mavedb:00001214-n-1#48,NA,NA,p.Thr7Asn,0.7018903358614612,0.1444170678183913
urn:mavedb:00001214-n-1#49,NA,NA,p.Glu8Lys,0.0380212576316424,0.2638466376498573
urn:mavedb:00001214-n-1#50,NA,NA,p.Glu8Asn,0.9689664813661996,0.1074340496984183
urn:mavedb:00001214-n-1#51,NA,NA,p.Glu8Thr,1.0592833895421931,0.1086242493169619
urn:mavedb:00001214-n-1#52,NA,NA,p.Glu8Arg,-0.0227863210608207,0.1749782773509716
urn:mavedb:00001214-n-1#53,NA,NA,p.Glu8Ser,0.9476150968065474,0.0890098963437042
urn:mavedb:00001214-n-1#54,NA,NA,p.Glu8Ile,0.1195221671801143,0.1666252212185235
urn:mavedb:00001214-n-1#55,NA,NA,p.Glu8Met,0.6454463889131619,0.1609625633052313
urn:mavedb:00001214-n-1#56,NA,NA,p.Glu8Gln,0.7631542292002345,0.1430035024743682
urn:mavedb:00001214-n-1#57,NA,NA,p.Glu8His,0.8139001128995136,0.1349199542945973
urn:mavedb:00001214-n-1#58,NA,NA,p.Glu8Pro,0.7825297546603907,0.180539820076814
urn:mavedb:00001214-n-1#59,NA,NA,p.Glu8Leu,0.2583159464410467,0.1049177390553777
urn:mavedb:00001214-n-1#60,NA,NA,p.Glu8Asp,1.1662722541366088,0.0910673298714226
urn:mavedb:00001214-n-1#61,NA,NA,p.Thr9Lys,0.8855203895296185,0.1056877111093253
urn:mavedb:00001214-n-1#62,NA,NA,p.Thr9Asn,0.8162910177300945,0.0908722928156094
urn:mavedb:00001214-n-1#63,NA,NA,p.Ala10Lys,1.0843127456088335,0.0970339687915119
urn:mavedb:00001214-n-1#64,NA,NA,p.Ala10Asn,0.7560697591481828,0.1051650653736268
urn:mavedb:00001214-n-1#65,NA,NA,p.Ala10Thr,0.9802431361844804,0.0991935369975741
urn:mavedb:00001214-n-1#66,NA,NA,p.Ala10Arg,0.9847583723178628,0.0779502179115444
urn:mavedb:00001214-n-1#67,NA,NA,p.Ala10Ser,0.8667765296758345,0.0699020942045702
urn:mavedb:00001214-n-1#68,NA,NA,p.Ala10Ile,1.0093048647570628,0.0767061520725129
urn:mavedb:00001214-n-1#69,NA,NA,p.Ala10Met,0.9422137347618672,0.1643682409029891
urn:mavedb:00001214-n-1#70,NA,NA,p.Ala10Gln,0.6267688186683791,0.1830475913204927
urn:mavedb:00001214-n-1#71,NA,NA,p.Ala10His,0.9216631182984352,0.1715295085204592
urn:mavedb:00001214-n-1#72,NA,NA,p.Ala10Pro,0.7807761814103572,0.1071801449508935
urn:mavedb:00001214-n-1#73,NA,NA,p.Ala10Leu,0.9386461758088128,0.0725934122910556
urn:mavedb:00001214-n-1#74,NA,NA,p.Ala10Glu,1.138298526706359,0.091591072182159
urn:mavedb:00001214-n-1#75,NA,NA,p.Ala10Asp,0.7739037425024724,0.1302018350291627
urn:mavedb:00001214-n-1#76,NA,NA,p.Trp11Lys,0.7377065612356892,0.1115852158296606
urn:mavedb:00001214-n-1#77,NA,NA,p.Trp11Asn,0.5736167246294391,0.1386544190902259
urn:mavedb:00001214-n-1#78,NA,NA,p.Trp11Thr,0.503547370193845,0.1152195672078501
urn:mavedb:00001214-n-1#79,NA,NA,p.Trp11Arg,0.5645371825388035,0.0859422268151048
urn:mavedb:00001214-n-1#80,NA,NA,p.Trp11Ser,0.5420106456738149,0.0817134183970202
urn:mavedb:00001214-n-1#81,NA,NA,p.Trp11Ile,0.8447837458973512,0.0755544088687715
urn:mavedb:00001214-n-1#82,NA,NA,p.Trp11Met,0.8636499316426804,0.132702406874123
urn:mavedb:00001214-n-1#83,NA,NA,p.Trp11Gln,0.3680286643691767,0.1466873735153308
urn:mavedb:00001214-n-1#84,NA,NA,p.Trp11His,0.8973605225837633,0.1261028965853572
urn:mavedb:00001214-n-1#85,NA,NA,p.Trp11Pro,0.4197156764176757,0.1192789310533275
urn:mavedb:00001214-n-1#86,NA,NA,p.Trp11Leu,0.8793022976478414,0.0557977260847702
urn:mavedb:00001214-n-1#87,NA,NA,p.Trp11Glu,0.339182446797577,0.101979444673457
urn:mavedb:00001214-n-1#88,NA,NA,p.Trp11Asp,0.6231533407856349,0.1526711405304803
urn:mavedb:00001214-n-1#89,NA,NA,p.Trp11Ala,0.1462663195368702,0.1483166828816237
urn:mavedb:00001214-n-1#90,NA,NA,p.Trp11Gly,0.5834356930377939,0.0803892638350388
urn:mavedb:00001214-n-1#91,NA,NA,p.Trp11Val,0.8884448490081521,0.0625427125509313
urn:mavedb:00001214-n-1#92,NA,NA,p.Trp11Ter,-0.0715607360480092,0.100697295079382
urn:mavedb:00001214-n-1#93,NA,NA,p.Trp11Tyr,0.8828394350103511,0.0914037393493211
urn:mavedb:00001214-n-1#94,NA,NA,p.Trp11Cys,0.4552037609083134,0.1411099582724968
urn:mavedb:00001214-n-1#95,NA,NA,p.Ile12Lys,0.971995717764895,0.085940089891043
urn:mavedb:00001214-n-1#96,NA,NA,p.Ile12Asn,0.5276450992388614,0.1390479897614762
urn:mavedb:00001214-n-1#97,NA,NA,p.Ile12Thr,0.9754956381510206,0.1033316917530556
urn:mavedb:00001214-n-1#98,NA,NA,p.Ile12Arg,0.6626371701661737,0.0757534282058906
urn:mavedb:00001214-n-1#99,NA,NA,p.Ile12Ser,0.7740836667242385,0.0647822120309334
urn:mavedb:00001214-n-1#100,NA,NA,p.Ser13Lys,0.9481122306453637,0.0944477281461248
urn:mavedb:00001214-n-1#101,NA,NA,p.Ser13Asn,0.7686761902505793,0.1269903318291304
urn:mavedb:00001214-n-1#102,NA,NA,p.Ser13Thr,1.0793585218563824,0.0785287033688081
urn:mavedb:00001214-n-1#103,NA,NA,p.Ser13Arg,0.8564401371872169,0.0706491974890845
urn:mavedb:00001214-n-1#104,NA,NA,p.Ser13Ile,1.0080583330010358,0.0742679313954884
urn:mavedb:00001214-n-1#105,NA,NA,p.Ser13Met,1.0780045360389232,0.1155749260328462
urn:mavedb:00001214-n-1#106,NA,NA,p.Ser13Gln,1.2232831210886543,0.1220881049496428
urn:mavedb:00001214-n-1#107,NA,NA,p.Ser13His,0.8879441828436996,0.126595345165275
urn:mavedb:00001214-n-1#108,NA,NA,p.Ser13Pro,0.6079929889741361,0.1294918711391057
urn:mavedb:00001214-n-1#109,NA,NA,p.Ser13Leu,1.2082717549632644,0.0512065675562324
urn:mavedb:00001214-n-1#110,NA,NA,p.Ser13Glu,0.6187856897407672,0.1244489948211391
urn:mavedb:00001214-n-1#111,NA,NA,p.Ser13Asp,0.904654222696686,0.1682980622146092
urn:mavedb:00001214-n-1#112,NA,NA,p.Ser13Ala,1.2828870178508245,0.0767206928078375
urn:mavedb:00001214-n-1#113,NA,NA,p.Ser13Gly,1.0102791689345152,0.0780366048882289
urn:mavedb:00001214-n-1#114,NA,NA,p.Ser13Val,1.2003273913981347,0.0651827933190756
urn:mavedb:00001214-n-1#115,NA,NA,p.Ser13Ter,0.1924262356918376,0.1125883510308099
urn:mavedb:00001214-n-1#116,NA,NA,p.Ser13Tyr,1.239474562194317,0.0997928329961212
urn:mavedb:00001214-n-1#117,NA,NA,p.Leu14Lys,0.5287936213562715,0.0978027882778767
urn:mavedb:00001214-n-1#118,NA,NA,p.Leu14Asn,0.6242521482462858,0.0968190069759211
urn:mavedb:00001214-n-1#119,NA,NA,p.Leu14Thr,0.9337850287267664,0.1019524997218533
urn:mavedb:00001214-n-1#120,NA,NA,p.Leu14Arg,0.5399088484102695,0.0744799581907829
urn:mavedb:00001214-n-1#121,NA,NA,p.Leu14Ser,0.5800035030937137,0.0632942805658259
urn:mavedb:00001214-n-1#122,NA,NA,p.Leu14Ile,1.0255646870602442,0.0776565909120897
urn:mavedb:00001214-n-1#123,NA,NA,p.Leu14Met,1.0003981794518195,0.1752816773764287
urn:mavedb:00001214-n-1#124,NA,NA,p.Leu14Gln,0.4208400797294007,0.1047968758945907
urn:mavedb:00001214-n-1#125,NA,NA,p.Leu14His,0.2564532230953493,0.1284410683770979
urn:mavedb:00001214-n-1#126,NA,NA,p.Leu14Pro,0.4769669082579296,0.127587140416211
urn:mavedb:00001214-n-1#127,NA,NA,p.Leu14Glu,0.2841138654746075,0.1134558742183949
urn:mavedb:00001214-n-1#128,NA,NA,p.Leu14Asp,0.2886519099493161,0.2268210337463388
urn:mavedb:00001214-n-1#129,NA,NA,p.Leu14Ala,0.8377703891641938,0.0848441549722833
urn:mavedb:00001214-n-1#130,NA,NA,p.Leu14Gly,0.6204077847689937,0.0668337697461208
urn:mavedb:00001214-n-1#131,NA,NA,p.Leu14Val,0.8619098953605276,0.0770084526786972
urn:mavedb:00001214-n-1#132,NA,NA,p.Leu14Ter,0.2659709576391092,0.1444451139001195
urn:mavedb:00001214-n-1#133,NA,NA,p.Leu14Tyr,0.8710098779426307,0.092715585427527
urn:mavedb:00001214-n-1#134,NA,NA,p.Leu14Cys,1.039223361939951,0.1209138811898146
urn:mavedb:00001214-n-1#135,NA,NA,p.Leu14Trp,0.7352568995252322,0.134688584250821
urn:mavedb:00001214-n-1#136,NA,NA,p.Leu14Phe,0.9157677149160756,0.0863060573984564
urn:mavedb:00001214-n-1#137,NA,NA,p.Val15Lys,0.6735050016389004,0.1610059965327869
urn:mavedb:00001214-n-1#138,NA,NA,p.Val15Asn,0.562416963664864,0.14013093133311
urn:mavedb:00001214-n-1#139,NA,NA,p.Val15Thr,0.6513433355546732,0.109798655230836
urn:mavedb:00001214-n-1#140,NA,NA,p.Val15Arg,0.3871891356463242,0.095717651407426
urn:mavedb:00001214-n-1#141,NA,NA,p.Val15Ser,0.6332091861648246,0.0725254382454712
urn:mavedb:00001214-n-1#142,NA,NA,p.Val15Ile,0.9791459981040012,0.0929311171041078
urn:mavedb:00001214-n-1#143,NA,NA,p.Val15Met,1.273523272903979,0.1568021129854345
urn:mavedb:00001214-n-1#144,NA,NA,p.Val15Gln,0.7474345052885316,0.1824635486400088
urn:mavedb:00001214-n-1#145,NA,NA,p.Val15His,0.0754723335711445,0.224736815571325
urn:mavedb:00001214-n-1#146,NA,NA,p.Val15Pro,-0.0574755788078673,0.1649506400689216
urn:mavedb:00001214-n-1#147,NA,NA,p.Val15Leu,0.912703805394212,0.0633602405614746
urn:mavedb:00001214-n-1#148,NA,NA,p.Val15Glu,0.2302437391520295,0.1767003693137588
urn:mavedb:00001214-n-1#149,NA,NA,p.Val15Asp,0.3710006249819863,0.2046598934174988
urn:mavedb:00001214-n-1#150,NA,NA,p.Val15Ala,0.5447776597577513,0.1045003331470269
urn:mavedb:00001214-n-1#151,NA,NA,p.Val15Gly,0.6416076190872754,0.0816503147427613
urn:mavedb:00001214-n-1#152,NA,NA,p.Thr16Lys,0.5435996120696108,0.1457869697500718
urn:mavedb:00001214-n-1#153,NA,NA,p.Thr16Asn,0.4149221756320713,0.1600883567863912
urn:mavedb:00001214-n-1#154,NA,NA,p.Ala17Lys,-0.0998238968027878,0.167757438311841
urn:mavedb:00001214-n-1#155,NA,NA,p.Ala17Asn,0.0535869069549205,0.145407370625326
urn:mavedb:00001214-n-1#156,NA,NA,p.Ala17Thr,0.7659817604195446,0.1379339202804596
urn:mavedb:00001214-n-1#157,NA,NA,p.Ala17Arg,0.2236147678463958,0.1129194801072457
urn:mavedb:00001214-n-1#158,NA,NA,p.Ala17Ser,0.569899195687951,0.1078966309133424
urn:mavedb:00001214-n-1#159,NA,NA,p.Ala17Ile,0.8294898206061744,0.1130866172891905
urn:mavedb:00001214-n-1#160,NA,NA,p.Ala17Met,0.6932781586248238,0.1530614704983142
urn:mavedb:00001214-n-1#161,NA,NA,p.Ala17His,0.1254551274174813,0.1573818058632676
urn:mavedb:00001214-n-1#162,NA,NA,p.Ala17Leu,0.8652715957430431,0.0633375376969113
urn:mavedb:00001214-n-1#163,NA,NA,p.Ala17Glu,0.1647593278909244,0.1134967826539597
urn:mavedb:00001214-n-1#164,NA,NA,p.Ala17Asp,0.3209999119221274,0.1515584309275834
urn:mavedb:00001214-n-1#165,NA,NA,p.Leu18Lys,0.386253803363836,0.1431515752020883
urn:mavedb:00001214-n-1#166,NA,NA,p.Leu18Asn,0.1947735599242533,0.1363221269339219
urn:mavedb:00001214-n-1#167,NA,NA,p.Leu18Thr,0.5756063013149103,0.1031156326423677
urn:mavedb:00001214-n-1#168,NA,NA,p.Leu18Arg,-0.0654484360251112,0.1128166641245619
urn:mavedb:00001214-n-1#169,NA,NA,p.Leu18Ser,0.242086853340294,0.0864979437152639
urn:mavedb:00001214-n-1#170,NA,NA,p.Leu18Ile,0.9582992915159924,0.0825005880849093
urn:mavedb:00001214-n-1#171,NA,NA,p.Leu18Met,0.7977179580569548,0.130933307913719
urn:mavedb:00001214-n-1#172,NA,NA,p.Leu18Gln,0.2695795506160579,0.1827755704904323
urn:mavedb:00001214-n-1#173,NA,NA,p.Leu18His,0.2294116666600603,0.1786075373815215
urn:mavedb:00001214-n-1#174,NA,NA,p.Leu18Pro,0.35301339003362,0.2176462942994769
urn:mavedb:00001214-n-1#175,NA,NA,p.His19Lys,0.3743155724250745,0.1586751157549518
urn:mavedb:00001214-n-1#176,NA,NA,p.His19Asn,1.116958685367292,0.1271899663754898
urn:mavedb:00001214-n-1#177,NA,NA,p.His19Thr,1.5342212951496108,0.0935876192819295
urn:mavedb:00001214-n-1#178,NA,NA,p.His19Arg,0.0156607445403034,0.1057985463327146
urn:mavedb:00001214-n-1#179,NA,NA,p.His19Ser,1.54579944631671,0.0646815593929089
urn:mavedb:00001214-n-1#180,NA,NA,p.His19Ile,1.458255691574629,0.0891652082808192
urn:mavedb:00001214-n-1#181,NA,NA,p.His19Met,1.619226023265029,0.1940191396441856
urn:mavedb:00001214-n-1#182,NA,NA,p.His19Gln,0.7027442247542619,0.132486345029194
urn:mavedb:00001214-n-1#183,NA,NA,p.Leu20Lys,0.0848406907904665,0.1558726453704766
urn:mavedb:00001214-n-1#184,NA,NA,p.Leu20Asn,0.1953811038726997,0.1325310925129573
urn:mavedb:00001214-n-1#185,NA,NA,p.Leu20Thr,0.8218332438033861,0.0838908685367718
urn:mavedb:00001214-n-1#186,NA,NA,p.Leu20Arg,0.1519447954187888,0.0910830840325795
urn:mavedb:00001214-n-1#187,NA,NA,p.Leu20Ser,0.6365046189376841,0.0758583407538783
urn:mavedb:00001214-n-1#188,NA,NA,p.Leu20Ile,1.041241845640872,0.086444423132355
urn:mavedb:00001214-n-1#189,NA,NA,p.Leu20Met,0.785854237450986,0.1300518969513355
urn:mavedb:00001214-n-1#190,NA,NA,p.Leu20Gln,0.3622633886974218,0.1477028620661219
urn:mavedb:00001214-n-1#191,NA,NA,p.Leu20Pro,0.3133614604760953,0.1390771802752988
urn:mavedb:00001214-n-1#192,NA,NA,p.Val21Lys,0.00019431472566588216,0.1459062242076761
urn:mavedb:00001214-n-1#193,NA,NA,p.Val21Asn,-0.2242170797433457,0.2042214029371974
urn:mavedb:00001214-n-1#194,NA,NA,p.Val21Thr,0.9313423091606396,0.1271771355056267
urn:mavedb:00001214-n-1#195,NA,NA,p.Val21Arg,0.1842950582743082,0.0785820647156733
urn:mavedb:00001214-n-1#196,NA,NA,p.Val21Ser,1.3616079690153762,0.0491999883776263
urn:mavedb:00001214-n-1#197,NA,NA,p.Val21Ile,1.1022158096719163,0.0956521001358264
urn:mavedb:00001214-n-1#198,NA,NA,p.Val21Met,0.999649867866813,0.1935878930450523
urn:mavedb:00001214-n-1#199,NA,NA,p.Val21Gln,-0.1984977334960407,0.1953927946125846
urn:mavedb:00001214-n-1#200,NA,NA,p.Val21His,0.0063315836861407,0.1610278741952928
urn:mavedb:00001214-n-1#201,NA,NA,p.Val21Pro,-0.1552707759536314,0.1743604637700253
urn:mavedb:00001214-n-1#202,NA,NA,p.Val21Leu,1.0359365238808098,0.0678928734940814
urn:mavedb:00001214-n-1#203,NA,NA,p.Val21Glu,0.1299898064519551,0.261632979789739
urn:mavedb:00001214-n-1#204,NA,NA,p.Val21Asp,0.4671395656410121,0.1864699004854875
urn:mavedb:00001214-n-1#205,NA,NA,p.Val21Ala,1.025814980212652,0.0845388258953631
urn:mavedb:00001214-n-1#206,NA,NA,p.Val21Gly,0.8612239194920622,0.0688492190130657
urn:mavedb:00001214-n-1#207,NA,NA,p.Leu22Lys,0.1265199395448325,0.2390846449549892
urn:mavedb:00001214-n-1#208,NA,NA,p.Leu22Asn,-0.3489199136236525,0.2703757212847648
urn:mavedb:00001214-n-1#209,NA,NA,p.Leu22Thr,1.0951587487221195,0.0645629839602634
urn:mavedb:00001214-n-1#210,NA,NA,p.Leu22Arg,-0.1351251939716961,0.0924093229366619
urn:mavedb:00001214-n-1#211,NA,NA,p.Leu22Ser,1.0562634583194552,0.0554126961072532
urn:mavedb:00001214-n-1#212,NA,NA,p.Leu22Ile,0.8806702189990028,0.0858345984749067
urn:mavedb:00001214-n-1#213,NA,NA,p.Leu22Met,0.7422829864536137,0.13632528754831
urn:mavedb:00001214-n-1#214,NA,NA,p.Leu22Gln,0.2234134462402495,0.1759401055458051
urn:mavedb:00001214-n-1#215,NA,NA,p.Leu22His,-0.327123686478927,0.2500433248725331
urn:mavedb:00001214-n-1#216,NA,NA,p.Leu22Pro,0.2546871362662946,0.1305520315788291
urn:mavedb:00001214-n-1#217,NA,NA,p.Gly23Lys,0.0543393439962231,0.1985868903649413
urn:mavedb:00001214-n-1#218,NA,NA,p.Gly23Asn,0.5995749633529847,0.2738273158305414
urn:mavedb:00001214-n-1#219,NA,NA,p.Gly23Thr,0.8956132767797597,0.117421734049927
urn:mavedb:00001214-n-1#220,NA,NA,p.Gly23Arg,0.080867488203121,0.089769951749272
urn:mavedb:00001214-n-1#221,NA,NA,p.Gly23Ser,0.714537787641292,0.0864551853731635
urn:mavedb:00001214-n-1#222,NA,NA,p.Gly23Ile,1.3233826410426968,0.0822910053193996
urn:mavedb:00001214-n-1#223,NA,NA,p.Gly23Met,0.883856067007408,0.1841695577496747
urn:mavedb:00001214-n-1#224,NA,NA,p.Gly23Pro,0.8097907420597147,0.2183881097528077
urn:mavedb:00001214-n-1#225,NA,NA,p.Gly23Leu,1.2664417061871376,0.0685056184738972
urn:mavedb:00001214-n-1#226,NA,NA,p.Gly23Glu,0.2376008733877997,0.2248020965455109
urn:mavedb:00001214-n-1#227,NA,NA,p.Gly23Asp,0.3297949650205012,0.212759607492221
urn:mavedb:00001214-n-1#228,NA,NA,p.Gly23Ala,1.1122917924549458,0.0826146648298139
urn:mavedb:00001214-n-1#229,NA,NA,p.Leu24Lys,0.0321770158522186,0.2112149437972011
urn:mavedb:00001214-n-1#230,NA,NA,p.Leu24Asn,-0.4613368743067054,0.2633942139250238
urn:mavedb:00001214-n-1#231,NA,NA,p.Leu24Thr,0.1190120367346254,0.1489946327454728
urn:mavedb:00001214-n-1#232,NA,NA,p.Leu24Arg,0.4516142063619106,0.1558150223561179
urn:mavedb:00001214-n-1#233,NA,NA,p.Leu24Ser,0.6351351418839204,0.0830965699139636
urn:mavedb:00001214-n-1#234,NA,NA,p.Leu24Ile,1.043270357089262,0.1003330400686708
urn:mavedb:00001214-n-1#235,NA,NA,p.Leu24Met,1.0300569249107807,0.1815323767695759
urn:mavedb:00001214-n-1#236,NA,NA,p.Leu24Pro,0.4730360429427962,0.2443124807109869
urn:mavedb:00001214-n-1#237,NA,NA,p.Ser25Lys,0.0720572314663702,0.1758932784467593
urn:mavedb:00001214-n-1#238,NA,NA,p.Ser25Asn,1.2722422408175338,0.0950396614096587
urn:mavedb:00001214-n-1#239,NA,NA,p.Ser25Thr,0.8562717886874188,0.1141203367008603
urn:mavedb:00001214-n-1#240,NA,NA,p.Ser25Arg,0.2621403694918239,0.176951031253257
urn:mavedb:00001214-n-1#241,NA,NA,p.Ala26Lys,0.7654665155742837,0.1580603449557533
urn:mavedb:00001214-n-1#242,NA,NA,p.Ala26Asn,-0.2505499083023005,0.2742055612337007
urn:mavedb:00001214-n-1#243,NA,NA,p.Ala26Thr,0.8158977031565596,0.083805969041735
urn:mavedb:00001214-n-1#244,NA,NA,p.Ala26Arg,-0.0751934853415891,0.2217901405234248
urn:mavedb:00001214-n-1#245,NA,NA,p.Ala26Ser,1.019090665521116,0.0979175089901654
urn:mavedb:00001214-n-1#246,NA,NA,p.Ala26Ile,0.9510092736181008,0.1253188229235573
urn:mavedb:00001214-n-1#247,NA,NA,p.Ala26Met,0.807481441002083,0.2087020585156387
urn:mavedb:00001214-n-1#248,NA,NA,p.Ala26His,-0.2448900921598024,0.2770216235110425
urn:mavedb:00001214-n-1#249,NA,NA,p.Ala26Pro,0.2470217235736508,0.1749195210347564
urn:mavedb:00001214-n-1#250,NA,NA,p.Ala26Leu,1.0872142345360272,0.071145374256585
urn:mavedb:00001214-n-1#251,NA,NA,p.Val27Lys,0.1946227292161817,0.1211569345792938
urn:mavedb:00001214-n-1#252,NA,NA,p.Val27Asn,0.1424374497704146,0.110745535104204
urn:mavedb:00001214-n-1#253,NA,NA,p.Val27Thr,0.8041062946605865,0.0733633236132524
urn:mavedb:00001214-n-1#254,NA,NA,p.Val27Arg,0.3253822590368739,0.0755161934152156
urn:mavedb:00001214-n-1#255,NA,NA,p.Val27Ser,0.707071109092884,0.0619791888615918
urn:mavedb:00001214-n-1#256,NA,NA,p.Val27Ile,1.2190311973901424,0.0676809059336601
urn:mavedb:00001214-n-1#257,NA,NA,p.Val27Met,0.842711615760246,0.155795002354362
urn:mavedb:00001214-n-1#258,NA,NA,p.Val27Pro,0.5337906817276209,0.0872765964235976
urn:mavedb:00001214-n-1#259,NA,NA,p.Val27Leu,1.1794277814487115,0.0493871417379713
urn:mavedb:00001214-n-1#260,NA,NA,p.Val27Glu,0.0508700624382828,0.119922255422342
urn:mavedb:00001214-n-1#261,NA,NA,p.Val27Asp,0.074227535293541,0.1050555440493832
urn:mavedb:00001214-n-1#262,NA,NA,p.Val27Ala,0.8542646905898417,0.0827200497920804
urn:mavedb:00001214-n-1#263,NA,NA,p.Val27Gly,0.8242287872408735,0.0614610820839417
urn:mavedb:00001214-n-1#264,NA,NA,p.Leu28Lys,0.2202097789965109,0.1104150888739641
urn:mavedb:00001214-n-1#265,NA,NA,p.Leu28Asn,0.3628508320257003,0.1062991206628027
urn:mavedb:00001214-n-1#266,NA,NA,p.Leu28Thr,0.8197032603188784,0.0793710567719247
urn:mavedb:00001214-n-1#267,NA,NA,p.Leu28Arg,0.2111626120030217,0.070888481587329
urn:mavedb:00001214-n-1#268,NA,NA,p.Leu28Ser,0.8334170388906076,0.0684450112268433
urn:mavedb:00001214-n-1#269,NA,NA,p.Leu28Ile,1.0402712767886992,0.0748893935148696
urn:mavedb:00001214-n-1#270,NA,NA,p.Leu28Met,0.9259030194129833,0.1607536532839729
urn:mavedb:00001214-n-1#271,NA,NA,p.Leu28Gln,-0.3158730712395683,0.1219356698072258
urn:mavedb:00001214-n-1#272,NA,NA,p.Leu28His,-0.0323463729459478,0.1208004071796577
urn:mavedb:00001214-n-1#273,NA,NA,p.Leu28Pro,0.287706340415056,0.0878095142123154
urn:mavedb:00001214-n-1#274,NA,NA,p.Gly29Asn,-0.1364067229426976,0.1347957566036355
urn:mavedb:00001214-n-1#275,NA,NA,p.Gly29Thr,1.068491351972658,0.0746929798138628
urn:mavedb:00001214-n-1#276,NA,NA,p.Gly29Arg,0.0437609120557623,0.068817167050234
urn:mavedb:00001214-n-1#277,NA,NA,p.Gly29Ser,0.873724376973764,0.0515074913187219
urn:mavedb:00001214-n-1#278,NA,NA,p.Gly29Ile,1.026224123257155,0.0737510152651175
urn:mavedb:00001214-n-1#279,NA,NA,p.Gly29Met,0.9233066482478643,0.1212085973184073
urn:mavedb:00001214-n-1#280,NA,NA,p.Gly29His,-0.1058689131460102,0.1131735782947167
urn:mavedb:00001214-n-1#281,NA,NA,p.Gly29Leu,1.1462987125131554,0.0497976488837207
urn:mavedb:00001214-n-1#282,NA,NA,p.Gly29Glu,0.3463534762120541,0.1173539772534803
urn:mavedb:00001214-n-1#283,NA,NA,p.Gly29Asp,0.4412248578437954,0.189659466078655
urn:mavedb:00001214-n-1#284,NA,NA,p.Gly29Ala,0.9560710809220972,0.0937214039841199
urn:mavedb:00001214-n-1#285,NA,NA,p.Leu30Lys,-0.3854459502532317,0.159161975208847
urn:mavedb:00001214-n-1#286,NA,NA,p.Leu30Asn,0.130113148767256,0.1079349773010526
urn:mavedb:00001214-n-1#287,NA,NA,p.Leu30Thr,0.7004666713467634,0.0959835258642982
urn:mavedb:00001214-n-1#288,NA,NA,p.Leu30Arg,0.0353635149564485,0.0878240370099317
urn:mavedb:00001214-n-1#289,NA,NA,p.Leu30Ser,0.5253157145922448,0.0735107958518812
urn:mavedb:00001214-n-1#290,NA,NA,p.Leu30Ile,0.9864171952957193,0.0700649509081704
urn:mavedb:00001214-n-1#291,NA,NA,p.Leu30Met,0.9560946618442324,0.1151086174245624
urn:mavedb:00001214-n-1#292,NA,NA,p.Leu30Gln,0.175079073674481,0.1294733563948959
urn:mavedb:00001214-n-1#293,NA,NA,p.Leu30His,0.4615343417831737,0.1425126134066124
urn:mavedb:00001214-n-1#294,NA,NA,p.Leu30Pro,0.3767767397069614,0.0989529944762043
urn:mavedb:00001214-n-1#295,NA,NA,p.Leu31Asn,-0.0410488122393216,0.1521541398401786
urn:mavedb:00001214-n-1#296,NA,NA,p.Leu31Lys,0.3568170879815941,0.1569208780032256
urn:mavedb:00001214-n-1#297,NA,NA,p.Leu31Thr,0.9742781920223108,0.0992754423078738
urn:mavedb:00001214-n-1#298,NA,NA,p.Leu31Arg,0.2050912830982844,0.0880761932599457
urn:mavedb:00001214-n-1#299,NA,NA,p.Leu31Ser,0.6674684055220448,0.0526105854602673
urn:mavedb:00001214-n-1#300,NA,NA,p.Leu31Ile,1.1209557812342774,0.0544660019004182
urn:mavedb:00001214-n-1#301,NA,NA,p.Leu31Met,0.7358878740307491,0.1280804234627964
urn:mavedb:00001214-n-1#302,NA,NA,p.Leu31Gln,0.2909547085334156,0.1516025004737664
urn:mavedb:00001214-n-1#303,NA,NA,p.Leu31His,0.0148129227148657,0.1073843075075681
urn:mavedb:00001214-n-1#304,NA,NA,p.Leu31Pro,0.250071141632554,0.1518705490149612
urn:mavedb:00001214-n-1#305,NA,NA,p.Leu31Glu,0.204036288717004,0.1311214308482859
urn:mavedb:00001214-n-1#306,NA,NA,p.Leu31Asp,0.1136929377268633,0.1451507526465326
urn:mavedb:00001214-n-1#307,NA,NA,p.Leu31Ala,1.1419975666044475,0.0757526358223214
urn:mavedb:00001214-n-1#308,NA,NA,p.Leu31Gly,0.3850656367382651,0.0818256873970059
urn:mavedb:00001214-n-1#309,NA,NA,p.Leu31Val,1.0521685340070446,0.0602589080859063
urn:mavedb:00001214-n-1#310,NA,NA,p.Leu31Ter,-0.0578118601643911,0.0907477908614476
urn:mavedb:00001214-n-1#311,NA,NA,p.Leu31Tyr,0.995672743567542,0.0728202373966811
urn:mavedb:00001214-n-1#312,NA,NA,p.Leu31Cys,1.2325001953178565,0.0864170267414386
urn:mavedb:00001214-n-1#313,NA,NA,p.Leu31Trp,0.9659825543022054,0.1376722956195357
urn:mavedb:00001214-n-1#314,NA,NA,p.Leu31Phe,0.9738749029729364,0.079594562699168
urn:mavedb:00001214-n-1#315,NA,NA,p.Leu30Glu,0.1950990158343889,0.1036842989241039
urn:mavedb:00001214-n-1#316,NA,NA,p.Leu30Asp,0.4177380587662173,0.1167241401622066
urn:mavedb:00001214-n-1#317,NA,NA,p.Leu30Ala,0.9112127985060527,0.0629348085219634
urn:mavedb:00001214-n-1#318,NA,NA,p.Leu30Gly,0.8783971546003351,0.0701121850245205
urn:mavedb:00001214-n-1#319,NA,NA,p.Leu30Val,1.0773098698099206,0.0629308562195293
urn:mavedb:00001214-n-1#320,NA,NA,p.Leu30Ter,-0.096359793066653,0.1117256678549588
urn:mavedb:00001214-n-1#321,NA,NA,p.Leu30Tyr,0.8311410403473775,0.087899858532314
urn:mavedb:00001214-n-1#322,NA,NA,p.Leu30Trp,0.8152568396992709,0.1721220343187174
urn:mavedb:00001214-n-1#323,NA,NA,p.Leu30Cys,1.1565801084334444,0.1216554458724762
urn:mavedb:00001214-n-1#324,NA,NA,p.Leu30Phe,0.9815759524237552,0.0766642313588321
urn:mavedb:00001214-n-1#325,NA,NA,p.Gly29Val,1.134024224418114,0.0593638702322982
urn:mavedb:00001214-n-1#326,NA,NA,p.Gly29Ter,0.1248791700548793,0.1159816486444364
urn:mavedb:00001214-n-1#327,NA,NA,p.Gly29Tyr,0.1911158647161264,0.1205748891057067
urn:mavedb:00001214-n-1#328,NA,NA,p.Gly29Cys,0.9952725675376832,0.0845083725690425
urn:mavedb:00001214-n-1#329,NA,NA,p.Gly29Trp,0.2837473779135791,0.1355235370035229
urn:mavedb:00001214-n-1#330,NA,NA,p.Gly29Phe,0.9644299095753972,0.0792137850212422
urn:mavedb:00001214-n-1#331,NA,NA,p.Leu28Glu,0.1768300010424669,0.1236541365997414
urn:mavedb:00001214-n-1#332,NA,NA,p.Leu28Asp,-0.113878919237739,0.1322697311994824
urn:mavedb:00001214-n-1#333,NA,NA,p.Leu28Ala,0.9953662425064992,0.0839008351192994
urn:mavedb:00001214-n-1#334,NA,NA,p.Leu28Gly,0.91518361203074,0.0647796821072708
urn:mavedb:00001214-n-1#335,NA,NA,p.Leu28Val,0.836659132164588,0.0688640957663678
urn:mavedb:00001214-n-1#336,NA,NA,p.Leu28Ter,0.0595876309511437,0.1147306629474712
urn:mavedb:00001214-n-1#337,NA,NA,p.Leu28Tyr,0.4151850359799369,0.10181106284981
urn:mavedb:00001214-n-1#338,NA,NA,p.Leu28Cys,1.0319850268188282,0.0948162933010918
urn:mavedb:00001214-n-1#339,NA,NA,p.Leu28Trp,0.8098277530416284,0.1303305257749765
urn:mavedb:00001214-n-1#340,NA,NA,p.Leu28Phe,0.9062675734336264,0.1077796935324456
urn:mavedb:00001214-n-1#341,NA,NA,p.Val27Ter,0.0861603637842564,0.0916055890230526
urn:mavedb:00001214-n-1#342,NA,NA,p.Val27Tyr,0.5102443644729457,0.0993463076915659
urn:mavedb:00001214-n-1#343,NA,NA,p.Val27Cys,0.8483923750514697,0.110789408013843
urn:mavedb:00001214-n-1#344,NA,NA,p.Val27Trp,0.5149562778005846,0.1287144595763763
urn:mavedb:00001214-n-1#345,NA,NA,p.Val27Phe,0.986770526979204,0.0828561245915828
urn:mavedb:00001214-n-1#346,NA,NA,p.Ala26Gly,0.9742103061878434,0.1083619502631977
urn:mavedb:00001214-n-1#347,NA,NA,p.Ala26Val,0.9873645495412212,0.0973708306481663
urn:mavedb:00001214-n-1#348,NA,NA,p.Ala26Ter,0.0472457628902599,0.2327588793535485
urn:mavedb:00001214-n-1#349,NA,NA,p.Ala26Tyr,0.3922823836421095,0.1847580731859406
urn:mavedb:00001214-n-1#350,NA,NA,p.Ala26Cys,1.038445626618283,0.1658994588406377
urn:mavedb:00001214-n-1#351,NA,NA,p.Ala26Trp,0.7736997149874806,0.2347394637430661
urn:mavedb:00001214-n-1#352,NA,NA,p.Ala26Phe,0.87919897549522,0.1407657045323392
urn:mavedb:00001214-n-1#353,NA,NA,p.Ser25Ile,0.8842916875559309,0.0956829536159581
urn:mavedb:00001214-n-1#354,NA,NA,p.Ser25Met,0.9624079789409792,0.1865171370454541
urn:mavedb:00001214-n-1#355,NA,NA,p.Ser25Gln,0.3068587652465664,0.1797318335872049
urn:mavedb:00001214-n-1#356,NA,NA,p.Ser25His,0.7186264083257787,0.1923064335486787
urn:mavedb:00001214-n-1#357,NA,NA,p.Ser25Pro,0.4448738336360198,0.2058730381929437
urn:mavedb:00001214-n-1#358,NA,NA,p.Ser25Leu,0.9822662839434596,0.0751433414654825
urn:mavedb:00001214-n-1#359,NA,NA,p.Ser25Glu,0.1742258808673811,0.2046110883906877
urn:mavedb:00001214-n-1#360,NA,NA,p.Ser25Asp,0.097604010024726,0.2290672640563555
urn:mavedb:00001214-n-1#361,NA,NA,p.Ser25Ala,1.1290907404456558,0.0836397083414979
urn:mavedb:00001214-n-1#362,NA,NA,p.Ser25Gly,0.9960824458523512,0.0892448474431432
urn:mavedb:00001214-n-1#363,NA,NA,p.Ser25Val,1.0846529451340257,0.081610480000572
urn:mavedb:00001214-n-1#364,NA,NA,p.Ser25Ter,-0.0673189657629629,0.1645609400086647
urn:mavedb:00001214-n-1#365,NA,NA,p.Ser25Tyr,0.0494259854740384,0.2151749996821108
urn:mavedb:00001214-n-1#366,NA,NA,p.Ser25Cys,0.939915047253342,0.1250344344992524
urn:mavedb:00001214-n-1#367,NA,NA,p.Ser25Trp,0.2102876768450415,0.2239463721719732
urn:mavedb:00001214-n-1#368,NA,NA,p.Ser25Phe,0.7927897050897291,0.1617334071429294
urn:mavedb:00001214-n-1#369,NA,NA,p.Leu24Glu,0.0916410717362607,0.2683640210767569
urn:mavedb:00001214-n-1#370,NA,NA,p.Leu24Ala,0.8181500381451005,0.1136921021968774
urn:mavedb:00001214-n-1#371,NA,NA,p.Leu24Gly,0.6567332525862043,0.1640158240624587
urn:mavedb:00001214-n-1#372,NA,NA,p.Leu24Val,1.0592767399392635,0.0931727340052932
urn:mavedb:00001214-n-1#373,NA,NA,p.Leu24Ter,0.4149212249254097,0.1788060901510337
urn:mavedb:00001214-n-1#374,NA,NA,p.Leu24Tyr,0.165604479104874,0.213758651466434
urn:mavedb:00001214-n-1#375,NA,NA,p.Leu24Cys,0.5794803756316613,0.1880318219359891
urn:mavedb:00001214-n-1#376,NA,NA,p.Leu24Phe,1.0666965474298715,0.1286706677203812
urn:mavedb:00001214-n-1#377,NA,NA,p.Gly23Val,1.2136951256436472,0.0692032699562489
urn:mavedb:00001214-n-1#378,NA,NA,p.Gly23Ter,-0.1884573158509805,0.1423059533611143
urn:mavedb:00001214-n-1#379,NA,NA,p.Gly23Tyr,0.0928540976533895,0.1492319450088616
urn:mavedb:00001214-n-1#380,NA,NA,p.Gly23Cys,1.1385381958673777,0.0965273893767283
urn:mavedb:00001214-n-1#381,NA,NA,p.Gly23Trp,0.393628653369195,0.1535021922664224
urn:mavedb:00001214-n-1#382,NA,NA,p.Gly23Phe,1.1826787932710483,0.0989404889850218
urn:mavedb:00001214-n-1#383,NA,NA,p.Leu22Glu,0.1274761414538663,0.2027065622550951
urn:mavedb:00001214-n-1#384,NA,NA,p.Leu22Ala,0.8476638388222175,0.0921389157826587
urn:mavedb:00001214-n-1#385,NA,NA,p.Leu22Gly,0.8618690887358459,0.0602332110097711
urn:mavedb:00001214-n-1#386,NA,NA,p.Leu22Val,1.0628162582151377,0.06079781024798
urn:mavedb:00001214-n-1#387,NA,NA,p.Leu22Ter,-0.0162557537367493,0.1409054253684157
urn:mavedb:00001214-n-1#388,NA,NA,p.Leu22Tyr,0.0651866247185048,0.1530158083339049
urn:mavedb:00001214-n-1#389,NA,NA,p.Leu22Cys,1.175459250122283,0.0938203247790957
urn:mavedb:00001214-n-1#390,NA,NA,p.Leu22Trp,-0.1769952885544515,0.2504193908451205
urn:mavedb:00001214-n-1#391,NA,NA,p.Leu22Phe,0.9234164159739712,0.1074577931664557
urn:mavedb:00001214-n-1#392,NA,NA,p.Val21Ter,0.033286588390446,0.1531656913285828
urn:mavedb:00001214-n-1#393,NA,NA,p.Val21Tyr,0.3122081618741181,0.1520397271600487
urn:mavedb:00001214-n-1#394,NA,NA,p.Val21Cys,0.8291477614672996,0.0996705091736462
urn:mavedb:00001214-n-1#395,NA,NA,p.Val21Trp,0.2914474138099919,0.2234541943782316
urn:mavedb:00001214-n-1#396,NA,NA,p.Val21Phe,1.246022809679059,0.1190516271312678
urn:mavedb:00001214-n-1#397,NA,NA,p.Leu20Glu,0.3705722897217745,0.1313056346315546
urn:mavedb:00001214-n-1#398,NA,NA,p.Leu20Asp,0.2164342723321955,0.240412865818786
urn:mavedb:00001214-n-1#399,NA,NA,p.Leu20Ala,1.0562773915615145,0.0874674896775855
urn:mavedb:00001214-n-1#400,NA,NA,p.Leu20Gly,0.9278945284846408,0.0803215827278378
urn:mavedb:00001214-n-1#401,NA,NA,p.Leu20Val,1.1292072157349018,0.0799964334356113
urn:mavedb:00001214-n-1#402,NA,NA,p.Leu20Ter,-0.0250157769223479,0.1069525917817301
urn:mavedb:00001214-n-1#403,NA,NA,p.Leu20Tyr,0.4390543822719735,0.1372400186312715
urn:mavedb:00001214-n-1#404,NA,NA,p.Leu20Cys,0.9480835453388602,0.1210210300317191
urn:mavedb:00001214-n-1#405,NA,NA,p.Leu20Trp,0.6104563320918927,0.1556114636707378
urn:mavedb:00001214-n-1#406,NA,NA,p.Leu20Phe,0.795610528496006,0.1241929188070573
urn:mavedb:00001214-n-1#407,NA,NA,p.His19Pro,1.0550810623565685,0.1039148931540943
urn:mavedb:00001214-n-1#408,NA,NA,p.His19Leu,1.6047599527892504,0.0659671320660729
urn:mavedb:00001214-n-1#409,NA,NA,p.His19Glu,0.7828026466477731,0.1214317346747196
urn:mavedb:00001214-n-1#410,NA,NA,p.His19Asp,0.1105541901633691,0.1904473135393334
urn:mavedb:00001214-n-1#411,NA,NA,p.His19Ala,1.652297440013648,0.0965635451455618
urn:mavedb:00001214-n-1#412,NA,NA,p.His19Gly,1.5333549411735414,0.0658393752929745
urn:mavedb:00001214-n-1#413,NA,NA,p.His19Val,1.441540076729758,0.0714219875693436
urn:mavedb:00001214-n-1#414,NA,NA,p.His19Ter,-0.1651488646730343,0.1712905763578827
urn:mavedb:00001214-n-1#415,NA,NA,p.His19Tyr,1.007846371972957,0.1090971615622926
urn:mavedb:00001214-n-1#416,NA,NA,p.His19Cys,1.6062448396165492,0.1089954273986913
urn:mavedb:00001214-n-1#417,NA,NA,p.His19Trp,1.5696083907332437,0.1894030643615064
urn:mavedb:00001214-n-1#418,NA,NA,p.His19Phe,1.3935994342751057,0.1311421544826243
urn:mavedb:00001214-n-1#419,NA,NA,p.Leu18Glu,-0.1175694298218362,0.1618723695492404
urn:mavedb:00001214-n-1#420,NA,NA,p.Leu18Asp,-0.026127281912363,0.2548857636453749
urn:mavedb:00001214-n-1#421,NA,NA,p.Leu18Ala,0.5860727848042077,0.1172192881319024
urn:mavedb:00001214-n-1#422,NA,NA,p.Leu18Gly,0.2802113371710282,0.07962681232023
urn:mavedb:00001214-n-1#423,NA,NA,p.Leu18Val,0.963011551754232,0.070523369193675
urn:mavedb:00001214-n-1#424,NA,NA,p.Leu18Ter,0.0597479124206502,0.132687002005908
urn:mavedb:00001214-n-1#425,NA,NA,p.Leu18Tyr,0.3593281584827739,0.1707627217507087
urn:mavedb:00001214-n-1#426,NA,NA,p.Leu18Cys,0.6817976873477228,0.1129206661335404
urn:mavedb:00001214-n-1#427,NA,NA,p.Leu18Trp,0.9778222842571322,0.1235665272276408
urn:mavedb:00001214-n-1#428,NA,NA,p.Leu18Phe,0.744381912539325,0.0962904394019303
urn:mavedb:00001214-n-1#429,NA,NA,p.Ala17Gly,0.992796948167812,0.0693020013955004
urn:mavedb:00001214-n-1#430,NA,NA,p.Ala17Val,0.6874862788270897,0.0828574204315608
urn:mavedb:00001214-n-1#431,NA,NA,p.Ala17Ter,-0.183681667687934,0.2187285378024856
urn:mavedb:00001214-n-1#432,NA,NA,p.Ala17Tyr,0.4008118633194396,0.1805977662216363
urn:mavedb:00001214-n-1#433,NA,NA,p.Ala17Cys,0.9944332913655862,0.1050812610662102
urn:mavedb:00001214-n-1#434,NA,NA,p.Ala17Trp,0.7170735503328074,0.1581765779903493
urn:mavedb:00001214-n-1#435,NA,NA,p.Ala17Phe,0.6085937119937074,0.1164015334354897
urn:mavedb:00001214-n-1#436,NA,NA,p.Thr16Arg,0.2517807934961316,0.1186821034697234
urn:mavedb:00001214-n-1#437,NA,NA,p.Thr16Ser,0.7556211437465711,0.0709063963756333
urn:mavedb:00001214-n-1#438,NA,NA,p.Thr16Ile,1.2360051838328825,0.0874276944220571
urn:mavedb:00001214-n-1#439,NA,NA,p.Thr16Met,1.1369943371804243,0.1819451486803558
urn:mavedb:00001214-n-1#440,NA,NA,p.Thr16Gln,0.4039345876175867,0.2327577325549492
urn:mavedb:00001214-n-1#441,NA,NA,p.Thr16His,0.408896200028502,0.1493377046607133
urn:mavedb:00001214-n-1#442,NA,NA,p.Thr16Pro,0.2673295012589782,0.1534085657773182
urn:mavedb:00001214-n-1#443,NA,NA,p.Thr16Leu,1.0705786158168775,0.0642461931609826
urn:mavedb:00001214-n-1#444,NA,NA,p.Thr16Glu,0.421909613554696,0.1429848741962378
urn:mavedb:00001214-n-1#445,NA,NA,p.Thr16Asp,-0.201019684215096,0.2083078023476587
urn:mavedb:00001214-n-1#446,NA,NA,p.Thr16Ala,0.9393684783094248,0.0784836317032905
urn:mavedb:00001214-n-1#447,NA,NA,p.Thr16Gly,0.8597047698657706,0.0970756539458221
urn:mavedb:00001214-n-1#448,NA,NA,p.Thr16Val,1.1709617708656257,0.0682676912353741
urn:mavedb:00001214-n-1#449,NA,NA,p.Thr16Ter,-0.6193918235467611,0.2395465428983112
urn:mavedb:00001214-n-1#450,NA,NA,p.Thr16Tyr,0.693583273163984,0.1306977637432621
urn:mavedb:00001214-n-1#451,NA,NA,p.Thr16Cys,1.0735832374035732,0.1023021230902185
urn:mavedb:00001214-n-1#452,NA,NA,p.Thr16Trp,0.6246446475170371,0.2540541940260803
urn:mavedb:00001214-n-1#453,NA,NA,p.Thr16Phe,0.9364332312266296,0.1035829572648164
urn:mavedb:00001214-n-1#454,NA,NA,p.Val15Ter,0.2280272518067058,0.1933991955083619
urn:mavedb:00001214-n-1#455,NA,NA,p.Val15Tyr,0.3773870816777872,0.1269793577376697
urn:mavedb:00001214-n-1#456,NA,NA,p.Val15Cys,0.7645726138520087,0.1125671927604833
urn:mavedb:00001214-n-1#457,NA,NA,p.Val15Trp,0.6014439883703988,0.145211743220054
urn:mavedb:00001214-n-1#458,NA,NA,p.Val15Phe,0.5866280614282485,0.1015097542478138
urn:mavedb:00001214-n-1#459,NA,NA,p.Ser13Cys,1.1828365945952055,0.0850774620823049
urn:mavedb:00001214-n-1#460,NA,NA,p.Ser13Trp,1.321055706574954,0.1643444294557438
urn:mavedb:00001214-n-1#461,NA,NA,p.Ser13Phe,1.2439112143895952,0.0930187508019865
urn:mavedb:00001214-n-1#462,NA,NA,p.Ile12Met,0.8776627858218401,0.1807784350169282
urn:mavedb:00001214-n-1#463,NA,NA,p.Ile12Gln,0.7087909175729573,0.1783138535255241
urn:mavedb:00001214-n-1#464,NA,NA,p.Ile12His,0.6500310534828452,0.1362824597468629
urn:mavedb:00001214-n-1#465,NA,NA,p.Ile12Pro,0.7082903816922825,0.1240292477763963
urn:mavedb:00001214-n-1#466,NA,NA,p.Ile12Leu,0.919238186900422,0.0588495227094269
urn:mavedb:00001214-n-1#467,NA,NA,p.Ile12Glu,0.3030512750865645,0.1536929856268818
urn:mavedb:00001214-n-1#468,NA,NA,p.Ile12Asp,0.2125476622180211,0.1445800400040074
urn:mavedb:00001214-n-1#469,NA,NA,p.Ile12Ala,0.7309350055289751,0.1330543550079833
urn:mavedb:00001214-n-1#470,NA,NA,p.Ile12Gly,0.7560208032458055,0.0886937893477071
urn:mavedb:00001214-n-1#471,NA,NA,p.Ile12Val,0.8615560418062141,0.0645627004309542
urn:mavedb:00001214-n-1#472,NA,NA,p.Ile12Ter,-0.0939217333642883,0.1271713970767376
urn:mavedb:00001214-n-1#473,NA,NA,p.Ile12Tyr,0.8321073333428767,0.0944112543938678
urn:mavedb:00001214-n-1#474,NA,NA,p.Ile12Cys,0.7863236420029523,0.1028295477233295
urn:mavedb:00001214-n-1#475,NA,NA,p.Ile12Trp,0.4953074610084231,0.184679258237418
urn:mavedb:00001214-n-1#476,NA,NA,p.Ile12Phe,0.7132327014550823,0.0763608571294292
urn:mavedb:00001214-n-1#477,NA,NA,p.Trp11Phe,0.8958484547704383,0.0875681883722853
urn:mavedb:00001214-n-1#478,NA,NA,p.Ala10Gly,0.948258113254279,0.0659254542515279
urn:mavedb:00001214-n-1#479,NA,NA,p.Ala10Val,0.7439716117373517,0.0734740767230286
urn:mavedb:00001214-n-1#480,NA,NA,p.Ala10Ter,0.0351259218755856,0.1443214614115217
urn:mavedb:00001214-n-1#481,NA,NA,p.Ala10Tyr,1.0089937724094058,0.10492224002926
urn:mavedb:00001214-n-1#482,NA,NA,p.Ala10Cys,-0.3304387169867773,0.2347865956663522
urn:mavedb:00001214-n-1#483,NA,NA,p.Ala10Trp,1.1090915965713872,0.2145005197626615
urn:mavedb:00001214-n-1#484,NA,NA,p.Ala10Phe,0.8164175211180575,0.0841969808314528
urn:mavedb:00001214-n-1#485,NA,NA,p.Thr9Arg,0.9483713297684208,0.0705608674425473
urn:mavedb:00001214-n-1#486,NA,NA,p.Thr9Ser,0.926141435316623,0.0684823856601273
urn:mavedb:00001214-n-1#487,NA,NA,p.Thr9Ile,0.9832070090526676,0.0824657746394997
urn:mavedb:00001214-n-1#488,NA,NA,p.Thr9Met,0.928319133619346,0.1906954692659163
urn:mavedb:00001214-n-1#489,NA,NA,p.Thr9Gln,0.8593494349433977,0.1211954812298696
urn:mavedb:00001214-n-1#490,NA,NA,p.Thr9His,0.8441788506296829,0.1699203885939766
urn:mavedb:00001214-n-1#491,NA,NA,p.Thr9Pro,1.068123405476587,0.1000552537140433
urn:mavedb:00001214-n-1#492,NA,NA,p.Thr9Leu,1.0004339420207813,0.0703597333780407
urn:mavedb:00001214-n-1#493,NA,NA,p.Thr9Asp,0.2983569689827368,0.221027769436781
urn:mavedb:00001214-n-1#494,NA,NA,p.Thr9Ala,1.2108091088364183,0.0924556284271235
urn:mavedb:00001214-n-1#495,NA,NA,p.Thr9Gly,0.914536363845876,0.0795898633687125
urn:mavedb:00001214-n-1#496,NA,NA,p.Thr9Val,0.8992172139235152,0.0675630568430975
urn:mavedb:00001214-n-1#497,NA,NA,p.Thr9Ter,0.3373477345220078,0.109641373438747
urn:mavedb:00001214-n-1#498,NA,NA,p.Thr9Tyr,0.9011204042952484,0.0941502036303416
urn:mavedb:00001214-n-1#499,NA,NA,p.Thr9Cys,0.6093422068929896,0.1141886997599549
urn:mavedb:00001214-n-1#500,NA,NA,p.Thr9Trp,1.321320850009541,0.1412850529559667
urn:mavedb:00001214-n-1#501,NA,NA,p.Thr9Phe,0.8363606020037149,0.1070513743034255
urn:mavedb:00001214-n-1#502,NA,NA,p.Glu8Ala,0.9444125885820304,0.110645224742745
urn:mavedb:00001214-n-1#503,NA,NA,p.Glu8Gly,0.8384562773644018,0.0778794167421507
urn:mavedb:00001214-n-1#504,NA,NA,p.Glu8Val,0.4348029976474453,0.1361467138582305
urn:mavedb:00001214-n-1#505,NA,NA,p.Glu8Ter,0.0766405885214618,0.1931313325893363
urn:mavedb:00001214-n-1#506,NA,NA,p.Glu8Tyr,0.4890043581642898,0.1337251260861316
urn:mavedb:00001214-n-1#507,NA,NA,p.Glu8Trp,0.2328188401894781,0.2009664857644337
urn:mavedb:00001214-n-1#508,NA,NA,p.Glu8Cys,0.2797754485439576,0.1673954030094019
urn:mavedb:00001214-n-1#509,NA,NA,p.Glu8Phe,0.0823108529552487,0.1455933202856972
urn:mavedb:00001214-n-1#510,NA,NA,p.Thr7Arg,1.0136512385509568,0.0684265797223874
urn:mavedb:00001214-n-1#511,NA,NA,p.Thr7Ser,0.9469139408108684,0.0665358341453679
urn:mavedb:00001214-n-1#512,NA,NA,p.Thr7Ile,0.851713660731797,0.1043875377834813
urn:mavedb:00001214-n-1#513,NA,NA,p.Thr7Met,0.9336322120218278,0.1441792898286973
urn:mavedb:00001214-n-1#514,NA,NA,p.Thr7Gln,0.8855767159401128,0.1552242777763883
urn:mavedb:00001214-n-1#515,NA,NA,p.Thr7Pro,1.0341665942296516,0.128342728581964
urn:mavedb:00001214-n-1#516,NA,NA,p.Thr7Leu,0.7406528168654597,0.0774391532803095
urn:mavedb:00001214-n-1#517,NA,NA,p.Thr7Glu,0.7038616438353456,0.0885305422755471
urn:mavedb:00001214-n-1#518,NA,NA,p.Thr7Asp,0.6133259498541531,0.1601981167228245
urn:mavedb:00001214-n-1#519,NA,NA,p.Thr7Ala,1.2353832703227727,0.0662968028713937
urn:mavedb:00001214-n-1#520,NA,NA,p.Thr7Gly,0.8724968083636708,0.064571160354541
urn:mavedb:00001214-n-1#521,NA,NA,p.Thr7Val,0.7496484471392025,0.0724742652914231
urn:mavedb:00001214-n-1#522,NA,NA,p.Thr7Ter,0.1521905243397576,0.1282026551589466
urn:mavedb:00001214-n-1#523,NA,NA,p.Thr7Tyr,0.6957368178886728,0.1340520278850384
urn:mavedb:00001214-n-1#524,NA,NA,p.Thr7Cys,0.084882899189496,0.1407295656835175
urn:mavedb:00001214-n-1#525,NA,NA,p.Thr7Trp,1.0394629761202392,0.124164016094874
urn:mavedb:00001214-n-1#526,NA,NA,p.Thr7Phe,0.5582442911575493,0.1134085845111581
urn:mavedb:00001214-n-1#527,NA,NA,p.Ala6Gly,1.0204583584069602,0.0625318705758111
urn:mavedb:00001214-n-1#528,NA,NA,p.Ala6Val,0.2855630673040537,0.0929465033996471
urn:mavedb:00001214-n-1#529,NA,NA,p.Ala6Tyr,0.4066689691278848,0.1938057404578853
urn:mavedb:00001214-n-1#530,NA,NA,p.Ala6Cys,0.7136624364904607,0.1323844712251348
urn:mavedb:00001214-n-1#531,NA,NA,p.Ala6Trp,0.4593583462037808,0.2220362069165194
urn:mavedb:00001214-n-1#532,NA,NA,p.Ala6Phe,0.5116802508097866,0.1864962352524379
urn:mavedb:00001214-n-1#533,NA,NA,p.Thr5Arg,0.0003368834976978558,0.060320561341593
urn:mavedb:00001214-n-1#534,NA,NA,p.Thr5Ser,-0.0408176202161796,0.0838917433322588
urn:mavedb:00001214-n-1#535,NA,NA,p.Thr5Ile,0.3798703340725632,0.0850597631842722
urn:mavedb:00001214-n-1#536,NA,NA,p.Thr5Met,0.5958701305891422,0.1304275218975562
urn:mavedb:00001214-n-1#537,NA,NA,p.Thr5Gln,-0.4732992517527472,0.1586082746571143
urn:mavedb:00001214-n-1#538,NA,NA,p.Thr5His,-0.2077963376615431,0.1331413474561136
urn:mavedb:00001214-n-1#539,NA,NA,p.Thr5Pro,-0.1831024671088988,0.1245973463090094
urn:mavedb:00001214-n-1#540,NA,NA,p.Thr5Leu,0.5814208620081915,0.0566197058089639
urn:mavedb:00001214-n-1#541,NA,NA,p.Thr5Glu,-0.182594010563714,0.099059347547024
urn:mavedb:00001214-n-1#542,NA,NA,p.Thr5Asp,0.0648980171274728,0.1287946395841465
urn:mavedb:00001214-n-1#543,NA,NA,p.Thr5Ala,-0.0588076901160653,0.0897761879150126
urn:mavedb:00001214-n-1#544,NA,NA,p.Thr5Gly,-0.0585463076003212,0.0587303968212564
urn:mavedb:00001214-n-1#545,NA,NA,p.Thr5Val,0.2398304144288804,0.0628458907760229
urn:mavedb:00001214-n-1#546,NA,NA,p.Thr5Ter,0.0655732130138296,0.100276530912061
urn:mavedb:00001214-n-1#547,NA,NA,p.Thr5Tyr,0.1799989017372618,0.1698931599865186
urn:mavedb:00001214-n-1#548,NA,NA,p.Thr5Cys,-0.2197542374038095,0.1520939892443297
urn:mavedb:00001214-n-1#549,NA,NA,p.Thr5Trp,-0.2235200890715629,0.1496653620486054
urn:mavedb:00001214-n-1#550,NA,NA,p.Thr5Phe,0.3283264224516652,0.1325813581059292
urn:mavedb:00001214-n-1#551,NA,NA,p.Glu4Ala,0.930950148222178,0.0711952805876095
urn:mavedb:00001214-n-1#552,NA,NA,p.Glu4Gly,0.2869078500957659,0.1144024952864667
urn:mavedb:00001214-n-1#553,NA,NA,p.Glu4Val,0.9730017248438688,0.0828826455253871
urn:mavedb:00001214-n-1#554,NA,NA,p.Glu4Ter,-0.0670701641412064,0.1608945860464816
urn:mavedb:00001214-n-1#555,NA,NA,p.Glu4Tyr,0.5940088845629685,0.1323925513271409
urn:mavedb:00001214-n-1#556,NA,NA,p.Glu4Cys,0.3427723166475092,0.1338332847495779
urn:mavedb:00001214-n-1#557,NA,NA,p.Glu4Trp,0.8212816002634077,0.1764417038587949
urn:mavedb:00001214-n-1#558,NA,NA,p.Glu4Phe,0.8398877983416542,0.1057211267852531
urn:mavedb:00001214-n-1#559,NA,NA,p.Val3Ter,0.1049525194568005,0.0867125861467434
urn:mavedb:00001214-n-1#560,NA,NA,p.Val3Tyr,0.2125793104173338,0.088967010834699
urn:mavedb:00001214-n-1#561,NA,NA,p.Val3Cys,-0.0361151709196831,0.0849043333686615
urn:mavedb:00001214-n-1#562,NA,NA,p.Val3Trp,-0.1256651931433797,0.1204629486356556
urn:mavedb:00001214-n-1#563,NA,NA,p.Val3Phe,0.1296953334871163,0.1118614494858696
urn:mavedb:00001214-n-1#564,NA,NA,p.Arg2Ile,0.8290056517167144,0.1353326427797741
urn:mavedb:00001214-n-1#565,NA,NA,p.Arg2Met,1.4136290979319492,0.1492752278753472
urn:mavedb:00001214-n-1#566,NA,NA,p.Arg2Gln,1.1728231872788717,0.1126560034704375
urn:mavedb:00001214-n-1#567,NA,NA,p.Arg2His,1.101981948856556,0.1563507000771578
urn:mavedb:00001214-n-1#568,NA,NA,p.Arg2Pro,0.9823686260783964,0.0882837269069919
urn:mavedb:00001214-n-1#569,NA,NA,p.Arg2Leu,1.0655273391605793,0.0595577289285394
urn:mavedb:00001214-n-1#570,NA,NA,p.Arg2Glu,1.0527955952564665,0.0923741949955152
urn:mavedb:00001214-n-1#571,NA,NA,p.Arg2Asp,1.0491838778972096,0.1148087474063058
urn:mavedb:00001214-n-1#572,NA,NA,p.Arg2Ala,0.9536282474730086,0.0706770586933234
urn:mavedb:00001214-n-1#573,NA,NA,p.Arg2Gly,0.740694534029223,0.0517768332104198
urn:mavedb:00001214-n-1#574,NA,NA,p.Arg2Val,0.7643552905769072,0.061866797661252
urn:mavedb:00001214-n-1#575,NA,NA,p.Arg2Ter,-0.1577652836497588,0.2100261148249655
urn:mavedb:00001214-n-1#576,NA,NA,p.Arg2Tyr,0.9895828920847834,0.1347725232992629
urn:mavedb:00001214-n-1#577,NA,NA,p.Arg2Cys,0.608961112784166,0.0983241724337694
urn:mavedb:00001214-n-1#578,NA,NA,p.Arg2Trp,1.1272183740852142,0.1204887494105977
urn:mavedb:00001214-n-1#579,NA,NA,p.Arg2Phe,1.0199690380001016,0.1409686059760275
urn:mavedb:00001214-n-1#580,NA,NA,p.Thr1Arg,0.6087508522964235,0.0798515003248771
urn:mavedb:00001214-n-1#581,NA,NA,p.Thr1Ser,0.8741764958980681,0.0625253139106037
urn:mavedb:00001214-n-1#582,NA,NA,p.Thr1Ile,0.9381002489263676,0.0973949326521764
urn:mavedb:00001214-n-1#583,NA,NA,p.Thr1Met,1.0385671187578769,0.1386533225960498
urn:mavedb:00001214-n-1#584,NA,NA,p.Thr1Gln,0.9858553151205056,0.144347026027782
urn:mavedb:00001214-n-1#585,NA,NA,p.Thr1His,0.802971200641462,0.1357925725032167
urn:mavedb:00001214-n-1#586,NA,NA,p.Thr1Pro,0.1200268480679205,0.2761531730825051
urn:mavedb:00001214-n-1#587,NA,NA,p.Thr1Leu,1.0669162959924114,0.0724885511055691
urn:mavedb:00001214-n-1#588,NA,NA,p.Thr1Glu,0.6919644278395004,0.0986397535920234
urn:mavedb:00001214-n-1#589,NA,NA,p.Thr1Asp,0.4532612087596276,0.13161410903533
urn:mavedb:00001214-n-1#590,NA,NA,p.Thr1Ala,1.0495962275155306,0.0785489123661882
urn:mavedb:00001214-n-1#591,NA,NA,p.Thr1Gly,0.2960392604440018,0.0837534456593119
urn:mavedb:00001214-n-1#592,NA,NA,p.Thr1Val,0.955339294905932,0.0646766857382553
urn:mavedb:00001214-n-1#593,NA,NA,p.Thr1Ter,0.1339781140027496,0.1715128500643788
urn:mavedb:00001214-n-1#594,NA,NA,p.Thr1Tyr,0.9386737968554858,0.1074700501495767
urn:mavedb:00001214-n-1#595,NA,NA,p.Thr1Cys,0.6505445687245058,0.1035881926931906
urn:mavedb:00001214-n-1#596,NA,NA,p.Thr1Trp,0.3937447809590447,0.1582103648962508
urn:mavedb:00001214-n-1#597,NA,NA,p.Thr1Phe,0.9192146803414172,0.1001236253415442
urn:mavedb:00001214-n-1#598,NA,NA,p.Val27Gln,0.2644638283953336,0.186183575256163
urn:mavedb:00001214-n-1#599,NA,NA,p.Val27His,0.3344845172511873,0.150716204555477
urn:mavedb:00001214-n-1#600,NA,NA,p.Gly29Lys,-0.220279650712397,0.2582433364602186
urn:mavedb:00001214-n-1#601,NA,NA,p.Gly29Gln,-0.0732111333769612,0.3612961292548844
urn:mavedb:00001214-n-1#602,NA,NA,p.Gly29Pro,0.148341268883912,0.2324462527622601
urn:mavedb:00001214-n-1#603,NA,NA,p.Leu32Lys,0.283501934756337,0.1750870443240391
urn:mavedb:00001214-n-1#604,NA,NA,p.Leu32Asn,-0.1882909553084497,0.2209596204739728
urn:mavedb:00001214-n-1#605,NA,NA,p.Leu32Thr,0.4784885472820362,0.1602805431393827
urn:mavedb:00001214-n-1#606,NA,NA,p.Leu32Arg,-0.1259326419350537,0.1153037229412681
urn:mavedb:00001214-n-1#607,NA,NA,p.Leu32Ser,0.5316148377853191,0.1178721043284238
urn:mavedb:00001214-n-1#608,NA,NA,p.Leu32Ile,0.9870882489934184,0.1518140286322284
urn:mavedb:00001214-n-1#609,NA,NA,p.Leu32Met,1.4712612449209077,0.2739689332384541
urn:mavedb:00001214-n-1#610,NA,NA,p.Leu32Gln,-0.2052395437002451,0.2308802447494444
urn:mavedb:00001214-n-1#611,NA,NA,p.Leu32His,0.2039563032048461,0.1840325818456952
urn:mavedb:00001214-n-1#612,NA,NA,p.Leu32Pro,0.4841677502637386,0.2807695242793265
urn:mavedb:00001214-n-1#613,NA,NA,p.Leu33Lys,0.0572205264585633,0.2085696203450794
urn:mavedb:00001214-n-1#614,NA,NA,p.Leu33Asn,-0.0841744420012521,0.2012663798645664
urn:mavedb:00001214-n-1#615,NA,NA,p.Leu33Thr,0.2150778934162316,0.1348825250322094
urn:mavedb:00001214-n-1#616,NA,NA,p.Leu33Arg,0.2389901450553354,0.1144573056428118
urn:mavedb:00001214-n-1#617,NA,NA,p.Leu33Ser,0.0045525380318026,0.1343430086556922
urn:mavedb:00001214-n-1#618,NA,NA,p.Leu33Ile,0.8506546903016501,0.130031492944635
urn:mavedb:00001214-n-1#619,NA,NA,p.Leu33Met,0.7253046758761099,0.2239541360289453
urn:mavedb:00001214-n-1#620,NA,NA,p.Leu33Gln,0.5728806637501246,0.2127269391519025
urn:mavedb:00001214-n-1#621,NA,NA,p.Leu33His,0.243668918317685,0.2006461923461998
urn:mavedb:00001214-n-1#622,NA,NA,p.Leu33Pro,0.1676596833139434,0.1617403084976571
urn:mavedb:00001214-n-1#623,NA,NA,p.Arg34Lys,1.262895401903407,0.130473898667544
urn:mavedb:00001214-n-1#624,NA,NA,p.Arg34Asn,0.3622235710907042,0.146533927745086
urn:mavedb:00001214-n-1#625,NA,NA,p.Arg34Thr,0.6127252873929092,0.1058178344580447
urn:mavedb:00001214-n-1#626,NA,NA,p.Arg34Ser,0.4998709329961002,0.0952945299866512
urn:mavedb:00001214-n-1#627,NA,NA,p.Trp35Lys,2.04079537731764,0.1116689560817422
urn:mavedb:00001214-n-1#628,NA,NA,p.Trp35Asn,0.9841464365577482,0.1219806468495746
urn:mavedb:00001214-n-1#629,NA,NA,p.Trp35Thr,0.974274048040961,0.0985574973365585
urn:mavedb:00001214-n-1#630,NA,NA,p.Trp35Arg,1.298289653547957,0.0771361637045984
urn:mavedb:00001214-n-1#631,NA,NA,p.Trp35Ser,0.9563441724565758,0.0741372163595577
urn:mavedb:00001214-n-1#632,NA,NA,p.Trp35Ile,1.103251156257935,0.1041694383287455
urn:mavedb:00001214-n-1#633,NA,NA,p.Trp35Met,1.240879163416042,0.1659807240016853
urn:mavedb:00001214-n-1#634,NA,NA,p.Trp35Gln,1.1009308227163392,0.1306386989882899
urn:mavedb:00001214-n-1#635,NA,NA,p.Trp35His,1.1369111940267185,0.1393531318739951
urn:mavedb:00001214-n-1#636,NA,NA,p.Trp35Pro,1.2236520510633082,0.34177521624423
urn:mavedb:00001214-n-1#637,NA,NA,p.Trp35Leu,1.2742727948579415,0.0717157363510093
urn:mavedb:00001214-n-1#638,NA,NA,p.Trp35Glu,0.1592573079027715,0.1550710917087137
urn:mavedb:00001214-n-1#639,NA,NA,p.Trp35Asp,-0.05238788436009,0.2055185395395897
urn:mavedb:00001214-n-1#640,NA,NA,p.Trp35Ala,1.5958122093887774,0.0951108400548877
urn:mavedb:00001214-n-1#641,NA,NA,p.Trp35Gly,0.592735290360261,0.0928160476836585
urn:mavedb:00001214-n-1#642,NA,NA,p.Trp35Val,1.0997237730630578,0.0868937718365601
urn:mavedb:00001214-n-1#643,NA,NA,p.Trp35Ter,-0.0878041476914837,0.1219416115353694
urn:mavedb:00001214-n-1#644,NA,NA,p.Trp35Tyr,1.1736262004884417,0.1264172607335585
urn:mavedb:00001214-n-1#645,NA,NA,p.Trp35Cys,0.8831170537686195,0.1452031570838763
urn:mavedb:00001214-n-1#646,NA,NA,p.Gln36Lys,1.0747107072823463,0.1522779568552145
urn:mavedb:00001214-n-1#647,NA,NA,p.Gln36Asn,1.0371832021465426,0.157840107940481
urn:mavedb:00001214-n-1#648,NA,NA,p.Gln36Thr,1.0325692126775778,0.1171506648411729
urn:mavedb:00001214-n-1#649,NA,NA,p.Gln36Arg,1.1952751406703288,0.0863817503282428
urn:mavedb:00001214-n-1#650,NA,NA,p.Gln36Ser,0.8230918095467701,0.0971297733734169
urn:mavedb:00001214-n-1#651,NA,NA,p.Gln36Ile,0.8587243998837332,0.1179138244587928
urn:mavedb:00001214-n-1#652,NA,NA,p.Gln36Met,1.029379221523321,0.1961769463763401
urn:mavedb:00001214-n-1#653,NA,NA,p.Gln36His,0.5666715084654668,0.1746651089689453
urn:mavedb:00001214-n-1#654,NA,NA,p.Phe37Lys,0.1799756796820619,0.1962005452630183
urn:mavedb:00001214-n-1#655,NA,NA,p.Phe37Asn,0.0851861440542306,0.2067537907227145
urn:mavedb:00001214-n-1#656,NA,NA,p.Phe37Thr,0.2894124917867282,0.1416021322084611
urn:mavedb:00001214-n-1#657,NA,NA,p.Phe37Arg,0.3687398131092618,0.0898598091544308
urn:mavedb:00001214-n-1#658,NA,NA,p.Phe37Ser,0.2933977983776765,0.1039417847046005
urn:mavedb:00001214-n-1#659,NA,NA,p.Phe37Ile,0.5837133352928638,0.1594897544708964
urn:mavedb:00001214-n-1#660,NA,NA,p.Phe37Met,0.4815927651127098,0.1949592369298603
urn:mavedb:00001214-n-1#661,NA,NA,p.Phe37Gln,-0.1381646056324905,0.2514459256473038
urn:mavedb:00001214-n-1#662,NA,NA,p.Phe37His,0.4601119248279884,0.2455666656482029
urn:mavedb:00001214-n-1#663,NA,NA,p.Phe37Pro,-0.1736767053266366,0.1703661941954043
urn:mavedb:00001214-n-1#664,NA,NA,p.Phe37Leu,0.7821569733575882,0.0911151457464977
urn:mavedb:00001214-n-1#665,NA,NA,p.Phe37Glu,0.1434088944042947,0.1594274460231837
urn:mavedb:00001214-n-1#666,NA,NA,p.Phe37Asp,0.446876657980649,0.1835679726772956
urn:mavedb:00001214-n-1#667,NA,NA,p.Phe37Ala,0.6586507408563114,0.1244994225801316
urn:mavedb:00001214-n-1#668,NA,NA,p.Phe37Gly,-0.0744747885727376,0.1030072504505167
urn:mavedb:00001214-n-1#669,NA,NA,p.Phe37Val,0.4525964397008334,0.1046737635355062
urn:mavedb:00001214-n-1#670,NA,NA,p.Phe37Ter,-0.2941364374926943,0.1386378907610833
urn:mavedb:00001214-n-1#671,NA,NA,p.Phe37Tyr,0.877293406644829,0.174708835701309
urn:mavedb:00001214-n-1#672,NA,NA,p.Phe37Cys,1.1071223608949492,0.1459480985239955
urn:mavedb:00001214-n-1#673,NA,NA,p.Phe37Trp,0.8509186747211392,0.1861328357817042
urn:mavedb:00001214-n-1#674,NA,NA,p.Pro38Lys,1.0974844879053796,0.1447014233436109
urn:mavedb:00001214-n-1#675,NA,NA,p.Pro38Asn,0.6740577584194337,0.1580278586415759
urn:mavedb:00001214-n-1#676,NA,NA,p.Pro38Thr,0.5459514453655524,0.122901346223251
urn:mavedb:00001214-n-1#677,NA,NA,p.Pro38Arg,0.9702761766119254,0.0754503926053452
urn:mavedb:00001214-n-1#678,NA,NA,p.Pro38Ser,0.8385971134115846,0.0839180948316256
urn:mavedb:00001214-n-1#679,NA,NA,p.Pro38Ile,0.8340339885877336,0.1247449691205718
urn:mavedb:00001214-n-1#680,NA,NA,p.Pro38Met,1.0306444886839448,0.1822179866645278
urn:mavedb:00001214-n-1#681,NA,NA,p.Pro38Gln,0.5159318421561933,0.1415971204180616
urn:mavedb:00001214-n-1#682,NA,NA,p.Pro38His,0.6300504914734512,0.1698124089547915
urn:mavedb:00001214-n-1#683,NA,NA,p.Ala39Lys,0.9736037992047624,0.152524711765004
urn:mavedb:00001214-n-1#684,NA,NA,p.Ala39Asn,0.9977649643816352,0.1531297884022006
urn:mavedb:00001214-n-1#685,NA,NA,p.Ala39Thr,1.0144642067587242,0.1068665472155653
urn:mavedb:00001214-n-1#686,NA,NA,p.Ala39Arg,1.1376385904742108,0.0777363750533811
urn:mavedb:00001214-n-1#687,NA,NA,p.Ala39Ser,1.0157609413591455,0.0809507449438729
urn:mavedb:00001214-n-1#688,NA,NA,p.Ala39Ile,0.5620300853369034,0.1413470739747607
urn:mavedb:00001214-n-1#689,NA,NA,p.Ala39Met,0.7208140488379698,0.2158408474445168
urn:mavedb:00001214-n-1#690,NA,NA,p.Ala39Gln,1.1836362031031613,0.1627886273752546
urn:mavedb:00001214-n-1#691,NA,NA,p.Ala39His,1.164511908730676,0.1736549502700258
urn:mavedb:00001214-n-1#692,NA,NA,p.Ala39Pro,0.4488778932600057,0.1202079437951569
urn:mavedb:00001214-n-1#693,NA,NA,p.Ala39Leu,0.9546261363359436,0.0824535691024607
urn:mavedb:00001214-n-1#694,NA,NA,p.Ala39Glu,1.0720885789870649,0.1766354260183809
urn:mavedb:00001214-n-1#695,NA,NA,p.Ala39Asp,1.0573048562739966,0.1583767885674461
urn:mavedb:00001214-n-1#696,NA,NA,p.His40Lys,0.9630724569232167,0.1392435059330889
urn:mavedb:00001214-n-1#697,NA,NA,p.His40Asn,0.7616227515997476,0.1584226707045747
urn:mavedb:00001214-n-1#698,NA,NA,p.His40Thr,0.9295013745208468,0.1127202732912589
urn:mavedb:00001214-n-1#699,NA,NA,p.His40Arg,0.8666898337120491,0.0793380594924783
urn:mavedb:00001214-n-1#700,NA,NA,p.His40Ser,0.9541334044024882,0.0793551674433128
urn:mavedb:00001214-n-1#701,NA,NA,p.His40Ile,0.7637553940000048,0.1260101636185888
urn:mavedb:00001214-n-1#702,NA,NA,p.His40Met,1.0755054600513985,0.1719882645548868
urn:mavedb:00001214-n-1#703,NA,NA,p.His40Gln,1.097004978145942,0.1423502539517435
urn:mavedb:00001214-n-1#704,NA,NA,p.Tyr41Lys,0.0257997549093239,0.157559773605721
urn:mavedb:00001214-n-1#705,NA,NA,p.Tyr41Asn,0.455259454414982,0.14386446100006
urn:mavedb:00001214-n-1#706,NA,NA,p.Tyr41Thr,0.6709917923953127,0.1023056741389683
urn:mavedb:00001214-n-1#707,NA,NA,p.Tyr41Arg,0.29534775660534,0.0903861705439386
urn:mavedb:00001214-n-1#708,NA,NA,p.Tyr41Ser,0.6261437044273096,0.0872833518892858
urn:mavedb:00001214-n-1#709,NA,NA,p.Tyr41Ile,0.9060852441080784,0.1122698689494842
urn:mavedb:00001214-n-1#710,NA,NA,p.Tyr41Met,1.0871710066356988,0.17890003568921
urn:mavedb:00001214-n-1#711,NA,NA,p.Tyr41Gln,0.127107164638689,0.1683006292951996
urn:mavedb:00001214-n-1#712,NA,NA,p.Tyr41His,0.3819609546096197,0.154298927963963
urn:mavedb:00001214-n-1#713,NA,NA,p.Tyr41Pro,0.208498679589753,0.1209738017755747
urn:mavedb:00001214-n-1#714,NA,NA,p.Tyr41Leu,1.0206661194556628,0.0848611859844313
urn:mavedb:00001214-n-1#715,NA,NA,p.Tyr41Glu,0.5141640141762506,0.1324639431552711
urn:mavedb:00001214-n-1#716,NA,NA,p.Tyr41Asp,0.2269737231531383,0.1496180802555518
urn:mavedb:00001214-n-1#717,NA,NA,p.Tyr41Ala,1.1524882438003057,0.093669716127229
urn:mavedb:00001214-n-1#718,NA,NA,p.Tyr41Gly,0.3173682589766444,0.0968000471364982
urn:mavedb:00001214-n-1#719,NA,NA,p.Tyr41Val,1.0888455617129915,0.0859516490901848
urn:mavedb:00001214-n-1#720,NA,NA,p.Tyr41Ter,-0.0318790794497571,0.109334699097188
urn:mavedb:00001214-n-1#721,NA,NA,p.Arg42Lys,1.0167209003326008,0.1530576700545139
urn:mavedb:00001214-n-1#722,NA,NA,p.Arg42Asn,0.6638622388785137,0.1743210783195834
urn:mavedb:00001214-n-1#723,NA,NA,p.Arg42Thr,0.8120811269228712,0.1059594947670231
urn:mavedb:00001214-n-1#724,NA,NA,p.Arg42Ser,0.947922801338372,0.0975553558485187
urn:mavedb:00001214-n-1#725,NA,NA,p.Arg43Lys,0.8336988981618085,0.1494902164696488
urn:mavedb:00001214-n-1#726,NA,NA,p.Arg43Asn,0.5090941613319122,0.1669314497918282
urn:mavedb:00001214-n-1#727,NA,NA,p.Arg43Thr,0.9388559178670448,0.1172733540444271
urn:mavedb:00001214-n-1#728,NA,NA,p.Leu44Lys,0.4347984090886433,0.1454229119090835
urn:mavedb:00001214-n-1#729,NA,NA,p.Leu44Asn,0.1418860601664732,0.1726239928259702
urn:mavedb:00001214-n-1#730,NA,NA,p.Leu44Thr,0.2578936923666309,0.1175747357385932
urn:mavedb:00001214-n-1#731,NA,NA,p.Leu44Arg,0.1696336506888774,0.0854017507824658
urn:mavedb:00001214-n-1#732,NA,NA,p.Leu44Ser,0.2640179344418635,0.0897653168532959
urn:mavedb:00001214-n-1#733,NA,NA,p.Leu44Ile,1.1260186009419346,0.1249210530461033
urn:mavedb:00001214-n-1#734,NA,NA,p.Leu44Met,0.8413860848287694,0.237819672122967
urn:mavedb:00001214-n-1#735,NA,NA,p.Leu44Gln,0.1242929673964615,0.1709530835640276
urn:mavedb:00001214-n-1#736,NA,NA,p.Leu44His,0.3980816610752588,0.1863421057127423
urn:mavedb:00001214-n-1#737,NA,NA,p.Leu44Pro,0.2052003459510436,0.1538860799817638
urn:mavedb:00001214-n-1#738,NA,NA,p.Arg45Lys,1.3236207798137931,0.1393047204754275
urn:mavedb:00001214-n-1#739,NA,NA,p.Arg45Asn,0.236393562476362,0.1916313012798877
urn:mavedb:00001214-n-1#740,NA,NA,p.Arg45Thr,0.8419853371413405,0.1152448717029896
urn:mavedb:00001214-n-1#741,NA,NA,p.Arg45Ser,0.6349200971433732,0.0962044980658509
urn:mavedb:00001214-n-1#742,NA,NA,p.His46Lys,0.7385304070783326,0.196561673613069
urn:mavedb:00001214-n-1#743,NA,NA,p.His46Asn,1.0746526023940417,0.2116207373941896
urn:mavedb:00001214-n-1#744,NA,NA,p.His46Thr,0.7725181449453776,0.1772468403593091
urn:mavedb:00001214-n-1#745,NA,NA,p.His46Arg,0.8756021522470867,0.1253524885239331
urn:mavedb:00001214-n-1#746,NA,NA,p.His46Ser,0.7812516876266449,0.1121984427106313
urn:mavedb:00001214-n-1#747,NA,NA,p.His46Ile,0.1359171549288868,0.1983363222735689
urn:mavedb:00001214-n-1#748,NA,NA,p.His46Met,0.5011180334874529,0.3163440389731412
urn:mavedb:00001214-n-1#749,NA,NA,p.His46Gln,0.9705433193769016,0.1866894597069177
urn:mavedb:00001214-n-1#750,NA,NA,p.Ala47Lys,0.8009452113221767,0.1342180834733575
urn:mavedb:00001214-n-1#751,NA,NA,p.Ala47Asn,0.5940712784778777,0.1476300374133106
urn:mavedb:00001214-n-1#752,NA,NA,p.Ala47Thr,0.7525133132110721,0.0992559079350025
urn:mavedb:00001214-n-1#753,NA,NA,p.Ala47Arg,1.14901280891129,0.0696317171186906
urn:mavedb:00001214-n-1#754,NA,NA,p.Ala47Ser,0.6848547123348325,0.0751079692753487
urn:mavedb:00001214-n-1#755,NA,NA,p.Ala47Ile,0.7528773210009146,0.1123639040133576
urn:mavedb:00001214-n-1#756,NA,NA,p.Ala47Met,0.7174173812772612,0.1736596949090025
urn:mavedb:00001214-n-1#757,NA,NA,p.Ala47Gln,0.5377604795358515,0.1232573667542312
urn:mavedb:00001214-n-1#758,NA,NA,p.Ala47His,0.924146408177802,0.1305469623358262
urn:mavedb:00001214-n-1#759,NA,NA,p.Ala47Pro,0.2138066950503826,0.1056632626587517
urn:mavedb:00001214-n-1#760,NA,NA,p.Ala47Leu,0.6535216207582604,0.079443184496481
urn:mavedb:00001214-n-1#761,NA,NA,p.Ala47Glu,0.1652021384601827,0.1409135128888401
urn:mavedb:00001214-n-1#762,NA,NA,p.Ala47Asp,0.5281260883390138,0.1426976327339386
urn:mavedb:00001214-n-1#763,NA,NA,p.Leu48Lys,-0.034934259102746,0.2179554130818285
urn:mavedb:00001214-n-1#764,NA,NA,p.Leu48Asn,0.5375734901255965,0.1925905087234697
urn:mavedb:00001214-n-1#765,NA,NA,p.Leu48Thr,0.0769104739310893,0.159406196575714
urn:mavedb:00001214-n-1#766,NA,NA,p.Leu48Arg,0.1445303869070144,0.1037058238026723
urn:mavedb:00001214-n-1#767,NA,NA,p.Leu48Ser,0.6176369374407344,0.1223681213539776
urn:mavedb:00001214-n-1#768,NA,NA,p.Leu48Ile,1.0661202173032251,0.145613753528437
urn:mavedb:00001214-n-1#769,NA,NA,p.Leu48Met,0.9735514502276794,0.2377253323476563
urn:mavedb:00001214-n-1#770,NA,NA,p.Leu48Gln,-0.1306191409899097,0.2304266528220574
urn:mavedb:00001214-n-1#771,NA,NA,p.Leu48His,0.2109684806958279,0.2025308678007384
urn:mavedb:00001214-n-1#772,NA,NA,p.Leu48Pro,-0.168776632827676,0.1868411023176791
urn:mavedb:00001214-n-1#773,NA,NA,p.Trp49Lys,0.7680801336705597,0.265698518905904
urn:mavedb:00001214-n-1#774,NA,NA,p.Trp49Asn,1.6825201161196208,0.3483928449385964
urn:mavedb:00001214-n-1#775,NA,NA,p.Trp49Thr,0.0435021664260796,0.2582705439452815
urn:mavedb:00001214-n-1#776,NA,NA,p.Trp49Arg,0.1842751198117216,0.1444727795358855
urn:mavedb:00001214-n-1#777,NA,NA,p.Trp49Ser,0.469074862670927,0.1691821422508369
urn:mavedb:00001214-n-1#778,NA,NA,p.Trp49Ile,0.4430478488408692,0.1785818809097026
urn:mavedb:00001214-n-1#779,NA,NA,p.Trp49Met,-0.5724539136110806,0.4372191572012219
urn:mavedb:00001214-n-1#780,NA,NA,p.Trp49Gln,-0.1210397469631613,0.3271510886155936
urn:mavedb:00001214-n-1#781,NA,NA,p.Trp49Pro,0.2438235195069911,0.2588828639521676
urn:mavedb:00001214-n-1#782,NA,NA,p.Trp49Leu,0.3183324624392222,0.1803126355772425
urn:mavedb:00001214-n-1#783,NA,NA,p.Trp49Glu,-0.1799198118226911,0.2694864530204193
urn:mavedb:00001214-n-1#784,NA,NA,p.Trp49Asp,-0.3705761817299604,0.3614770334890432
urn:mavedb:00001214-n-1#785,NA,NA,p.Trp49Ala,0.584750390764351,0.1938860926114769
urn:mavedb:00001214-n-1#786,NA,NA,p.Trp49Gly,0.1789519914188749,0.155233857159341
urn:mavedb:00001214-n-1#787,NA,NA,p.Trp49Val,0.2280145006366392,0.158484254274252
urn:mavedb:00001214-n-1#788,NA,NA,p.Trp49Ter,0.3078228304862375,0.2124385827456882
urn:mavedb:00001214-n-1#789,NA,NA,p.Trp49Tyr,1.3860545436466525,0.1938734483846409
urn:mavedb:00001214-n-1#790,NA,NA,p.Trp49Cys,-0.1453191687986756,0.2611122290361271
urn:mavedb:00001214-n-1#791,NA,NA,p.Trp49Phe,0.2658630376453639,0.3782790775176257
urn:mavedb:00001214-n-1#792,NA,NA,p.Leu48Glu,0.0830987336826524,0.1617548915741388
urn:mavedb:00001214-n-1#793,NA,NA,p.Leu48Asp,0.1290452521380903,0.2183839985508753
urn:mavedb:00001214-n-1#794,NA,NA,p.Leu48Ala,0.4415296653258185,0.1253946351575723
urn:mavedb:00001214-n-1#795,NA,NA,p.Leu48Gly,0.1088150067767739,0.1322325200469975
urn:mavedb:00001214-n-1#796,NA,NA,p.Leu48Val,0.68035827056833,0.1057105586212516
urn:mavedb:00001214-n-1#797,NA,NA,p.Leu48Ter,0.0291773341357526,0.1372912875391806
urn:mavedb:00001214-n-1#798,NA,NA,p.Leu48Tyr,0.5926163203445793,0.1829952254163429
urn:mavedb:00001214-n-1#799,NA,NA,p.Leu48Cys,1.1442082960772455,0.1490018801717149
urn:mavedb:00001214-n-1#800,NA,NA,p.Leu48Trp,0.515320465913265,0.192287097620669
urn:mavedb:00001214-n-1#801,NA,NA,p.Leu48Phe,0.4004386698799255,0.1404417905558208
urn:mavedb:00001214-n-1#802,NA,NA,p.Ala47Gly,0.634299577813026,0.0824972780265298
urn:mavedb:00001214-n-1#803,NA,NA,p.Ala47Val,0.7923612891212519,0.0880723181842393
urn:mavedb:00001214-n-1#804,NA,NA,p.Ala47Ter,-0.2329440304941159,0.1166091029792536
urn:mavedb:00001214-n-1#805,NA,NA,p.Ala47Tyr,1.0215242858283493,0.1325856441786966
urn:mavedb:00001214-n-1#806,NA,NA,p.Ala47Cys,0.8673428354849008,0.1169364019691856
urn:mavedb:00001214-n-1#807,NA,NA,p.Ala47Trp,0.9928132232491346,0.163693018543207
urn:mavedb:00001214-n-1#808,NA,NA,p.Ala47Phe,0.7930894361449896,0.1355537072901407
urn:mavedb:00001214-n-1#809,NA,NA,p.His46Pro,-0.1132074126874789,0.2507188511046141
urn:mavedb:00001214-n-1#810,NA,NA,p.His46Leu,0.6805909433288924,0.1177083991092947
urn:mavedb:00001214-n-1#811,NA,NA,p.His46Glu,0.8825270025958117,0.1899266349242596
urn:mavedb:00001214-n-1#812,NA,NA,p.His46Asp,0.5797456372082589,0.2066124356008795
urn:mavedb:00001214-n-1#813,NA,NA,p.His46Ala,0.5233075983443698,0.2273414840653122
urn:mavedb:00001214-n-1#814,NA,NA,p.His46Gly,0.8507383952969608,0.1226483467481736
urn:mavedb:00001214-n-1#815,NA,NA,p.His46Val,0.4530293899390023,0.1223642189342514
urn:mavedb:00001214-n-1#816,NA,NA,p.His46Ter,0.1428102753508056,0.1618252077525642
urn:mavedb:00001214-n-1#817,NA,NA,p.His46Tyr,0.4094603009542183,0.2401164975873833
urn:mavedb:00001214-n-1#818,NA,NA,p.His46Cys,1.076380668161182,0.2108902088284826
urn:mavedb:00001214-n-1#819,NA,NA,p.His46Trp,-0.123277130015574,0.2979535081068478
urn:mavedb:00001214-n-1#820,NA,NA,p.His46Phe,0.589503553994392,0.215003015437718
urn:mavedb:00001214-n-1#821,NA,NA,p.Arg45Ile,0.7246025188425732,0.1388382185783788
urn:mavedb:00001214-n-1#822,NA,NA,p.Arg45Met,0.348296468609244,0.2165821538417922
urn:mavedb:00001214-n-1#823,NA,NA,p.Arg45Gln,0.6543451323953418,0.1692410274545695
urn:mavedb:00001214-n-1#824,NA,NA,p.Arg45His,0.462647839325075,0.1712956828957945
urn:mavedb:00001214-n-1#825,NA,NA,p.Arg45Pro,0.0086450925834522,0.1347043599547136
urn:mavedb:00001214-n-1#826,NA,NA,p.Arg45Leu,0.6761323058659261,0.0849957758392744
urn:mavedb:00001214-n-1#827,NA,NA,p.Arg45Glu,0.1822447861325785,0.1681196480104437
urn:mavedb:00001214-n-1#828,NA,NA,p.Arg45Asp,0.2327979157087644,0.1649392683263539
urn:mavedb:00001214-n-1#829,NA,NA,p.Arg45Ala,0.7420063982526234,0.1100489446861381
urn:mavedb:00001214-n-1#830,NA,NA,p.Arg45Gly,0.277343985554955,0.1032478397228769
urn:mavedb:00001214-n-1#831,NA,NA,p.Arg45Val,0.825257390092362,0.0987896540520761
urn:mavedb:00001214-n-1#832,NA,NA,p.Arg45Ter,-0.1438167100657904,0.1661906578291334
urn:mavedb:00001214-n-1#833,NA,NA,p.Arg45Tyr,0.5316412899002174,0.1814952268451285
urn:mavedb:00001214-n-1#834,NA,NA,p.Arg45Cys,0.6619317008068932,0.1446915018644597
urn:mavedb:00001214-n-1#835,NA,NA,p.Arg45Trp,0.6168632962168612,0.2424623342811394
urn:mavedb:00001214-n-1#836,NA,NA,p.Arg45Phe,0.580661576958698,0.1451357625407532
urn:mavedb:00001214-n-1#837,NA,NA,p.Leu44Glu,0.140086178358516,0.1502731484060894
urn:mavedb:00001214-n-1#838,NA,NA,p.Leu44Asp,0.3406538952509401,0.1611514170436503
urn:mavedb:00001214-n-1#839,NA,NA,p.Leu44Ala,0.7905702984287676,0.1094151416729514
urn:mavedb:00001214-n-1#840,NA,NA,p.Leu44Gly,0.2151055809802694,0.10189368427943
urn:mavedb:00001214-n-1#841,NA,NA,p.Leu44Val,0.9476862537090986,0.0944757558766704
urn:mavedb:00001214-n-1#842,NA,NA,p.Leu44Ter,-0.3529042736231522,0.1332804689903008
urn:mavedb:00001214-n-1#843,NA,NA,p.Leu44Tyr,0.4797409424698133,0.1464180884852028
urn:mavedb:00001214-n-1#844,NA,NA,p.Leu44Cys,0.6201756875993647,0.1446363944264784
urn:mavedb:00001214-n-1#845,NA,NA,p.Leu44Trp,0.6839168697088955,0.1750065775767984
urn:mavedb:00001214-n-1#846,NA,NA,p.Leu44Phe,1.0685125209258126,0.1355018516927166
urn:mavedb:00001214-n-1#847,NA,NA,p.Arg43Ser,0.7973757291919041,0.0898004492208537
urn:mavedb:00001214-n-1#848,NA,NA,p.Arg43Ile,0.6324539067733742,0.1293292549144184
urn:mavedb:00001214-n-1#849,NA,NA,p.Arg43Met,0.7450716632376698,0.2065205686606049
urn:mavedb:00001214-n-1#850,NA,NA,p.Arg43Gln,0.9013221274382116,0.1531450591055818
urn:mavedb:00001214-n-1#851,NA,NA,p.Arg43His,0.6575146932054401,0.1896332339553512
urn:mavedb:00001214-n-1#852,NA,NA,p.Arg43Pro,0.4427137087987968,0.1447645949998528
urn:mavedb:00001214-n-1#853,NA,NA,p.Arg43Leu,0.5168451310227609,0.0862684363350695
urn:mavedb:00001214-n-1#854,NA,NA,p.Arg43Glu,0.5282462835465424,0.1467818544488165
urn:mavedb:00001214-n-1#855,NA,NA,p.Arg43Asp,0.4688304680168126,0.1689624433168546
urn:mavedb:00001214-n-1#856,NA,NA,p.Arg43Ala,0.7893733477764918,0.1572307727841694
urn:mavedb:00001214-n-1#857,NA,NA,p.Arg43Gly,0.5097019048013179,0.0958345857409923
urn:mavedb:00001214-n-1#858,NA,NA,p.Arg43Val,0.6030251374012697,0.1040488870431666
urn:mavedb:00001214-n-1#859,NA,NA,p.Arg43Ter,-0.0069138515185157,0.1294863030840553
urn:mavedb:00001214-n-1#860,NA,NA,p.Arg43Tyr,0.4737576432131677,0.1542142954357265
urn:mavedb:00001214-n-1#861,NA,NA,p.Arg43Cys,0.7383365919478222,0.1369379911960888
urn:mavedb:00001214-n-1#862,NA,NA,p.Arg43Trp,0.6588327055839402,0.1864714516550627
urn:mavedb:00001214-n-1#863,NA,NA,p.Arg43Phe,0.3411868792025442,0.158898067050827
urn:mavedb:00001214-n-1#864,NA,NA,p.Arg42Ile,0.2975838204862638,0.1449193454792182
urn:mavedb:00001214-n-1#865,NA,NA,p.Arg42Met,0.7011145324305099,0.1967645722685114
urn:mavedb:00001214-n-1#866,NA,NA,p.Arg42Gln,1.0081459346563286,0.1680160488504552
urn:mavedb:00001214-n-1#867,NA,NA,p.Arg42His,0.9868717256999848,0.1549782624125721
urn:mavedb:00001214-n-1#868,NA,NA,p.Arg42Pro,0.0593527138943564,0.1303985139524535
urn:mavedb:00001214-n-1#869,NA,NA,p.Arg42Leu,0.7322729417393896,0.0917508386813292
urn:mavedb:00001214-n-1#870,NA,NA,p.Arg42Glu,0.5966013251346799,0.1477969060697281
urn:mavedb:00001214-n-1#871,NA,NA,p.Arg42Asp,0.739544066917181,0.1575748818792207
urn:mavedb:00001214-n-1#872,NA,NA,p.Arg42Ala,0.814687132823348,0.1074886947726408
urn:mavedb:00001214-n-1#873,NA,NA,p.Arg42Gly,0.7906095074148065,0.0933617733768589
urn:mavedb:00001214-n-1#874,NA,NA,p.Arg42Val,0.6805177216101346,0.1026267002230757
urn:mavedb:00001214-n-1#875,NA,NA,p.Arg42Ter,-0.0173011542646416,0.1325833486606342
urn:mavedb:00001214-n-1#876,NA,NA,p.Arg42Tyr,0.9259301874274456,0.1563841352002611
urn:mavedb:00001214-n-1#877,NA,NA,p.Arg42Cys,0.6470403495280176,0.1407907939420561
urn:mavedb:00001214-n-1#878,NA,NA,p.Arg42Trp,0.684680159528117,0.1895439082615281
urn:mavedb:00001214-n-1#879,NA,NA,p.Arg42Phe,0.7867986643861685,0.1521952740955495
urn:mavedb:00001214-n-1#880,NA,NA,p.Tyr41Cys,1.1256749298926907,0.1590615388277907
urn:mavedb:00001214-n-1#881,NA,NA,p.Tyr41Trp,1.4114258551907122,0.1736247501173557
urn:mavedb:00001214-n-1#882,NA,NA,p.Tyr41Phe,0.8649877223406817,0.1306997530424773
urn:mavedb:00001214-n-1#883,NA,NA,p.His40Pro,0.6630778800711794,0.1192624489919335
urn:mavedb:00001214-n-1#884,NA,NA,p.His40Leu,0.7467379528043459,0.0834402614370296
urn:mavedb:00001214-n-1#885,NA,NA,p.His40Glu,0.4609839638774313,0.1421689602870222
urn:mavedb:00001214-n-1#886,NA,NA,p.His40Asp,0.3851279869883394,0.1591631371906508
urn:mavedb:00001214-n-1#887,NA,NA,p.His40Ala,1.0824333875779686,0.0970103477985315
urn:mavedb:00001214-n-1#888,NA,NA,p.His40Gly,0.8742239767648313,0.0899279417797023
urn:mavedb:00001214-n-1#889,NA,NA,p.His40Val,0.7707357390292365,0.0968288392920348
urn:mavedb:00001214-n-1#890,NA,NA,p.His40Ter,-0.084334342452493,0.1192130174186645
urn:mavedb:00001214-n-1#891,NA,NA,p.His40Tyr,1.0392416376367608,0.1354294107910157
urn:mavedb:00001214-n-1#892,NA,NA,p.His40Cys,1.0673656304747945,0.1265323113705149
urn:mavedb:00001214-n-1#893,NA,NA,p.His40Trp,0.6849905005551666,0.1857248908840311
urn:mavedb:00001214-n-1#894,NA,NA,p.His40Phe,0.9054986586840053,0.1391951606187023
urn:mavedb:00001214-n-1#895,NA,NA,p.Ala39Gly,1.2136311830319324,0.0899694857090463
urn:mavedb:00001214-n-1#896,NA,NA,p.Ala39Val,1.0234494418380995,0.1246587396241097
urn:mavedb:00001214-n-1#897,NA,NA,p.Ala39Ter,0.1223146962962193,0.1204522504946049
urn:mavedb:00001214-n-1#898,NA,NA,p.Ala39Tyr,0.9003167675816461,0.1427651432136966
urn:mavedb:00001214-n-1#899,NA,NA,p.Ala39Cys,0.5381542340481342,0.1567148814005287
urn:mavedb:00001214-n-1#900,NA,NA,p.Ala39Trp,0.8962669083451745,0.163486722935574
urn:mavedb:00001214-n-1#901,NA,NA,p.Ala39Phe,0.6389564429720634,0.1671872776372805
urn:mavedb:00001214-n-1#902,NA,NA,p.Pro38Leu,0.7150677751856289,0.0840689265088312
urn:mavedb:00001214-n-1#903,NA,NA,p.Pro38Glu,0.5334628112873508,0.1306016423267754
urn:mavedb:00001214-n-1#904,NA,NA,p.Pro38Asp,0.5164914483785589,0.1367398403294152
urn:mavedb:00001214-n-1#905,NA,NA,p.Pro38Ala,0.985934818806734,0.0972822051102527
urn:mavedb:00001214-n-1#906,NA,NA,p.Pro38Gly,0.7196804437226336,0.0863681973356497
urn:mavedb:00001214-n-1#907,NA,NA,p.Pro38Val,0.6172810599737713,0.0918399154169728
urn:mavedb:00001214-n-1#908,NA,NA,p.Pro38Ter,0.0056689703687742,0.1195786281310258
urn:mavedb:00001214-n-1#909,NA,NA,p.Pro38Tyr,0.7257729306581615,0.1606504611276177
urn:mavedb:00001214-n-1#910,NA,NA,p.Pro38Cys,0.9610253801684396,0.1338583177050995
urn:mavedb:00001214-n-1#911,NA,NA,p.Pro38Trp,0.391014576888634,0.1803230679947726
urn:mavedb:00001214-n-1#912,NA,NA,p.Pro38Phe,0.4215029409968915,0.1657302080736376
urn:mavedb:00001214-n-1#913,NA,NA,p.Gln36Pro,0.5989349331359918,0.1387073383107105
urn:mavedb:00001214-n-1#914,NA,NA,p.Gln36Leu,0.7015442283421269,0.0918481373650435
urn:mavedb:00001214-n-1#915,NA,NA,p.Gln36Glu,0.497366171950337,0.1585154919036365
urn:mavedb:00001214-n-1#916,NA,NA,p.Gln36Asp,-0.1676386873885786,0.2026822482861248
urn:mavedb:00001214-n-1#917,NA,NA,p.Gln36Ala,0.9049482680649632,0.1150136615675501
urn:mavedb:00001214-n-1#918,NA,NA,p.Gln36Gly,0.9092430196991376,0.097595183870921
urn:mavedb:00001214-n-1#919,NA,NA,p.Gln36Val,0.965107644723433,0.1001545162061605
urn:mavedb:00001214-n-1#920,NA,NA,p.Gln36Ter,-0.035282532573535,0.132436898706301
urn:mavedb:00001214-n-1#921,NA,NA,p.Gln36Tyr,0.86711737878766,0.1568806965125722
urn:mavedb:00001214-n-1#922,NA,NA,p.Gln36Cys,0.9210661487942134,0.1527941275942357
urn:mavedb:00001214-n-1#923,NA,NA,p.Gln36Trp,1.0330105584060092,0.1875449595733807
urn:mavedb:00001214-n-1#924,NA,NA,p.Gln36Phe,0.6998138564990029,0.1545042440458978
urn:mavedb:00001214-n-1#925,NA,NA,p.Trp35Phe,1.2406549134801856,0.1317036842281145
urn:mavedb:00001214-n-1#926,NA,NA,p.Arg34Ile,0.8515214153338614,0.1116457144407894
urn:mavedb:00001214-n-1#927,NA,NA,p.Arg34Met,0.8359836708151737,0.1872700496523239
urn:mavedb:00001214-n-1#928,NA,NA,p.Arg34Gln,0.1981010877227888,0.1765498747778127
urn:mavedb:00001214-n-1#929,NA,NA,p.Arg34His,0.1314114241080179,0.1673866404949516
urn:mavedb:00001214-n-1#930,NA,NA,p.Arg34Pro,-0.1550758687577463,0.149178870033486
urn:mavedb:00001214-n-1#931,NA,NA,p.Arg34Leu,0.8740022160005789,0.0863476120072275
urn:mavedb:00001214-n-1#932,NA,NA,p.Arg34Glu,0.102022266417401,0.1572643501582985
urn:mavedb:00001214-n-1#933,NA,NA,p.Arg34Asp,-0.3217822145802821,0.1914808385783441
urn:mavedb:00001214-n-1#934,NA,NA,p.Arg34Ala,0.677639538711896,0.1146673004542571
urn:mavedb:00001214-n-1#935,NA,NA,p.Arg34Gly,0.7921766554870338,0.0946376584871633
urn:mavedb:00001214-n-1#936,NA,NA,p.Arg34Val,0.8845431933719292,0.1019356831786029
urn:mavedb:00001214-n-1#937,NA,NA,p.Arg34Ter,0.1215782419089145,0.1378972013845502
urn:mavedb:00001214-n-1#938,NA,NA,p.Arg34Tyr,0.4614560709514957,0.156302880427653
urn:mavedb:00001214-n-1#939,NA,NA,p.Arg34Cys,1.0596257350397449,0.1859583653665795
urn:mavedb:00001214-n-1#940,NA,NA,p.Arg34Trp,0.1567483834068166,0.2327889494018774
urn:mavedb:00001214-n-1#941,NA,NA,p.Arg34Phe,0.6138010534349655,0.1317882622291291
urn:mavedb:00001214-n-1#942,NA,NA,p.Leu33Glu,-0.0233142990776798,0.2451566329065795
urn:mavedb:00001214-n-1#943,NA,NA,p.Leu33Asp,0.0232712236988677,0.2286286557053972
urn:mavedb:00001214-n-1#944,NA,NA,p.Leu33Ala,0.6465668357444891,0.1452313291353436
urn:mavedb:00001214-n-1#945,NA,NA,p.Leu33Gly,0.1749340725818945,0.1205709686063402
urn:mavedb:00001214-n-1#946,NA,NA,p.Leu33Val,0.8332126231164317,0.1142008206396389
urn:mavedb:00001214-n-1#947,NA,NA,p.Leu33Ter,-0.2536716801870216,0.1591212699275618
urn:mavedb:00001214-n-1#948,NA,NA,p.Leu33Tyr,0.9647734852460792,0.1920031384577108
urn:mavedb:00001214-n-1#949,NA,NA,p.Leu33Trp,0.672134097312844,0.241003848313661
urn:mavedb:00001214-n-1#950,NA,NA,p.Leu33Cys,1.1394673135235285,0.2021284987441973
urn:mavedb:00001214-n-1#951,NA,NA,p.Leu33Phe,0.8914693862258767,0.1493472017952631
urn:mavedb:00001214-n-1#952,NA,NA,p.Leu32Glu,-0.0711021069436027,0.1910068514175391
urn:mavedb:00001214-n-1#953,NA,NA,p.Leu32Asp,0.2216590328624952,0.1790488539620008
urn:mavedb:00001214-n-1#954,NA,NA,p.Leu32Ala,1.1389107963928726,0.1438661415842734
urn:mavedb:00001214-n-1#955,NA,NA,p.Leu32Gly,0.3175085630638586,0.1059957473077558
urn:mavedb:00001214-n-1#956,NA,NA,p.Leu32Val,0.943963574719318,0.1077918859708346
urn:mavedb:00001214-n-1#957,NA,NA,p.Leu32Ter,0.203313915594683,0.1294736007037378
urn:mavedb:00001214-n-1#958,NA,NA,p.Leu32Tyr,0.7988301269196441,0.1721644492833577
urn:mavedb:00001214-n-1#959,NA,NA,p.Leu32Cys,0.8905875995943866,0.1673381896600379
urn:mavedb:00001214-n-1#960,NA,NA,p.Leu32Trp,0.9688878242956076,0.1875276531696271
urn:mavedb:00001214-n-1#961,NA,NA,p.Leu32Phe,0.9424411831675678,0.1740102790216646
