gene,key,length,source,pdb,chain,status,conformers,identity,aligned,chain_len,seq_len,seq_coverage,mismatches,covered_positions
S8754_1SS8,3169cea86f6cb14e0760cae0,524,rcsb,1SS8,A,ok,1,1.0,524,524,524,1.0,0,524
S8754_1MSI,5ffdb8a1520a532707368b5b,70,rcsb,1MSI,A,ok,1,1.0,66,66,70,0.9428571428571428,0,66
S8754_1YYJ,6763fea8cddeddef1b4f9d3d,106,rcsb,1YYJ,A,ok,1,1.0,105,105,106,0.9905660377358491,0,105
S8754_1E65,e15d1ac444df4a8a0f1979af,128,rcsb,1E65,A,ok,1,1.0,128,128,128,1.0,0,128
S8754_2KIU,72e72910cfbdbdf34cbfa63e,87,rcsb,2KIU,A,ok,4,1.0,87,87,87,1.0,0,87
S8754_1AJ3,76448441c65ee49474e716d0,110,rcsb,1AJ3,A,ok,4,1.0,98,98,110,0.8909090909090909,0,98
S8754_1HTI,07ce942bed7a6d284cb6caaa,248,rcsb,1HTI,A,ok,1,1.0,248,248,248,1.0,0,248
S8754_1DPM,5ad93ed903ef5bc3497c2ef7,329,rcsb,1DPM,A,ok,1,1.0,329,329,329,1.0,0,329
S8754_2TRT,5b6ec3f447ff12e4b5c36f3b,217,rcsb,2TRT,A,ok,1,1.0,198,198,217,0.9124423963133641,0,198
S8754_1YPI,c79163f1d8be1936b97a4fa0,247,rcsb,1YPI,A,ok,1,1.0,247,247,247,1.0,0,247
S8754_1NEY,4d22f01839614cd876dacb3a,247,rcsb,1NEY,A,ok,1,1.0,246,246,247,0.9959514170040485,0,246
S8754_3GLY,c5188f93aeb70ec7a4c732c8,470,rcsb,3GLY,A,ok,1,1.0,470,470,470,1.0,0,470
S8754_1SSO,f5607705512b8095ff8cc040,62,rcsb,1SSO,A,ok,1,1.0,62,62,62,1.0,0,62
S8754_2IN9,5f3caa6e9ccd312b21146c07,139,rcsb,2IN9,A,ok,1,1.0,139,139,139,1.0,0,139
S8754_3SSI,cc6de45b87152e782f42cdff,113,rcsb,3SSI,A,ok,1,1.0,108,108,113,0.9557522123893806,0,108
S8754_2JOF,d8cc262d701b1fbf8cf3191d,20,rcsb,2JOF,A,ok,4,1.0,20,20,20,1.0,0,20
S8754_1OPG,be37e95d26c80a074d326087,214,rcsb,1OPG,L,ok,1,1.0,214,214,214,1.0,0,214
S8754_2A01,bfff76ad0a527253f4a28766,243,rcsb,2A01,A,ok,1,1.0,243,243,243,1.0,0,243
S8754_1REI,ce85a7fa15714fe62f8f076d,107,rcsb,1REI,A,ok,1,1.0,107,107,107,1.0,0,107
S8754_3DVF,68cd7f565383bf6bd5721fc9,107,rcsb,3DVF,A,ok,1,1.0,107,107,107,1.0,0,107
S8754_1FH5,a8c7457164eee0d4e58a1731,213,rcsb,1FH5,L,ok,1,1.0,213,213,213,1.0,0,213
S8754_1LVE,1c0e6f897d695b1bb9f76f64,122,rcsb,1LVE,A,ok,1,1.0,114,114,122,0.9344262295081968,0,114
S8754_2IMM,bebc095174c51c596062148a,114,rcsb,2IMM,A,ok,1,1.0,114,114,114,1.0,0,114
S8754_1NVO,73df3f371062062184837957,48,rcsb,1NVO,A,ok,4,1.0,48,48,48,1.0,0,48
S8754_2BRD,4d1a673388be76a5ae5e03bf,248,rcsb,2BRD,A,ok,1,1.0,221,221,248,0.8911290322580645,0,221
S8754_1AYF,98da257931fa11a23aa93039,105,rcsb,1AYF,B,ok,1,1.0,104,104,105,0.9904761904761905,0,104
S8754_1ZNJ,db9c6e3bb95f9abec48db32d,30,rcsb,1ZNJ,B,ok,1,1.0,30,30,30,1.0,0,30
S8754_4REX,8084999acd459212d3525597,49,rcsb,4REX,A,ok,1,1.0,48,48,49,0.9795918367346939,0,48
S8754_1E0L,e3ec13d0d7ff066ef89bd037,37,rcsb,1E0L,A,ok,4,1.0,37,37,37,1.0,0,37
S8754_3R2P,e0bd10bfdd551de95f6c3183,185,rcsb,3R2P,A,ok,1,1.0,180,180,185,0.972972972972973,0,180
S8754_1EW6,88c8ae49f46e490bbe53a42c,137,rcsb,1EW6,A,ok,1,1.0,137,137,137,1.0,0,137
S8754_1ZNJ_2,05cefc1ab405a05d93c040b4,21,rcsb,1ZNJ,A,ok,1,1.0,21,21,21,1.0,0,21
S8754_1LPE,6aee7109d2d3e6cc9b8a43b3,144,rcsb,1LPE,A,ok,1,1.0,144,144,144,1.0,0,144
S8754_4GWT,5a42bfb18792c6ead845b592,36,rcsb,4GWT,A,ok,1,1.0,33,33,36,0.9166666666666666,0,33
S8754_2GNQ,ebea71634dd070a72a6e7217,336,rcsb,2GNQ,A,ok,1,1.0,316,316,336,0.9404761904761905,0,316
S8754_1W4H,87b1134983ca0e8e07b23c9d,47,rcsb,1W4H,A,ok,4,1.0,45,45,47,0.9574468085106383,0,45
S8754_2ZAJ,f9d1009e165994896023b00d,49,rcsb,2ZAJ,A,ok,4,1.0,49,49,49,1.0,0,49
S8754_4ALH,99abd2e92561564597ce4eff,154,rcsb,4ALH,A,ok,1,1.0,108,108,154,0.7012987012987013,0,108
S8754_6DS9,661fb519ca2daafa0ccaea07,93,rcsb,6DS9,A,ok,1,1.0,93,93,93,1.0,0,93
S8754_1FKJ,de9f93373c7a22b99699ccaa,107,rcsb,1FKJ,A,ok,1,1.0,107,107,107,1.0,0,107
S8754_1KDX,8254bf8aab4aeee830ec236d,81,rcsb,1KDX,A,ok,4,1.0,81,81,81,1.0,0,81
S8754_5T43,96cf606740d53c5c2b2177f2,158,rcsb,5T43,A,ok,4,1.0,158,158,158,1.0,0,158
S8754_1K85,38a59dbcd7ee90ce5d77a001,88,rcsb,1K85,A,ok,4,1.0,88,88,88,1.0,0,88
S8754_3MBP,feb621d3b9bc9688b4b16816,370,rcsb,3MBP,A,ok,1,1.0,370,370,370,1.0,0,370
S8754_1MBG,237f1e4b1fa12c8c43b4dfb5,52,rcsb,1MBG,A,ok,1,1.0,52,52,52,1.0,0,52
S8754_1B8E,2a4a586087dd89a210aea91b,162,rcsb,1B8E,A,ok,1,1.0,152,152,162,0.9382716049382716,0,152
S8754_1WIT,2c0d0f4d5ebf5395a0d33f5c,93,rcsb,1WIT,A,ok,1,1.0,93,93,93,1.0,0,93
S8754_3ECA,d648fe6b553fe69edf5a4683,326,rcsb,3ECA,A,ok,1,1.0,326,326,326,1.0,0,326
S8754_1YRI,5ba6ada7a80f669bdc6a5975,35,rcsb,1YRI,A,ok,1,1.0,35,35,35,1.0,0,35
S8754_1NFI,daa4cdab8b372fd48c93e3a5,213,rcsb,1NFI,E,ok,1,1.0,213,213,213,1.0,0,213
S8754_3CMQ,24ecf5966fe41b554a8cd85d,415,rcsb,3CMQ,A,ok,1,1.0,405,405,415,0.9759036144578314,0,405
S8754_1IDS,6e73755f5f0bf5435a0bfd15,207,rcsb,1IDS,A,ok,1,1.0,198,198,207,0.9565217391304348,0,198
S8754_1U4Q,808d1316f77854ffe6c675b9,322,rcsb,1U4Q,A,ok,1,1.0,318,318,322,0.9875776397515528,0,318
S8754_1WPQ,fb3057f67e8ed2d2dd6c6b24,349,rcsb,1WPQ,A,ok,1,1.0,348,348,349,0.997134670487106,0,348
S8754_1BNZ,abf91fa6950a0896b739bbe6,64,rcsb,1BNZ,A,ok,1,1.0,64,64,64,1.0,0,64
S8754_1KA6,14575b5b47d483ba703fb8d6,128,rcsb,1KA6,A,ok,1,1.0,107,107,128,0.8359375,0,107
S8754_1SHG,5d8a306662618fc3b38486c8,62,rcsb,1SHG,A,ok,1,1.0,57,57,62,0.9193548387096774,0,57
S8754_2TS1,30d4843c25e22ef302361336,419,rcsb,2TS1,A,ok,1,1.0,317,317,419,0.7565632458233891,0,317
S8754_P01593,14c671377852327e92fb9126,117,alphafold,P01593,,ok,1,1.0,117,117,117,1.0,0,117
S8754_2JYS,2d3da1400f10e136ff2943af,107,rcsb,2JYS,A,ok,4,1.0,91,91,107,0.8504672897196262,0,91
S8754_1QLP,10f87ff2b95af729655399da,394,rcsb,1QLP,A,ok,1,1.0,372,372,394,0.9441624365482234,0,372
S8754_2A36,945f0e0e6eed71039580798c,59,rcsb,2A36,A,ok,4,1.0,59,59,59,1.0,0,59
S8754_P06654,9b987f26e70e8d868b3f7986,448,alphafold,P06654,,ok,1,1.0,448,448,448,1.0,0,448
S8754_5CRO,11be86de776779ee51231af8,66,rcsb,5CRO,A,ok,1,1.0,61,61,66,0.9242424242424242,0,61
S8754_1AMQ,ce1f3d587de57cc79eaf0f33,396,rcsb,1AMQ,A,ok,1,1.0,396,396,396,1.0,0,396
S8754_1JL5,2066844020c22a6923400309,454,rcsb,1JL5,A,ok,1,1.0,353,353,454,0.7775330396475771,0,353
S8754_Q9NAV8,7ebf4f309b61ce32c5be4ca6,138,alphafold,Q9NAV8,,ok,1,1.0,138,138,138,1.0,0,138
S8754_2LCP,cf97ef15eb6c2d8442ab0876,190,rcsb,2LCP,A,ok,4,1.0,190,190,190,1.0,0,190
S8754_3DV0,c06a368e2f691da0f477c9d4,369,rcsb,3DV0,A,ok,1,1.0,349,349,369,0.94579945799458,0,349
S8754_P62942,7c2c9a4005a08f9f8ed2ce2e,108,alphafold,P62942,,ok,1,1.0,108,108,108,1.0,0,108
S8754_P06182,42e545c6d9a2a0d244c670f0,269,alphafold,P06182,,ok,1,1.0,269,269,269,1.0,0,269
S8754_4NC0,a8c655a00cd3ddff3798eb84,256,rcsb,4NC0,A,ok,1,1.0,243,243,256,0.94921875,0,243
S8754_1TIT,0e8997653564955e44397789,98,rcsb,1TIT,A,ok,1,1.0,89,89,98,0.9081632653061225,0,89
S8754_1VQB,f80a1fdc5a53978494717254,87,rcsb,1VQB,A,ok,1,1.0,86,86,87,0.9885057471264368,0,86
S8754_P02647,20bd84ee6389e0b308a703db,267,alphafold,P02647,,ok,1,1.0,267,267,267,1.0,0,267
S8754_2EWN,d48d98649de9755382aee479,321,rcsb,2EWN,A,ok,1,1.0,318,318,321,0.9906542056074766,0,318
S8754_1LUC,71e782d4f05f008fa2b29e4f,324,rcsb,1LUC,B,ok,1,1.0,320,320,324,0.9876543209876543,0,320
S8754_1LUC_2,b10d0dbadfaf5e0c4c7faead,355,rcsb,1LUC,A,ok,1,1.0,326,326,355,0.9183098591549296,0,326
S8754_1B28,9b1edb45e49d9543830de286,53,rcsb,1B28,A,ok,4,1.0,53,53,53,1.0,0,53
S8754_1ARR,d9129d0b8c97fbc359fbb68f,53,rcsb,1ARR,A,ok,1,1.0,53,53,53,1.0,0,53
S8754_1LBI,3e8efddb4bf0f26fe03c81fd,360,rcsb,1LBI,A,ok,1,1.0,296,296,360,0.8222222222222222,0,296
S8754_3X3U,545515ca46bb3341e05ae2a4,112,rcsb,3X3U,A,ok,1,1.0,104,104,112,0.9285714285714286,0,104
S8754_1CSP,27d80e68627641f5e24efced,67,rcsb,1CSP,A,ok,1,1.0,67,67,67,1.0,0,67
S8754_1AV1,e72f66fa4200aeb095a26c9e,201,rcsb,1AV1,A,ok,1,1.0,201,201,201,1.0,0,201
S8754_1DFO,533a39e5e467211150fe277f,417,rcsb,1DFO,A,ok,1,1.0,416,416,417,0.9976019184652278,0,416
S8754_P14679,462c157a4444fcbfb9ba57b6,529,alphafold,P14679,,ok,1,1.0,529,529,529,1.0,0,529
S8754_1VII,4611fbd99ec215fde112c852,36,rcsb,1VII,A,ok,1,1.0,36,36,36,1.0,0,36
S8754_4Q0M,669350164484dc0415cc4b5d,327,rcsb,4Q0M,A,ok,1,1.0,327,327,327,1.0,0,327
S8754_Q9H334,5248da002fbcd3f3400e2a4b,677,alphafold,Q9H334,,ok,1,1.0,677,677,677,1.0,0,677
S8754_1QM4,7d7ffe50d18b87d465743083,396,rcsb,1QM4,A,ok,1,1.0,368,368,396,0.9292929292929293,0,368
S8754_1AON,527056a0e87c1fd00dc4629d,97,rcsb,1AON,U,ok,1,1.0,97,97,97,1.0,0,97
S8754_P08821,ce024ee7dfa6172acb446b4b,92,alphafold,P08821,,ok,1,1.0,92,92,92,1.0,0,92
S8754_1OH0,a0e05a1043ddefae2891c19d,131,rcsb,1OH0,A,ok,1,1.0,125,125,131,0.9541984732824428,0,125
S8754_1B26,82ef2d00f649eedf2d995b04,416,rcsb,1B26,A,ok,1,1.0,409,409,416,0.9831730769230769,0,409
S8754_2CRK,f34f61b76a523945340db01d,381,rcsb,2CRK,A,ok,1,1.0,365,365,381,0.958005249343832,0,365
S8754_O60828,e50ce895245c10eb43a7b277,265,alphafold,O60828,,ok,1,1.0,265,265,265,1.0,0,265
S8754_1UBQ,233b4b0b8c4616095bc3249f,76,rcsb,1UBQ,A,ok,1,1.0,76,76,76,1.0,0,76
S8754_5EMZ,ceede02bed142e9f17077683,76,rcsb,5EMZ,A,ok,1,1.0,76,76,76,1.0,0,76
S8754_1OTR,89603383c797409e7b7f4680,76,rcsb,1OTR,B,ok,4,1.0,76,76,76,1.0,0,76
S8754_1C9O,04e910309bf28f9310e73c9c,66,rcsb,1C9O,A,ok,1,1.0,66,66,66,1.0,0,66
S8754_3FIL,ceacfd957366bed465b1a89b,56,rcsb,3FIL,A,ok,1,1.0,55,55,56,0.9821428571428571,0,55
S8754_O26594,031957d8a4ab5cd2f9408f43,173,alphafold,O26594,,ok,1,1.0,173,173,173,1.0,0,173
S8754_1G6P,5b1951d58472a651fede9fc7,66,rcsb,1G6P,A,ok,4,1.0,66,66,66,1.0,0,66
S8754_1L8W,e8347d4ed0533fdce1690c59,348,rcsb,1L8W,A,ok,1,1.0,271,271,348,0.7787356321839081,0,271
S8754_P0ABE7,42ae01b6a01127c71d832ac7,128,alphafold,P0ABE7,,ok,1,1.0,128,128,128,1.0,0,128
S8754_1RIS,78ceccaf8748551d2eb89c6d,101,rcsb,1RIS,A,ok,1,1.0,97,97,101,0.9603960396039604,0,97
S8754_Q03026,1a019e5f1c107f599cd58e89,131,alphafold,Q03026,,ok,1,1.0,131,131,131,1.0,0,131
S8754_3GDL,ce750d1bae7a71ff05c0a27b,267,rcsb,3GDL,A,ok,1,1.0,257,257,267,0.9625468164794008,0,257
S8754_1SCE,39a070a24804c9b352c9982f,112,rcsb,1SCE,A,ok,1,1.0,97,97,112,0.8660714285714286,0,97
S8754_1A43,6498e8806a40ea086cfc3e0d,87,rcsb,1A43,A,ok,1,1.0,72,72,87,0.8275862068965517,0,72
S8754_P00912,1f1ddaf1df81db7f9937dde0,224,alphafold,P00912,,ok,1,1.0,224,224,224,1.0,0,224
S8754_1ROP,b999d6315c7a7034af5f3cc0,63,rcsb,1ROP,A,ok,1,1.0,56,56,63,0.8888888888888888,0,56
S8754_1PGA,7e859d82171047700fd3e963,56,rcsb,1PGA,A,ok,1,1.0,56,56,56,1.0,0,56
S8754_1AM7,04dce6be060876de7c594b54,158,rcsb,1AM7,A,ok,1,1.0,150,150,158,0.9493670886075949,0,150
S8754_1CUN,bea48a2f1f971906de38f479,213,rcsb,1CUN,A,ok,1,1.0,213,213,213,1.0,0,213
S8754_1AZP,ba6d6e572ca1bbe945c82ce4,66,rcsb,1AZP,A,ok,1,1.0,66,66,66,1.0,0,66
S8754_1G6N,8d8ae0de8d128490a1acd799,210,rcsb,1G6N,A,ok,1,1.0,200,200,210,0.9523809523809523,0,200
S8754_1OTR_2,4eb8ef7d73b8444791466a19,49,rcsb,1OTR,A,ok,4,1.0,49,49,49,1.0,0,49
S8754_2MMX,b5724789371dca88cce41531,111,rcsb,2MMX,A,ok,4,1.0,111,111,111,1.0,0,111
S8754_1GSB,e31638cec8375c205ab3b0a2,217,rcsb,1GSB,A,ok,1,1.0,217,217,217,1.0,0,217
S8754_1YU5,a1491e5841e3234567096841,67,rcsb,1YU5,X,ok,1,1.0,67,67,67,1.0,0,67
S8754_1CDC,907de8d3f025a7187253fa54,99,rcsb,1CDC,A,ok,1,1.0,96,96,99,0.9696969696969697,0,96
S8754_1HNG,57b93fef89bd633b02347925,176,rcsb,1HNG,A,ok,1,1.0,175,175,176,0.9943181818181818,0,175
S8754_1Z1I,81e6caaff95b6ebd183de448,306,rcsb,1Z1I,A,ok,1,1.0,301,301,306,0.9836601307189542,0,301
S8754_1MJC,2eda23a73937566174d5056e,69,rcsb,1MJC,A,ok,1,1.0,69,69,69,1.0,0,69
S8754_1BOY,1992650ca6c67a6754f6fb67,219,rcsb,1BOY,A,ok,1,1.0,211,211,219,0.9634703196347032,0,211
S8754_3MXF,fbf3f5c695a3b8c47960f7f8,127,rcsb,3MXF,A,ok,1,1.0,127,127,127,1.0,0,127
S8754_3OLM,b61c2d47d5fbc191c084afaf,79,rcsb,3OLM,D,ok,1,1.0,74,74,79,0.9367088607594937,0,74
S8754_4BR1,89d9995e4becbbf1ffc68162,246,rcsb,4BR1,A,ok,1,1.0,228,228,246,0.926829268292683,0,228
S8754_4V2F,67d06a3373e32bd4b1f7be53,207,rcsb,4V2F,A,ok,1,1.0,193,193,207,0.9323671497584541,0,193
S8754_1JIW,e0cc26d5e47dd381c33e66fc,106,rcsb,1JIW,I,ok,1,1.0,105,105,106,0.9905660377358491,0,105
S8754_1EQ7,dc494f8fbc8224afda526756,56,rcsb,1EQ7,A,ok,1,1.0,56,56,56,1.0,0,56
S8754_1QGD,5771fee29d593ef335b18905,662,rcsb,1QGD,A,ok,1,1.0,662,662,662,1.0,0,662
S8754_2CI2,82c0685d86e8f5d482808602,83,rcsb,2CI2,I,ok,1,1.0,65,65,83,0.7831325301204819,0,65
S8754_1LRP,93528d4c971f2358a078bc56,92,rcsb,1LRP,A,ok,1,1.0,89,89,92,0.967391304347826,0,89
S8754_3DVI,b6611d0daf441840bd59eb0a,109,rcsb,3DVI,A,ok,1,1.0,109,109,109,1.0,0,109
S8754_1ACB,8d846526bd8cba37a8f23bdd,70,rcsb,1ACB,I,ok,1,1.0,63,63,70,0.9,0,63
S8754_1CSE,1febed3d44d181315afe7f2d,70,rcsb,1CSE,I,ok,1,1.0,63,63,70,0.9,0,63
S8754_1FC1,d1b3ea2ac6faa469ce90232d,224,rcsb,1FC1,A,ok,1,1.0,206,206,224,0.9196428571428571,0,206
S8754_1PDO,5d47bbcebcce7ecb6652cb29,135,rcsb,1PDO,A,ok,1,1.0,129,129,135,0.9555555555555556,0,129
S8754_1W99,2090a45264253fe91c7092dc,558,rcsb,1W99,A,ok,1,1.0,558,558,558,1.0,0,558
S8754_1RHG,4619b64253062f5d9a18beb2,174,rcsb,1RHG,A,ok,1,1.0,145,145,174,0.8333333333333334,0,145
S8754_2SPZ,bb4a30d5e61c4d45e5650dac,58,rcsb,2SPZ,A,ok,4,1.0,58,58,58,1.0,0,58
S8754_2RLK,b6debd8d50ce930036a4c940,36,rcsb,2RLK,A,ok,4,1.0,36,36,36,1.0,0,36
