gene,source,entry,chain,rows
S8754_1A43,rcsb,1A43,A,5
S8754_1ACB,rcsb,1ACB,I,9
S8754_1AJ3,rcsb,1AJ3,A,73
S8754_1AM7,rcsb,1AM7,A,2
S8754_1AMQ,rcsb,1AMQ,A,28
S8754_1AON,rcsb,1AON,U,4
S8754_1ARR,rcsb,1ARR,A,70
S8754_1AV1,rcsb,1AV1,A,2
S8754_1AYF,rcsb,1AYF,B,16
S8754_1AZP,rcsb,1AZP,A,1
S8754_1B26,rcsb,1B26,A,9
S8754_1B28,rcsb,1B28,A,3
S8754_1B8E,rcsb,1B8E,A,1
S8754_1BNZ,rcsb,1BNZ,A,24
S8754_1BOY,rcsb,1BOY,A,1
S8754_1C9O,rcsb,1C9O,A,51
S8754_1CDC,rcsb,1CDC,A,9
S8754_1CSE,rcsb,1CSE,I,5
S8754_1CSP,rcsb,1CSP,A,66
S8754_1CUN,rcsb,1CUN,A,26
S8754_1DFO,rcsb,1DFO,A,4
S8754_1DPM,rcsb,1DPM,A,1
S8754_1E0L,rcsb,1E0L,A,4
S8754_1E65,rcsb,1E65,A,40
S8754_1EQ7,rcsb,1EQ7,A,2
S8754_1EW6,rcsb,1EW6,A,1
S8754_1FC1,rcsb,1FC1,A,16
S8754_1FH5,rcsb,1FH5,L,4
S8754_1FKJ,rcsb,1FKJ,A,53
S8754_1G6N,rcsb,1G6N,A,10
S8754_1G6P,rcsb,1G6P,A,2
S8754_1GSB,rcsb,1GSB,A,1
S8754_1HNG,rcsb,1HNG,A,10
S8754_1HTI,rcsb,1HTI,A,5
S8754_1IDS,rcsb,1IDS,A,1
S8754_1JIW,rcsb,1JIW,I,4
S8754_1JL5,rcsb,1JL5,A,2
S8754_1K85,rcsb,1K85,A,22
S8754_1KA6,rcsb,1KA6,A,6
S8754_1KDX,rcsb,1KDX,A,1
S8754_1L8W,rcsb,1L8W,A,2
S8754_1LBI,rcsb,1LBI,A,1
S8754_1LPE,rcsb,1LPE,A,3
S8754_1LRP,rcsb,1LRP,A,18
S8754_1LUC,rcsb,1LUC,B,2
S8754_1LUC_2,rcsb,1LUC,A,2
S8754_1LVE,rcsb,1LVE,A,20
S8754_1MBG,rcsb,1MBG,A,8
S8754_1MJC,rcsb,1MJC,A,9
S8754_1MSI,rcsb,1MSI,A,6
S8754_1NEY,rcsb,1NEY,A,6
S8754_1NFI,rcsb,1NFI,E,16
S8754_1NVO,rcsb,1NVO,A,2
S8754_1OH0,rcsb,1OH0,A,8
S8754_1OPG,rcsb,1OPG,L,2
S8754_1OTR,rcsb,1OTR,B,25
S8754_1OTR_2,rcsb,1OTR,A,20
S8754_1PDO,rcsb,1PDO,A,3
S8754_1PGA,rcsb,1PGA,A,1538
S8754_1QGD,rcsb,1QGD,A,2
S8754_1QLP,rcsb,1QLP,A,50
S8754_1QM4,rcsb,1QM4,A,1
S8754_1REI,rcsb,1REI,A,11
S8754_1RHG,rcsb,1RHG,A,16
S8754_1RIS,rcsb,1RIS,A,16
S8754_1ROP,rcsb,1ROP,A,21
S8754_1SCE,rcsb,1SCE,A,16
S8754_1SHG,rcsb,1SHG,A,15
S8754_1SS8,rcsb,1SS8,A,3
S8754_1SSO,rcsb,1SSO,A,1
S8754_1TIT,rcsb,1TIT,A,12
S8754_1U4Q,rcsb,1U4Q,A,69
S8754_1UBQ,rcsb,1UBQ,A,50
S8754_1VII,rcsb,1VII,A,37
S8754_1VQB,rcsb,1VQB,A,92
S8754_1W4H,rcsb,1W4H,A,59
S8754_1W99,rcsb,1W99,A,2
S8754_1WIT,rcsb,1WIT,A,1
S8754_1WPQ,rcsb,1WPQ,A,6
S8754_1YPI,rcsb,1YPI,A,3
S8754_1YRI,rcsb,1YRI,A,5
S8754_1YU5,rcsb,1YU5,X,8
S8754_1YYJ,rcsb,1YYJ,A,37
S8754_1Z1I,rcsb,1Z1I,A,1
S8754_1ZNJ,rcsb,1ZNJ,B,9
S8754_1ZNJ_2,rcsb,1ZNJ,A,4
S8754_2A01,rcsb,2A01,A,1
S8754_2A36,rcsb,2A36,A,9
S8754_2BRD,rcsb,2BRD,A,24
S8754_2CI2,rcsb,2CI2,I,143
S8754_2CRK,rcsb,2CRK,A,2
S8754_2EWN,rcsb,2EWN,A,9
S8754_2GNQ,rcsb,2GNQ,A,7
S8754_2IMM,rcsb,2IMM,A,11
S8754_2IN9,rcsb,2IN9,A,1
S8754_2JOF,rcsb,2JOF,A,10
S8754_2JYS,rcsb,2JYS,A,8
S8754_2KIU,rcsb,2KIU,A,3
S8754_2LCP,rcsb,2LCP,A,3
S8754_2MMX,rcsb,2MMX,A,5
S8754_2MMX,rcsb,2W0K,A,3
S8754_2RLK,rcsb,2RLK,A,4
S8754_2SPZ,rcsb,2SPZ,A,2
S8754_2TRT,rcsb,2TRT,A,1
S8754_2TS1,rcsb,2TS1,A,4
S8754_2ZAJ,rcsb,2ZAJ,A,2
S8754_3CMQ,rcsb,3CMQ,A,2
S8754_3DV0,rcsb,3DV0,A,2
S8754_3DVF,rcsb,3DVF,A,4
S8754_3DVI,rcsb,3DVI,A,3
S8754_3ECA,rcsb,3ECA,A,4
S8754_3FIL,rcsb,3FIL,A,1
S8754_3GDL,rcsb,3GDL,A,4
S8754_3GLY,rcsb,3GLY,A,8
S8754_3MBP,rcsb,3MBP,A,52
S8754_3MXF,rcsb,3MXF,A,1
S8754_3OLM,rcsb,3OLM,D,10
S8754_3R2P,rcsb,3R2P,A,1
S8754_3SSI,rcsb,3SSI,A,77
S8754_3X3U,rcsb,3X3U,A,8
S8754_4ALH,rcsb,4ALH,A,7
S8754_4BR1,rcsb,4BR1,A,4
S8754_4GWT,rcsb,4GWT,A,9
S8754_4NC0,rcsb,4NC0,A,4
S8754_4Q0M,rcsb,4Q0M,A,2
S8754_4REX,rcsb,4REX,A,3
S8754_4V2F,rcsb,4V2F,A,1
S8754_5CRO,rcsb,5CRO,A,13
S8754_5EMZ,rcsb,5EMZ,A,27
S8754_5T43,rcsb,5T43,A,1
S8754_6DS9,rcsb,6DS9,A,1
S8754_O26594,uniprot,O26594,,1
S8754_O60828,uniprot,O60828,,1
S8754_P00912,uniprot,P00912,,1
S8754_P01593,uniprot,P01593,,1
S8754_P02647,uniprot,P02647,,2
S8754_P06182,uniprot,P06182,,1
S8754_P06654,uniprot,P06654,,142
S8754_P08821,uniprot,P08821,,3
S8754_P0ABE7,uniprot,P0ABE7,,14
S8754_P14679,uniprot,P14679,,4
S8754_P62942,uniprot,P62942,,33
S8754_Q03026,uniprot,Q03026,,3
S8754_Q9H334,uniprot,Q9H334,,3
S8754_Q9NAV8,uniprot,Q9NAV8,,1
