supervision_tier,gene,task,rows
A_LEGACY_CONSENSUS,ADSL,consensus,8784
A_LEGACY_CONSENSUS,AIRE,consensus,9790
A_LEGACY_CONSENSUS,ASPA,consensus,5843
A_LEGACY_CONSENSUS,BRCA1,consensus,7045
A_LEGACY_CONSENSUS,BRCA2,consensus,462
A_LEGACY_CONSENSUS,CBS,consensus,10450
A_LEGACY_CONSENSUS,CRX,consensus,5284
A_LEGACY_CONSENSUS,FKRP,consensus,2878
A_LEGACY_CONSENSUS,HMGCR,consensus,16853
A_LEGACY_CONSENSUS,JAG1,consensus,1969
A_LEGACY_CONSENSUS,KCNE1,consensus,2328
A_LEGACY_CONSENSUS,KCNQ1,consensus,62
A_LEGACY_CONSENSUS,KCNQ2,consensus,301
A_LEGACY_CONSENSUS,KRAS,consensus,3320
A_LEGACY_CONSENSUS,LARGE1,consensus,4484
A_LEGACY_CONSENSUS,MAPK1,consensus,6810
A_LEGACY_CONSENSUS,MTHFR,consensus,12464
A_LEGACY_CONSENSUS,OTC,consensus,1570
A_LEGACY_CONSENSUS,PALB2,consensus,6718
A_LEGACY_CONSENSUS,PAX6,consensus,2719
A_LEGACY_CONSENSUS,PSAT1,consensus,1915
A_LEGACY_CONSENSUS,PTEN,consensus,7504
A_LEGACY_CONSENSUS,SPOP,consensus,6261
A_LEGACY_CONSENSUS,SUMO1,consensus,1919
A_LEGACY_CONSENSUS,TSC2,consensus,9001
B_DIRECT_NDD_FUNCTIONAL,CBS,fitness,7217
B_DIRECT_NDD_FUNCTIONAL,DLG4,fitness,1280
B_DIRECT_NDD_FUNCTIONAL,GDI1,fitness,1154
B_DIRECT_NDD_FUNCTIONAL,HRAS,activity,3134
B_DIRECT_NDD_FUNCTIONAL,KRAS,abundance,3066
B_DIRECT_NDD_FUNCTIONAL,KRAS,binding,3084
B_DIRECT_NDD_FUNCTIONAL,MAPK1,fitness,6809
B_DIRECT_NDD_FUNCTIONAL,MTHFR,fitness,12464
B_DIRECT_NDD_FUNCTIONAL,NPC1,activity,700
B_DIRECT_NDD_FUNCTIONAL,OTC,activity,1570
B_DIRECT_NDD_FUNCTIONAL,PPM1D,fitness,7889
B_DIRECT_NDD_FUNCTIONAL,PSAT1,fitness,1914
B_DIRECT_NDD_FUNCTIONAL,PTEN,abundance,5083
B_DIRECT_NDD_FUNCTIONAL,PTEN,activity,7260
B_DIRECT_NDD_FUNCTIONAL,RAF1,fitness,297
B_DIRECT_NDD_FUNCTIONAL,SHOC2,fitness,10972
B_DIRECT_NDD_FUNCTIONAL,SOD1,abundance,2632
B_DIRECT_NDD_FUNCTIONAL,SOD1,activity,2655
B_DIRECT_NDD_FUNCTIONAL,YAP1,binding,362
C_DIRECT_NDD_STABILITY,ADAR,stability,2346
C_DIRECT_NDD_STABILITY,ADARB1,stability,1121
C_DIRECT_NDD_STABILITY,ADNP,stability,736
C_DIRECT_NDD_STABILITY,AHI1,stability,1036
C_DIRECT_NDD_STABILITY,ALX1,stability,1060
C_DIRECT_NDD_STABILITY,ALX3,stability,1014
C_DIRECT_NDD_STABILITY,AMFR,stability,820
C_DIRECT_NDD_STABILITY,ANK2,stability,1309
C_DIRECT_NDD_STABILITY,ANK3,stability,1413
C_DIRECT_NDD_STABILITY,ARID2,stability,1338
C_DIRECT_NDD_STABILITY,ARX,stability,1058
C_DIRECT_NDD_STABILITY,ASPM,stability,320
C_DIRECT_NDD_STABILITY,BAZ2B,stability,1020
C_DIRECT_NDD_STABILITY,BPTF,stability,1051
C_DIRECT_NDD_STABILITY,BRAF,stability,1437
C_DIRECT_NDD_STABILITY,BRD4,stability,1269
C_DIRECT_NDD_STABILITY,CAPN15,stability,392
C_DIRECT_NDD_STABILITY,CASK,stability,1536
C_DIRECT_NDD_STABILITY,CBL,stability,850
C_DIRECT_NDD_STABILITY,CHD3,stability,989
C_DIRECT_NDD_STABILITY,CHD4,stability,2982
C_DIRECT_NDD_STABILITY,CHD5,stability,2776
C_DIRECT_NDD_STABILITY,CHD7,stability,693
C_DIRECT_NDD_STABILITY,CNKSR2,stability,1157
C_DIRECT_NDD_STABILITY,CSDE1,stability,3690
C_DIRECT_NDD_STABILITY,CUX1,stability,3823
C_DIRECT_NDD_STABILITY,CUX2,stability,2942
C_DIRECT_NDD_STABILITY,DBT,stability,734
C_DIRECT_NDD_STABILITY,DDHD2,stability,1068
C_DIRECT_NDD_STABILITY,DLG3,stability,3315
C_DIRECT_NDD_STABILITY,DLG4,stability,5128
C_DIRECT_NDD_STABILITY,DVL3,stability,1500
C_DIRECT_NDD_STABILITY,EP300,stability,1576
C_DIRECT_NDD_STABILITY,ERI1,stability,948
C_DIRECT_NDD_STABILITY,FANCL,stability,811
C_DIRECT_NDD_STABILITY,FBXO11,stability,867
C_DIRECT_NDD_STABILITY,FBXO22,stability,747
C_DIRECT_NDD_STABILITY,FLNB,stability,4590
C_DIRECT_NDD_STABILITY,FMR1,stability,1212
C_DIRECT_NDD_STABILITY,FRMPD4,stability,1451
C_DIRECT_NDD_STABILITY,GATAD2B,stability,713
C_DIRECT_NDD_STABILITY,GLI2,stability,475
C_DIRECT_NDD_STABILITY,GLIS3,stability,888
C_DIRECT_NDD_STABILITY,HECW2,stability,782
C_DIRECT_NDD_STABILITY,HERC2,stability,1330
C_DIRECT_NDD_STABILITY,HESX1,stability,1021
C_DIRECT_NDD_STABILITY,HNRNPK,stability,1406
C_DIRECT_NDD_STABILITY,HNRNPU,stability,718
C_DIRECT_NDD_STABILITY,HUWE1,stability,774
C_DIRECT_NDD_STABILITY,ITCH,stability,1962
C_DIRECT_NDD_STABILITY,ITSN1,stability,4176
C_DIRECT_NDD_STABILITY,KDM1A,stability,1484
C_DIRECT_NDD_STABILITY,KDM2B,stability,1227
C_DIRECT_NDD_STABILITY,KDM5C,stability,947
C_DIRECT_NDD_STABILITY,KMT2A,stability,883
C_DIRECT_NDD_STABILITY,MECP2,stability,1364
C_DIRECT_NDD_STABILITY,MID1,stability,780
C_DIRECT_NDD_STABILITY,NEDD4L,stability,2538
C_DIRECT_NDD_STABILITY,NPHP1,stability,1126
C_DIRECT_NDD_STABILITY,NR2F1,stability,1437
C_DIRECT_NDD_STABILITY,NR4A2,stability,981
C_DIRECT_NDD_STABILITY,OTUD7A,stability,635
C_DIRECT_NDD_STABILITY,OTX2,stability,1040
C_DIRECT_NDD_STABILITY,PAX6,stability,1034
C_DIRECT_NDD_STABILITY,PDHX,stability,884
C_DIRECT_NDD_STABILITY,POU1F1,stability,1212
C_DIRECT_NDD_STABILITY,POU3F2,stability,2485
C_DIRECT_NDD_STABILITY,POU3F3,stability,2028
C_DIRECT_NDD_STABILITY,RAF1,stability,1250
C_DIRECT_NDD_STABILITY,RANBP2,stability,931
C_DIRECT_NDD_STABILITY,RARB,stability,1451
C_DIRECT_NDD_STABILITY,RBM10,stability,964
C_DIRECT_NDD_STABILITY,RERE,stability,756
C_DIRECT_NDD_STABILITY,RNF113A,stability,475
C_DIRECT_NDD_STABILITY,SALL1,stability,386
C_DIRECT_NDD_STABILITY,SAMD9,stability,1124
C_DIRECT_NDD_STABILITY,SATB1,stability,3741
C_DIRECT_NDD_STABILITY,SATB2,stability,2757
C_DIRECT_NDD_STABILITY,SETD2,stability,899
C_DIRECT_NDD_STABILITY,SIX3,stability,947
C_DIRECT_NDD_STABILITY,SMARCA4,stability,605
C_DIRECT_NDD_STABILITY,SMARCB1,stability,937
C_DIRECT_NDD_STABILITY,SMARCC2,stability,766
C_DIRECT_NDD_STABILITY,SMARCE1,stability,1216
C_DIRECT_NDD_STABILITY,SOX11,stability,1238
C_DIRECT_NDD_STABILITY,SOX2,stability,1232
C_DIRECT_NDD_STABILITY,SOX3,stability,1120
C_DIRECT_NDD_STABILITY,SOX4,stability,1207
C_DIRECT_NDD_STABILITY,SOX5,stability,1158
C_DIRECT_NDD_STABILITY,SOX6,stability,1251
C_DIRECT_NDD_STABILITY,SPTAN1,stability,1102
C_DIRECT_NDD_STABILITY,SUOX,stability,1291
C_DIRECT_NDD_STABILITY,TFG,stability,1596
C_DIRECT_NDD_STABILITY,TIAM1,stability,1485
C_DIRECT_NDD_STABILITY,TOE1,stability,436
C_DIRECT_NDD_STABILITY,TP63,stability,1244
C_DIRECT_NDD_STABILITY,TP73,stability,1160
C_DIRECT_NDD_STABILITY,TRIM71,stability,792
C_DIRECT_NDD_STABILITY,UBE3A,stability,1030
C_DIRECT_NDD_STABILITY,UBR5,stability,1094
C_DIRECT_NDD_STABILITY,UBTF,stability,1168
C_DIRECT_NDD_STABILITY,UFM1,stability,1194
C_DIRECT_NDD_STABILITY,VCP,stability,1503
C_DIRECT_NDD_STABILITY,WBP4,stability,622
C_DIRECT_NDD_STABILITY,YAP1,stability,2651
C_DIRECT_NDD_STABILITY,YY1,stability,455
C_DIRECT_NDD_STABILITY,ZBTB20,stability,1233
C_DIRECT_NDD_STABILITY,ZBTB24,stability,781
C_DIRECT_NDD_STABILITY,ZFHX3,stability,3126
C_DIRECT_NDD_STABILITY,ZFHX4,stability,3104
C_DIRECT_NDD_STABILITY,ZIC2,stability,853
C_DIRECT_NDD_STABILITY,ZMYM2,stability,760
C_DIRECT_NDD_STABILITY,ZMYM3,stability,2888
C_DIRECT_NDD_STABILITY,ZNF148,stability,411
C_DIRECT_NDD_STABILITY,ZNF292,stability,452
C_DIRECT_NDD_STABILITY,ZNF711,stability,418
D_NDD_FAMILY_TEACHER,ADRB2,activity,7800
D_NDD_FAMILY_TEACHER,CALM1,fitness,1813
D_NDD_FAMILY_TEACHER,EPHB2,stability,1239
D_NDD_FAMILY_TEACHER,HECTD1,stability,2498
D_NDD_FAMILY_TEACHER,KCNE1,abundance,2339
D_NDD_FAMILY_TEACHER,KCNE1,activity,2315
D_NDD_FAMILY_TEACHER,KCNH2,activity,200
D_NDD_FAMILY_TEACHER,KCNJ2,abundance,6917
D_NDD_FAMILY_TEACHER,KCNJ2,activity,6963
D_NDD_FAMILY_TEACHER,MET,activity,5393
D_NDD_FAMILY_TEACHER,SCN5A,fitness,224
D_NDD_FAMILY_TEACHER,SLC22A1,abundance,9803
D_NDD_FAMILY_TEACHER,SLC22A1,activity,10094
D_NDD_FAMILY_TEACHER,SLC6A4,activity,11576
D_NDD_FAMILY_TEACHER,SRC,activity,7009
D_NDD_FAMILY_TEACHER,SRC,fitness,3366
D_NDD_FAMILY_TEACHER,SRC,stability,963
D_NDD_FAMILY_TEACHER,UBE4B,activity,899
D_NDD_FAMILY_TEACHER,UBE4B,stability,2324
E_GENERIC_HUMAN_DMS,ABL1,stability,1036
E_GENERIC_HUMAN_DMS,ABLIM3,stability,2144
E_GENERIC_HUMAN_DMS,ACE2,binding,2223
E_GENERIC_HUMAN_DMS,AICDA,activity,209
E_GENERIC_HUMAN_DMS,ALX4,stability,1031
E_GENERIC_HUMAN_DMS,ANK1,stability,1428
E_GENERIC_HUMAN_DMS,ANKS1B,stability,1143
E_GENERIC_HUMAN_DMS,ANKS6,stability,1163
E_GENERIC_HUMAN_DMS,APP,stability,796
E_GENERIC_HUMAN_DMS,AR,stability,1022
E_GENERIC_HUMAN_DMS,ARAF,stability,1154
E_GENERIC_HUMAN_DMS,ARHGEF28,stability,949
E_GENERIC_HUMAN_DMS,ARK2C,stability,787
E_GENERIC_HUMAN_DMS,ASB14,stability,689
E_GENERIC_HUMAN_DMS,ASZ1,stability,1144
E_GENERIC_HUMAN_DMS,ATXN7,stability,1134
E_GENERIC_HUMAN_DMS,AVIL,stability,621
E_GENERIC_HUMAN_DMS,BAG3,stability,884
E_GENERIC_HUMAN_DMS,BAG5,stability,1113
E_GENERIC_HUMAN_DMS,BCL2L11,binding,170
E_GENERIC_HUMAN_DMS,BLK,stability,1090
E_GENERIC_HUMAN_DMS,BRCA1,fitness,1837
E_GENERIC_HUMAN_DMS,BRCA2,fitness,265
E_GENERIC_HUMAN_DMS,BTK,stability,1107
E_GENERIC_HUMAN_DMS,CABP2,stability,1104
E_GENERIC_HUMAN_DMS,CALML4,stability,2317
E_GENERIC_HUMAN_DMS,CARD11,fitness,4769
E_GENERIC_HUMAN_DMS,CASP3,activity,1567
E_GENERIC_HUMAN_DMS,CASP7,activity,1680
E_GENERIC_HUMAN_DMS,CBX4,stability,917
E_GENERIC_HUMAN_DMS,CBX5,stability,917
E_GENERIC_HUMAN_DMS,CCAR1,stability,944
E_GENERIC_HUMAN_DMS,CCNF,stability,995
E_GENERIC_HUMAN_DMS,CCR5,abundance,6639
E_GENERIC_HUMAN_DMS,CCR5,binding,12769
E_GENERIC_HUMAN_DMS,CD19,binding,3761
E_GENERIC_HUMAN_DMS,CD2AP,stability,3225
E_GENERIC_HUMAN_DMS,CIDEB,stability,1205
E_GENERIC_HUMAN_DMS,CKS1B,stability,1481
E_GENERIC_HUMAN_DMS,CPA2,stability,1357
E_GENERIC_HUMAN_DMS,CPEB2,stability,1183
E_GENERIC_HUMAN_DMS,CRX,stability,1008
E_GENERIC_HUMAN_DMS,CRYBA1,stability,1666
E_GENERIC_HUMAN_DMS,CRYBA4,stability,1362
E_GENERIC_HUMAN_DMS,CRYBB1,stability,1603
E_GENERIC_HUMAN_DMS,CRYBB2,stability,1309
E_GENERIC_HUMAN_DMS,CRYBG2,stability,1439
E_GENERIC_HUMAN_DMS,CRYGA,stability,1679
E_GENERIC_HUMAN_DMS,CRYGB,stability,2446
E_GENERIC_HUMAN_DMS,CRYGC,stability,2605
E_GENERIC_HUMAN_DMS,CRYGD,stability,1454
E_GENERIC_HUMAN_DMS,CRYGS,stability,1402
E_GENERIC_HUMAN_DMS,CUL9,stability,2047
E_GENERIC_HUMAN_DMS,CXCR4,abundance,6645
E_GENERIC_HUMAN_DMS,CXCR4,binding,6645
E_GENERIC_HUMAN_DMS,CYP2C9,abundance,6370
E_GENERIC_HUMAN_DMS,CYP2C9,binding,6142
E_GENERIC_HUMAN_DMS,DIDO1,stability,1093
E_GENERIC_HUMAN_DMS,DMBX1,stability,1002
E_GENERIC_HUMAN_DMS,DMTF1,stability,749
E_GENERIC_HUMAN_DMS,DNAJA1,stability,1216
E_GENERIC_HUMAN_DMS,DNAJB1,stability,1131
E_GENERIC_HUMAN_DMS,DNAJB11,stability,1061
E_GENERIC_HUMAN_DMS,DNAJB5,stability,1117
E_GENERIC_HUMAN_DMS,DNAJB7,stability,1155
E_GENERIC_HUMAN_DMS,DNAJC1,stability,931
E_GENERIC_HUMAN_DMS,DNAJC2,stability,921
E_GENERIC_HUMAN_DMS,DNAJC21,stability,474
E_GENERIC_HUMAN_DMS,DNAJC5,stability,1111
E_GENERIC_HUMAN_DMS,DNAJC7,stability,1261
E_GENERIC_HUMAN_DMS,DNMBP,stability,4359
E_GENERIC_HUMAN_DMS,DPH3,stability,998
E_GENERIC_HUMAN_DMS,DTNA,stability,1119
E_GENERIC_HUMAN_DMS,DVL1,stability,2612
E_GENERIC_HUMAN_DMS,ELF3,stability,1453
E_GENERIC_HUMAN_DMS,ELF5,stability,1427
E_GENERIC_HUMAN_DMS,ELOF1,stability,1413
E_GENERIC_HUMAN_DMS,EPRS1,stability,948
E_GENERIC_HUMAN_DMS,EPS8,stability,2091
E_GENERIC_HUMAN_DMS,ERBB2,abundance,326
E_GENERIC_HUMAN_DMS,ERBIN,stability,1696
E_GENERIC_HUMAN_DMS,ERG,stability,1527
E_GENERIC_HUMAN_DMS,ESRRB,stability,1452
E_GENERIC_HUMAN_DMS,ETS1,stability,1479
E_GENERIC_HUMAN_DMS,FADD,stability,1632
E_GENERIC_HUMAN_DMS,FCHSD1,stability,1173
E_GENERIC_HUMAN_DMS,FEZF1,stability,413
E_GENERIC_HUMAN_DMS,FHL1,stability,2124
E_GENERIC_HUMAN_DMS,FHL2,stability,1124
E_GENERIC_HUMAN_DMS,FKBP3,stability,1237
E_GENERIC_HUMAN_DMS,FLI1,stability,1376
E_GENERIC_HUMAN_DMS,FNBP4,stability,1884
E_GENERIC_HUMAN_DMS,FUBP1,stability,2747
E_GENERIC_HUMAN_DMS,FUBP3,stability,1443
E_GENERIC_HUMAN_DMS,FYN,stability,1142
E_GENERIC_HUMAN_DMS,G6PD,abundance,9676
E_GENERIC_HUMAN_DMS,G6PD,fitness,8227
E_GENERIC_HUMAN_DMS,GABPA,stability,1463
E_GENERIC_HUMAN_DMS,GAS2L1,stability,1241
E_GENERIC_HUMAN_DMS,GCK,abundance,8396
E_GENERIC_HUMAN_DMS,GCK,fitness,8570
E_GENERIC_HUMAN_DMS,GFI1,stability,853
E_GENERIC_HUMAN_DMS,GFI1B,stability,417
E_GENERIC_HUMAN_DMS,GLI1,stability,473
E_GENERIC_HUMAN_DMS,GLI3,stability,473
E_GENERIC_HUMAN_DMS,GRB2,fitness,1034
E_GENERIC_HUMAN_DMS,GRB2,stability,1053
E_GENERIC_HUMAN_DMS,GRIP1,stability,1290
E_GENERIC_HUMAN_DMS,GRLF1,stability,1179
E_GENERIC_HUMAN_DMS,GSC,stability,1006
E_GENERIC_HUMAN_DMS,GSX2,stability,1028
E_GENERIC_HUMAN_DMS,GTF2F2,stability,1165
E_GENERIC_HUMAN_DMS,GYPA,abundance,245
E_GENERIC_HUMAN_DMS,H1-6,stability,1207
E_GENERIC_HUMAN_DMS,HARS1,stability,700
E_GENERIC_HUMAN_DMS,HCK,stability,971
E_GENERIC_HUMAN_DMS,HLA-A,abundance,3344
E_GENERIC_HUMAN_DMS,HLA-A,binding,3344
E_GENERIC_HUMAN_DMS,HMBS,activity,5689
E_GENERIC_HUMAN_DMS,HMG20A,stability,1075
E_GENERIC_HUMAN_DMS,HMGCR,fitness,16853
E_GENERIC_HUMAN_DMS,HNRNPUL1,stability,755
E_GENERIC_HUMAN_DMS,HNRNPUL2,stability,726
E_GENERIC_HUMAN_DMS,HOXB1,stability,999
E_GENERIC_HUMAN_DMS,ILF3,stability,1329
E_GENERIC_HUMAN_DMS,INSR,abundance,14189
E_GENERIC_HUMAN_DMS,INSR,binding,14063
E_GENERIC_HUMAN_DMS,INTS12,stability,1121
E_GENERIC_HUMAN_DMS,ITK,stability,1120
E_GENERIC_HUMAN_DMS,ITSN2,stability,1035
E_GENERIC_HUMAN_DMS,KANSL2,stability,1122
E_GENERIC_HUMAN_DMS,KCMF1,stability,1093
E_GENERIC_HUMAN_DMS,KDM1B,stability,944
E_GENERIC_HUMAN_DMS,KHSRP,stability,1387
E_GENERIC_HUMAN_DMS,KIF16B,stability,1064
E_GENERIC_HUMAN_DMS,KLF11,stability,449
E_GENERIC_HUMAN_DMS,LATS1,stability,793
E_GENERIC_HUMAN_DMS,LCK,stability,1075
E_GENERIC_HUMAN_DMS,LCOR,stability,784
E_GENERIC_HUMAN_DMS,LCP1,stability,1537
E_GENERIC_HUMAN_DMS,LDB3,stability,1565
E_GENERIC_HUMAN_DMS,LDLR,abundance,15011
E_GENERIC_HUMAN_DMS,LDLR,activity,15507
E_GENERIC_HUMAN_DMS,LIMS2,stability,1096
E_GENERIC_HUMAN_DMS,LSM14A,stability,1296
E_GENERIC_HUMAN_DMS,MAEL,stability,906
E_GENERIC_HUMAN_DMS,MAGI1,stability,1781
E_GENERIC_HUMAN_DMS,MAGI2,stability,5259
E_GENERIC_HUMAN_DMS,MAGI3,stability,747
E_GENERIC_HUMAN_DMS,MAMSTR,stability,568
E_GENERIC_HUMAN_DMS,MAP2K5,stability,1788
E_GENERIC_HUMAN_DMS,MAP3K20,stability,1479
E_GENERIC_HUMAN_DMS,MCM10,stability,752
E_GENERIC_HUMAN_DMS,MDM2,stability,306
E_GENERIC_HUMAN_DMS,MDM4,stability,579
E_GENERIC_HUMAN_DMS,MEX3C,stability,1233
E_GENERIC_HUMAN_DMS,MEX3D,stability,1260
E_GENERIC_HUMAN_DMS,MIB1,stability,1046
E_GENERIC_HUMAN_DMS,MID2,stability,796
E_GENERIC_HUMAN_DMS,MIS18BP1,stability,915
E_GENERIC_HUMAN_DMS,MKRN1,stability,415
E_GENERIC_HUMAN_DMS,MKRN2,stability,325
E_GENERIC_HUMAN_DMS,MPDZ,stability,6725
E_GENERIC_HUMAN_DMS,MPL,abundance,929
E_GENERIC_HUMAN_DMS,MPL,activity,929
E_GENERIC_HUMAN_DMS,MPL,fitness,562
E_GENERIC_HUMAN_DMS,MPP3,stability,1512
E_GENERIC_HUMAN_DMS,MRTFA,stability,718
E_GENERIC_HUMAN_DMS,MSH2,fitness,16749
E_GENERIC_HUMAN_DMS,MSX1,stability,1023
E_GENERIC_HUMAN_DMS,MSX2,stability,1040
E_GENERIC_HUMAN_DMS,MTA3,stability,869
E_GENERIC_HUMAN_DMS,MXD1,stability,938
E_GENERIC_HUMAN_DMS,MXI1,stability,939
E_GENERIC_HUMAN_DMS,MYB,stability,1838
E_GENERIC_HUMAN_DMS,MYO1E,stability,1006
E_GENERIC_HUMAN_DMS,MYOCD,stability,774
E_GENERIC_HUMAN_DMS,MYSM1,stability,806
E_GENERIC_HUMAN_DMS,NANOS2,stability,959
E_GENERIC_HUMAN_DMS,NCF1,stability,1239
E_GENERIC_HUMAN_DMS,NCF2,stability,3431
E_GENERIC_HUMAN_DMS,NCOR2,stability,1021
E_GENERIC_HUMAN_DMS,NEB,stability,974
E_GENERIC_HUMAN_DMS,NEDD4,stability,852
E_GENERIC_HUMAN_DMS,NEIL3,stability,550
E_GENERIC_HUMAN_DMS,NKX3-1,stability,1149
E_GENERIC_HUMAN_DMS,NR1D2,stability,1063
E_GENERIC_HUMAN_DMS,NR3C1,stability,1410
E_GENERIC_HUMAN_DMS,NR3C2,stability,1321
E_GENERIC_HUMAN_DMS,NUDT15,abundance,5766
E_GENERIC_HUMAN_DMS,NUDT15,activity,2934
E_GENERIC_HUMAN_DMS,OBSCN,stability,1213
E_GENERIC_HUMAN_DMS,OVOL2,stability,437
E_GENERIC_HUMAN_DMS,PACSIN1,stability,1077
E_GENERIC_HUMAN_DMS,PACSIN2,stability,1090
E_GENERIC_HUMAN_DMS,PACSIN3,stability,1071
E_GENERIC_HUMAN_DMS,PARD3,stability,1650
E_GENERIC_HUMAN_DMS,PARD3B,stability,1626
E_GENERIC_HUMAN_DMS,PAX7,stability,1039
E_GENERIC_HUMAN_DMS,PBRM1,stability,1163
E_GENERIC_HUMAN_DMS,PCBP1,stability,1360
E_GENERIC_HUMAN_DMS,PCLO,stability,1009
E_GENERIC_HUMAN_DMS,PDLIM2,stability,1047
E_GENERIC_HUMAN_DMS,PDZRN3,stability,3247
E_GENERIC_HUMAN_DMS,PHOX2A,stability,1024
E_GENERIC_HUMAN_DMS,PIN1,stability,1370
E_GENERIC_HUMAN_DMS,PITX2,stability,938
E_GENERIC_HUMAN_DMS,PKN1,stability,2421
E_GENERIC_HUMAN_DMS,PLCG2,stability,916
E_GENERIC_HUMAN_DMS,PMS1,stability,903
E_GENERIC_HUMAN_DMS,POU2F1,stability,1234
E_GENERIC_HUMAN_DMS,POU2F2,stability,1271
E_GENERIC_HUMAN_DMS,POU2F3,stability,790
E_GENERIC_HUMAN_DMS,POU3F1,stability,1445
E_GENERIC_HUMAN_DMS,POU3F4,stability,1029
E_GENERIC_HUMAN_DMS,POU4F1,stability,1509
E_GENERIC_HUMAN_DMS,POU4F2,stability,1265
E_GENERIC_HUMAN_DMS,POU4F3,stability,1042
E_GENERIC_HUMAN_DMS,POU5F1,stability,1298
E_GENERIC_HUMAN_DMS,POU6F1,stability,1709
E_GENERIC_HUMAN_DMS,POU6F2,stability,991
E_GENERIC_HUMAN_DMS,PPARD,stability,1395
E_GENERIC_HUMAN_DMS,PPARG,activity,9576
E_GENERIC_HUMAN_DMS,PPP1R9A,stability,1190
E_GENERIC_HUMAN_DMS,PRDM15,stability,416
E_GENERIC_HUMAN_DMS,PRDM16,stability,389
E_GENERIC_HUMAN_DMS,PRDM5,stability,437
E_GENERIC_HUMAN_DMS,PRDM8,stability,398
E_GENERIC_HUMAN_DMS,PRKCD,stability,1029
E_GENERIC_HUMAN_DMS,PRKN,abundance,17512
E_GENERIC_HUMAN_DMS,PRKN,activity,8750
E_GENERIC_HUMAN_DMS,PROP1,stability,1037
E_GENERIC_HUMAN_DMS,PRPF3,stability,1211
E_GENERIC_HUMAN_DMS,PRPF40A,stability,5997
E_GENERIC_HUMAN_DMS,PRPF40B,stability,1095
E_GENERIC_HUMAN_DMS,PRRX1,stability,1037
E_GENERIC_HUMAN_DMS,PSTPIP1,stability,1028
E_GENERIC_HUMAN_DMS,PYCARD,stability,1460
E_GENERIC_HUMAN_DMS,RAD23A,stability,798
E_GENERIC_HUMAN_DMS,RAD23B,stability,1482
E_GENERIC_HUMAN_DMS,RAG2,stability,1235
E_GENERIC_HUMAN_DMS,RALBP1,stability,975
E_GENERIC_HUMAN_DMS,RASA1,stability,1158
E_GENERIC_HUMAN_DMS,RASA4,stability,501
E_GENERIC_HUMAN_DMS,RASGRP1,stability,1030
E_GENERIC_HUMAN_DMS,RBCK1,stability,752
E_GENERIC_HUMAN_DMS,RCOR1,stability,1067
E_GENERIC_HUMAN_DMS,RCOR3,stability,772
E_GENERIC_HUMAN_DMS,RFC1,stability,1286
E_GENERIC_HUMAN_DMS,RHO,abundance,165
E_GENERIC_HUMAN_DMS,RIPK2,stability,1347
E_GENERIC_HUMAN_DMS,RNF126,stability,504
E_GENERIC_HUMAN_DMS,RNF32,stability,327
E_GENERIC_HUMAN_DMS,RNF7,stability,1059
E_GENERIC_HUMAN_DMS,RPL35,stability,1024
E_GENERIC_HUMAN_DMS,RSL24D1,stability,1068
E_GENERIC_HUMAN_DMS,RUFY1,stability,1076
E_GENERIC_HUMAN_DMS,RXRA,stability,1223
E_GENERIC_HUMAN_DMS,SAFB,stability,1027
E_GENERIC_HUMAN_DMS,SAFB2,stability,761
E_GENERIC_HUMAN_DMS,SALL4,stability,1195
E_GENERIC_HUMAN_DMS,SARNP,stability,771
E_GENERIC_HUMAN_DMS,SASH1,stability,1321
E_GENERIC_HUMAN_DMS,SCRIB,stability,1779
E_GENERIC_HUMAN_DMS,SELL,abundance,359
E_GENERIC_HUMAN_DMS,SERPINE1,activity,5345
E_GENERIC_HUMAN_DMS,SH3D19,stability,986
E_GENERIC_HUMAN_DMS,SH3PXD2B,stability,2102
E_GENERIC_HUMAN_DMS,SHOX,stability,1021
E_GENERIC_HUMAN_DMS,SHROOM4,stability,1588
E_GENERIC_HUMAN_DMS,SIX1,stability,914
E_GENERIC_HUMAN_DMS,SIX2,stability,934
E_GENERIC_HUMAN_DMS,SIX6,stability,946
E_GENERIC_HUMAN_DMS,SLTM,stability,888
E_GENERIC_HUMAN_DMS,SMARCC1,stability,779
E_GENERIC_HUMAN_DMS,SMURF2,stability,903
E_GENERIC_HUMAN_DMS,SNCA,fitness,2497
E_GENERIC_HUMAN_DMS,SNTA1,stability,1312
E_GENERIC_HUMAN_DMS,SORBS1,stability,1211
E_GENERIC_HUMAN_DMS,SOX17,stability,1186
E_GENERIC_HUMAN_DMS,SOX18,stability,1192
E_GENERIC_HUMAN_DMS,SOX30,stability,2175
E_GENERIC_HUMAN_DMS,SOX8,stability,1230
E_GENERIC_HUMAN_DMS,SP7,stability,456
E_GENERIC_HUMAN_DMS,SPTA1,stability,891
E_GENERIC_HUMAN_DMS,SQSTM1,stability,1957
E_GENERIC_HUMAN_DMS,SRGAP1,stability,1019
E_GENERIC_HUMAN_DMS,SRGAP3,stability,1037
E_GENERIC_HUMAN_DMS,SRY,stability,1116
E_GENERIC_HUMAN_DMS,STAU1,stability,1214
E_GENERIC_HUMAN_DMS,STOX1,stability,1426
E_GENERIC_HUMAN_DMS,STOX2,stability,1457
E_GENERIC_HUMAN_DMS,STXBP4,stability,872
E_GENERIC_HUMAN_DMS,SUMO1,fitness,1700
E_GENERIC_HUMAN_DMS,TAB3,stability,644
E_GENERIC_HUMAN_DMS,TADA2A,stability,1163
E_GENERIC_HUMAN_DMS,TARDBP,fitness,1196
E_GENERIC_HUMAN_DMS,TARDBP,stability,1283
E_GENERIC_HUMAN_DMS,TAX1BP1,stability,494
E_GENERIC_HUMAN_DMS,TCEANC,stability,865
E_GENERIC_HUMAN_DMS,TCERG1,stability,5452
E_GENERIC_HUMAN_DMS,TCERG1L,stability,972
E_GENERIC_HUMAN_DMS,TDRD3,stability,1065
E_GENERIC_HUMAN_DMS,TERF2,stability,990
E_GENERIC_HUMAN_DMS,TESMIN,stability,624
E_GENERIC_HUMAN_DMS,TJP2,stability,3600
E_GENERIC_HUMAN_DMS,TNKS2,stability,1118
E_GENERIC_HUMAN_DMS,TNNC2,stability,1544
E_GENERIC_HUMAN_DMS,TOP3A,stability,865
E_GENERIC_HUMAN_DMS,TOX3,stability,1238
E_GENERIC_HUMAN_DMS,TP53,fitness,23449
E_GENERIC_HUMAN_DMS,TPK1,fitness,3181
E_GENERIC_HUMAN_DMS,TPMT,abundance,3648
E_GENERIC_HUMAN_DMS,TRIM26,stability,760
E_GENERIC_HUMAN_DMS,TRIM28,stability,939
E_GENERIC_HUMAN_DMS,TRIM3,stability,799
E_GENERIC_HUMAN_DMS,TRIM36,stability,808
E_GENERIC_HUMAN_DMS,TRIM44,stability,846
E_GENERIC_HUMAN_DMS,TRIM49C,stability,884
E_GENERIC_HUMAN_DMS,TRIM6,stability,642
E_GENERIC_HUMAN_DMS,TRMT13,stability,439
E_GENERIC_HUMAN_DMS,TTC3,stability,736
E_GENERIC_HUMAN_DMS,TYK2,abundance,22516
E_GENERIC_HUMAN_DMS,TYK2,activity,22536
E_GENERIC_HUMAN_DMS,UBE2I,fitness,2563
E_GENERIC_HUMAN_DMS,UBE2K,stability,744
E_GENERIC_HUMAN_DMS,UBQLN3,stability,791
E_GENERIC_HUMAN_DMS,UBXN2B,stability,1267
E_GENERIC_HUMAN_DMS,USH1C,stability,1255
E_GENERIC_HUMAN_DMS,VAV1,stability,2377
E_GENERIC_HUMAN_DMS,VAX1,stability,1032
E_GENERIC_HUMAN_DMS,VIL1,stability,632
E_GENERIC_HUMAN_DMS,VKORC1,abundance,2695
E_GENERIC_HUMAN_DMS,VKORC1,activity,697
E_GENERIC_HUMAN_DMS,WNK1,stability,1599
E_GENERIC_HUMAN_DMS,WSB2,stability,599
E_GENERIC_HUMAN_DMS,WWP1,stability,895
E_GENERIC_HUMAN_DMS,WWP2,stability,1013
E_GENERIC_HUMAN_DMS,WWTR1,stability,861
E_GENERIC_HUMAN_DMS,XRCC6,stability,935
E_GENERIC_HUMAN_DMS,YBX1,stability,1729
E_GENERIC_HUMAN_DMS,YBX2,stability,1091
E_GENERIC_HUMAN_DMS,YBX3,stability,1633
E_GENERIC_HUMAN_DMS,ZC3H10,stability,418
E_GENERIC_HUMAN_DMS,ZC3H15,stability,397
E_GENERIC_HUMAN_DMS,ZC3H7A,stability,398
E_GENERIC_HUMAN_DMS,ZEB1,stability,381
E_GENERIC_HUMAN_DMS,ZFC3H1,stability,358
E_GENERIC_HUMAN_DMS,ZFHX2,stability,988
E_GENERIC_HUMAN_DMS,ZFP30,stability,417
E_GENERIC_HUMAN_DMS,ZFP36,stability,472
E_GENERIC_HUMAN_DMS,ZFP36L2,stability,446
E_GENERIC_HUMAN_DMS,ZFP57,stability,418
E_GENERIC_HUMAN_DMS,ZFYVE16,stability,1122
E_GENERIC_HUMAN_DMS,ZHX1,stability,944
E_GENERIC_HUMAN_DMS,ZIC3,stability,418
E_GENERIC_HUMAN_DMS,ZMAT3,stability,493
E_GENERIC_HUMAN_DMS,ZMYM5,stability,678
E_GENERIC_HUMAN_DMS,ZMYM6,stability,1259
E_GENERIC_HUMAN_DMS,ZNF408,stability,387
E_GENERIC_HUMAN_DMS,ZNF81,stability,812
E_GENERIC_HUMAN_DMS,ZRANB2,stability,944
E_GENERIC_HUMAN_DMS,ZYX,stability,1239
E_GENERIC_HUMAN_DMS,ZZZ3,stability,1069
