source,assay_id,source_rows,single_finite_rows,already_in_v3,excluded_non_single_or_nonfinite,added_rows,non_missense_rows,missense_missing_score
ProteinGym_v1.3,A4_HUMAN_Seuma_2022,14811,796,0,14015,796,,
ProteinGym_v1.3,ACE2_HUMAN_Chan_2020,2223,2223,0,0,2223,,
ProteinGym_v1.3,ADRB2_HUMAN_Jones_2020,7800,7800,0,0,7800,,
ProteinGym_v1.3,AICDA_HUMAN_Gajula_2014_3cycles,209,209,0,0,209,,
ProteinGym_v1.3,AMFR_HUMAN_Tsuboyama_2023_4G3O,2972,820,0,2152,820,,
ProteinGym_v1.3,B2L11_HUMAN_Dutta_2010_binding-Mcl-1,170,170,0,0,170,,
ProteinGym_v1.3,BRCA1_HUMAN_Findlay_2018,1837,1837,0,0,1837,,
ProteinGym_v1.3,BRCA2_HUMAN_Erwood_2022_HEK293T,265,265,0,0,265,,
ProteinGym_v1.3,CALM1_HUMAN_Weile_2017,1813,1813,0,0,1813,,
ProteinGym_v1.3,CAR11_HUMAN_Meitlis_2020_gof,2374,2374,0,0,2374,,
ProteinGym_v1.3,CAR11_HUMAN_Meitlis_2020_lof,2395,2395,0,0,2395,,
ProteinGym_v1.3,CASP3_HUMAN_Roychowdhury_2020,1567,1567,0,0,1567,,
ProteinGym_v1.3,CASP7_HUMAN_Roychowdhury_2020,1680,1680,0,0,1680,,
ProteinGym_v1.3,CBPA2_HUMAN_Tsuboyama_2023_1O6X,2068,1357,0,711,1357,,
ProteinGym_v1.3,CBS_HUMAN_Sun_2020,7217,7217,0,0,7217,,
ProteinGym_v1.3,CBX4_HUMAN_Tsuboyama_2023_2K28,2282,917,0,1365,917,,
ProteinGym_v1.3,CCR5_HUMAN_Gill_2023,6137,6137,0,0,6137,,
ProteinGym_v1.3,CD19_HUMAN_Klesmith_2019_FMC_singles,3761,3761,0,0,3761,,
ProteinGym_v1.3,CP2C9_HUMAN_Amorosi_2021_abundance,6370,6370,0,0,6370,,
ProteinGym_v1.3,CP2C9_HUMAN_Amorosi_2021_activity,6142,6142,0,0,6142,,
ProteinGym_v1.3,DLG4_HUMAN_Faure_2021,6976,1280,1280,5696,0,,
ProteinGym_v1.3,DNJA1_HUMAN_Tsuboyama_2023_2LO1,2264,1216,0,1048,1216,,
ProteinGym_v1.3,EPHB2_HUMAN_Tsuboyama_2023_1F0M,1960,1239,0,721,1239,,
ProteinGym_v1.3,ERBB2_HUMAN_Elazar_2016,326,326,0,0,326,,
ProteinGym_v1.3,FKBP3_HUMAN_Tsuboyama_2023_2KFV,1237,1237,0,0,1237,,
ProteinGym_v1.3,GDIA_HUMAN_Silverstein_2021,1154,1154,1154,0,0,,
ProteinGym_v1.3,GLPA_HUMAN_Elazar_2016,245,245,0,0,245,,
ProteinGym_v1.3,GRB2_HUMAN_Faure_2021,63366,1034,0,62332,1034,,
ProteinGym_v1.3,HECD1_HUMAN_Tsuboyama_2023_3DKM,5586,1244,0,4342,1244,,
ProteinGym_v1.3,HEM3_HUMAN_Loggerenberg_2023,5689,5689,0,0,5689,,
ProteinGym_v1.3,HMDH_HUMAN_Jiang_2019,16853,16853,0,0,16853,,
ProteinGym_v1.3,HXK4_HUMAN_Gersing_2022_activity,8570,8570,0,0,8570,,
ProteinGym_v1.3,HXK4_HUMAN_Gersing_2023_abundance,8396,8396,0,0,8396,,
ProteinGym_v1.3,ILF3_HUMAN_Tsuboyama_2023_2L33,1329,1329,0,0,1329,,
ProteinGym_v1.3,KCNE1_HUMAN_Muhammad_2023_expression,2339,2339,0,0,2339,,
ProteinGym_v1.3,KCNE1_HUMAN_Muhammad_2023_function,2315,2315,0,0,2315,,
ProteinGym_v1.3,KCNH2_HUMAN_Kozek_2020,200,200,0,0,200,,
ProteinGym_v1.3,KCNJ2_MOUSE_Coyote-Maestas_2022_function,6963,6963,0,0,6963,,
ProteinGym_v1.3,KCNJ2_MOUSE_Coyote-Maestas_2022_surface,6917,6917,0,0,6917,,
ProteinGym_v1.3,LYAM1_HUMAN_Elazar_2016,359,359,0,0,359,,
ProteinGym_v1.3,MET_HUMAN_Estevam_2023,5393,5393,0,0,5393,,
ProteinGym_v1.3,MK01_HUMAN_Brenan_2016,6809,6809,0,0,6809,,
ProteinGym_v1.3,MSH2_HUMAN_Jia_2020,16749,16749,0,0,16749,,
ProteinGym_v1.3,MTHR_HUMAN_Weile_2021,12464,12464,0,0,12464,,
ProteinGym_v1.3,NKX31_HUMAN_Tsuboyama_2023_2L9R,2482,1149,0,1333,1149,,
ProteinGym_v1.3,NPC1_HUMAN_Erwood_2022_HEK293T,637,637,0,0,637,,
ProteinGym_v1.3,NPC1_HUMAN_Erwood_2022_RPE1,63,63,0,0,63,,
ProteinGym_v1.3,NUD15_HUMAN_Suiter_2020,2844,2844,0,0,2844,,
ProteinGym_v1.3,OBSCN_HUMAN_Tsuboyama_2023_1V1C,3197,1213,0,1984,1213,,
ProteinGym_v1.3,OPSD_HUMAN_Wan_2019,165,165,0,0,165,,
ProteinGym_v1.3,OTC_HUMAN_Lo_2023,1570,1570,0,0,1570,,
ProteinGym_v1.3,OTU7A_HUMAN_Tsuboyama_2023_2L2D,635,635,0,0,635,,
ProteinGym_v1.3,P53_HUMAN_Giacomelli_2018_Null_Etoposide,7467,7467,0,0,7467,,
ProteinGym_v1.3,P53_HUMAN_Giacomelli_2018_Null_Nutlin,7467,7467,0,0,7467,,
ProteinGym_v1.3,P53_HUMAN_Giacomelli_2018_WT_Nutlin,7467,7467,0,0,7467,,
ProteinGym_v1.3,P53_HUMAN_Kotler_2018,1048,1048,0,0,1048,,
ProteinGym_v1.3,PAI1_HUMAN_Huttinger_2021,5345,5345,0,0,5345,,
ProteinGym_v1.3,PIN1_HUMAN_Tsuboyama_2023_1I6C,802,686,0,116,686,,
ProteinGym_v1.3,PITX2_HUMAN_Tsuboyama_2023_2L7M,1824,938,0,886,938,,
ProteinGym_v1.3,PKN1_HUMAN_Tsuboyama_2023_1URF,1301,1301,0,0,1301,,
ProteinGym_v1.3,PPARG_HUMAN_Majithia_2016,9576,9576,0,0,9576,,
ProteinGym_v1.3,PPM1D_HUMAN_Miller_2022,7889,7889,0,0,7889,,
ProteinGym_v1.3,PR40A_HUMAN_Tsuboyama_2023_1UZC,2033,1163,0,870,1163,,
ProteinGym_v1.3,PRKN_HUMAN_Clausen_2023,8756,8756,0,0,8756,,
ProteinGym_v1.3,PTEN_HUMAN_Matreyek_2021,5083,5083,0,0,5083,,
ProteinGym_v1.3,PTEN_HUMAN_Mighell_2018,7260,7260,0,0,7260,,
ProteinGym_v1.3,Q53Z42_HUMAN_McShan_2019_binding-TAPBPR,3344,3344,0,0,3344,,
ProteinGym_v1.3,Q53Z42_HUMAN_McShan_2019_expression,3344,3344,0,0,3344,,
ProteinGym_v1.3,RAF1_HUMAN_Zinkus-Boltz_2019,297,297,0,0,297,,
ProteinGym_v1.3,RASH_HUMAN_Bandaru_2017,3134,3134,3134,0,0,,
ProteinGym_v1.3,RASK_HUMAN_Weng_2022_abundance,26012,3066,0,22946,3066,,
ProteinGym_v1.3,RASK_HUMAN_Weng_2022_binding-DARPin_K55,24873,3084,0,21789,3084,,
ProteinGym_v1.3,RBP1_HUMAN_Tsuboyama_2023_2KWH,1332,975,0,357,975,,
ProteinGym_v1.3,RD23A_HUMAN_Tsuboyama_2023_1IFY,1019,798,0,221,798,,
ProteinGym_v1.3,S22A1_HUMAN_Yee_2023_abundance,9803,9803,0,0,9803,,
ProteinGym_v1.3,S22A1_HUMAN_Yee_2023_activity,10094,10094,0,0,10094,,
ProteinGym_v1.3,SC6A4_HUMAN_Young_2021,11576,11576,0,0,11576,,
ProteinGym_v1.3,SCN5A_HUMAN_Glazer_2019,224,224,0,0,224,,
ProteinGym_v1.3,SERC_HUMAN_Xie_2023,1914,1914,0,0,1914,,
ProteinGym_v1.3,SHOC2_HUMAN_Kwon_2022,10972,10972,10972,0,0,,
ProteinGym_v1.3,SOX30_HUMAN_Tsuboyama_2023_7JJK,1010,1010,0,0,1010,,
ProteinGym_v1.3,SRBS1_HUMAN_Tsuboyama_2023_2O2W,1556,1211,0,345,1211,,
ProteinGym_v1.3,SRC_HUMAN_Ahler_2019,3372,3372,0,0,3372,,
ProteinGym_v1.3,SRC_HUMAN_Chakraborty_2023_binding-DAS_25uM,3637,3637,0,0,3637,,
ProteinGym_v1.3,SRC_HUMAN_Nguyen_2022,3366,3366,0,0,3366,,
ProteinGym_v1.3,SUMO1_HUMAN_Weile_2017,1700,1700,0,0,1700,,
ProteinGym_v1.3,SYUA_HUMAN_Newberry_2020,2497,2497,0,0,2497,,
ProteinGym_v1.3,TADBP_HUMAN_Bolognesi_2019,1196,1196,0,0,1196,,
ProteinGym_v1.3,TNKS2_HUMAN_Tsuboyama_2023_5JRT,1479,1118,0,361,1118,,
ProteinGym_v1.3,TPK1_HUMAN_Weile_2017,3181,3181,3181,0,0,,
ProteinGym_v1.3,TPMT_HUMAN_Matreyek_2018,3648,3648,0,0,3648,,
ProteinGym_v1.3,TPOR_HUMAN_Bridgford_2020,562,562,0,0,562,,
ProteinGym_v1.3,UBC9_HUMAN_Weile_2017,2563,2563,0,0,2563,,
ProteinGym_v1.3,UBE4B_HUMAN_Tsuboyama_2023_3L1X,3622,1118,0,2504,1118,,
ProteinGym_v1.3,UBE4B_MOUSE_Starita_2013,899,899,0,0,899,,
ProteinGym_v1.3,UBR5_HUMAN_Tsuboyama_2023_1I2T,1453,1094,1094,359,0,,
ProteinGym_v1.3,VKOR1_HUMAN_Chiasson_2020_abundance,2695,2695,0,0,2695,,
ProteinGym_v1.3,VKOR1_HUMAN_Chiasson_2020_activity,697,697,0,0,697,,
ProteinGym_v1.3,YAP1_HUMAN_Araya_2012,10075,362,0,9713,362,,
MaveDB_Domainome1,urn:mavedb:00000676-a-1,1141,1036,0,105,1036,58.0,47.0
MaveDB_Domainome1,urn:mavedb:00000677-a-1,1161,1079,0,82,1079,59.0,23.0
MaveDB_Domainome1,urn:mavedb:00000678-a-1,1141,1065,0,76,1065,58.0,18.0
MaveDB_Domainome1,urn:mavedb:00000679-a-1,1221,1121,0,100,1121,62.0,38.0
MaveDB_Domainome1,urn:mavedb:00000680-a-1,1301,1199,0,102,1199,66.0,36.0
MaveDB_Domainome1,urn:mavedb:00000681-a-1,1261,1147,0,114,1147,64.0,50.0
MaveDB_Domainome1,urn:mavedb:00000682-a-1,821,736,0,85,736,42.0,43.0
MaveDB_Domainome1,urn:mavedb:00000683-a-1,1141,1036,0,105,1036,58.0,47.0
MaveDB_Domainome1,urn:mavedb:00000684-a-1,1121,1060,0,61,1060,57.0,4.0
MaveDB_Domainome1,urn:mavedb:00000685-a-1,1121,1014,0,107,1014,57.0,50.0
MaveDB_Domainome1,urn:mavedb:00000686-a-1,1121,1031,0,90,1031,57.0,33.0
MaveDB_Domainome1,urn:mavedb:00000687-a-1,1601,1428,0,173,1428,81.0,92.0
MaveDB_Domainome1,urn:mavedb:00000688-a-1,1601,1309,0,292,1309,81.0,211.0
MaveDB_Domainome1,urn:mavedb:00000689-a-1,1561,1413,0,148,1413,79.0,69.0
MaveDB_Domainome1,urn:mavedb:00000690-a-1,1241,1143,0,98,1143,63.0,35.0
MaveDB_Domainome1,urn:mavedb:00000691-a-1,1261,1163,0,98,1163,64.0,34.0
MaveDB_Domainome1,urn:mavedb:00000692-a-1,1381,1154,0,227,1154,70.0,157.0
MaveDB_Domainome1,urn:mavedb:00000693-a-1,1001,949,0,52,949,51.0,1.0
MaveDB_Domainome1,urn:mavedb:00000694-a-1,1601,1338,0,263,1338,81.0,182.0
MaveDB_Domainome1,urn:mavedb:00000695-a-1,861,787,0,74,787,44.0,30.0
MaveDB_Domainome1,urn:mavedb:00000696-a-1,1121,1058,0,63,1058,57.0,6.0
MaveDB_Domainome1,urn:mavedb:00000697-a-1,1521,1022,0,499,1022,77.0,422.0
MaveDB_Domainome1,urn:mavedb:00000698-a-1,821,689,0,132,689,42.0,90.0
MaveDB_Domainome1,urn:mavedb:00000699-a-1,381,320,0,61,320,20.0,41.0
MaveDB_Domainome1,urn:mavedb:00000700-a-1,1241,1144,0,97,1144,63.0,34.0
MaveDB_Domainome1,urn:mavedb:00000701-a-1,1221,1134,0,87,1134,62.0,25.0
MaveDB_Domainome1,urn:mavedb:00000702-a-1,701,621,0,80,621,36.0,44.0
MaveDB_Domainome1,urn:mavedb:00000703-a-1,981,884,0,97,884,50.0,47.0
MaveDB_Domainome1,urn:mavedb:00000704-a-1,1381,1113,0,268,1113,70.0,198.0
MaveDB_Domainome1,urn:mavedb:00000705-a-1,1121,1020,0,101,1020,57.0,44.0
MaveDB_Domainome1,urn:mavedb:00000706-a-1,1181,1090,0,91,1090,60.0,31.0
MaveDB_Domainome1,urn:mavedb:00000707-a-1,1141,1051,0,90,1051,58.0,32.0
MaveDB_Domainome1,urn:mavedb:00000708-a-1,1521,1437,0,84,1437,77.0,7.0
MaveDB_Domainome1,urn:mavedb:00000709-a-1,1341,1269,0,72,1269,68.0,4.0
MaveDB_Domainome1,urn:mavedb:00000710-a-1,1181,1107,0,74,1107,60.0,14.0
MaveDB_Domainome1,urn:mavedb:00000711-a-1,1301,1104,0,197,1104,66.0,131.0
MaveDB_Domainome1,urn:mavedb:00000712-a-1,1381,1223,0,158,1223,70.0,88.0
MaveDB_Domainome1,urn:mavedb:00000713-a-1,1521,1094,0,427,1094,77.0,350.0
MaveDB_Domainome1,urn:mavedb:00000714-a-1,541,392,0,149,392,28.0,121.0
MaveDB_Domainome1,urn:mavedb:00000715-a-1,1641,1536,0,105,1536,83.0,22.0
MaveDB_Domainome1,urn:mavedb:00000716-a-1,921,850,0,71,850,47.0,24.0
MaveDB_Domainome1,urn:mavedb:00000717-a-1,981,917,0,64,917,50.0,14.0
MaveDB_Domainome1,urn:mavedb:00000718-a-1,1001,944,0,57,944,51.0,6.0
MaveDB_Domainome1,urn:mavedb:00000719-a-1,1061,995,0,66,995,54.0,12.0
MaveDB_Domainome1,urn:mavedb:00000722-a-1,1181,991,0,190,991,60.0,130.0
MaveDB_Domainome1,urn:mavedb:00000720-a-1,1221,1153,0,68,1153,62.0,6.0
MaveDB_Domainome1,urn:mavedb:00000721-a-1,1221,1081,0,140,1081,62.0,78.0
MaveDB_Domainome1,urn:mavedb:00000723-a-1,1061,989,0,72,989,54.0,18.0
MaveDB_Domainome1,urn:mavedb:00000724-a-1,1061,996,0,65,996,54.0,11.0
MaveDB_Domainome1,urn:mavedb:00000725-a-1,1061,996,0,65,996,54.0,11.0
MaveDB_Domainome1,urn:mavedb:00000726-a-1,1061,990,0,71,990,54.0,17.0
MaveDB_Domainome1,urn:mavedb:00000727-a-1,1381,791,0,590,791,70.0,520.0
MaveDB_Domainome1,urn:mavedb:00000729-a-1,1061,994,0,67,994,54.0,13.0
MaveDB_Domainome1,urn:mavedb:00000728-a-1,1061,991,0,70,991,54.0,16.0
MaveDB_Domainome1,urn:mavedb:00000730-a-1,841,693,0,148,693,43.0,105.0
MaveDB_Domainome1,urn:mavedb:00000731-a-1,1481,1205,0,276,1205,75.0,201.0
MaveDB_Domainome1,urn:mavedb:00000733-a-1,1581,1481,0,100,1481,80.0,20.0
MaveDB_Domainome1,urn:mavedb:00000734-a-1,1261,1157,0,104,1157,64.0,40.0
MaveDB_Domainome1,urn:mavedb:00000735-a-1,1261,1183,0,78,1183,64.0,14.0
MaveDB_Domainome1,urn:mavedb:00000736-a-1,1121,1008,0,113,1008,57.0,56.0
MaveDB_Domainome1,urn:mavedb:00000737-a-1,1781,1666,0,115,1666,90.0,25.0
MaveDB_Domainome1,urn:mavedb:00000738-a-1,1661,1362,0,299,1362,84.0,215.0
MaveDB_Domainome1,urn:mavedb:00000739-a-1,1741,1603,0,138,1603,88.0,50.0
MaveDB_Domainome1,urn:mavedb:00000740-a-1,1681,1309,0,372,1309,85.0,287.0
MaveDB_Domainome1,urn:mavedb:00000741-a-1,1561,1439,0,122,1439,79.0,43.0
MaveDB_Domainome1,urn:mavedb:00000742-a-1,1781,1679,0,102,1679,90.0,12.0
MaveDB_Domainome1,urn:mavedb:00000743-a-1,1741,1650,0,91,1650,88.0,3.0
MaveDB_Domainome1,urn:mavedb:00000744-a-1,1681,796,0,885,796,85.0,800.0
MaveDB_Domainome1,urn:mavedb:00000745-a-1,1601,1280,0,321,1280,81.0,240.0
MaveDB_Domainome1,urn:mavedb:00000746-a-1,1521,1325,0,196,1325,77.0,119.0
MaveDB_Domainome1,urn:mavedb:00000747-a-1,1621,1454,0,167,1454,82.0,85.0
MaveDB_Domainome1,urn:mavedb:00000748-a-1,1621,1402,0,219,1402,82.0,137.0
MaveDB_Domainome1,urn:mavedb:00000749-a-1,1421,1271,0,150,1271,72.0,78.0
MaveDB_Domainome1,urn:mavedb:00000750-a-1,1381,1247,0,134,1247,70.0,64.0
MaveDB_Domainome1,urn:mavedb:00000751-a-1,1441,1172,0,269,1172,73.0,196.0
MaveDB_Domainome1,urn:mavedb:00000756-a-1,1461,1273,0,188,1273,74.0,114.0
MaveDB_Domainome1,urn:mavedb:00000757-a-1,841,774,0,67,774,43.0,24.0
MaveDB_Domainome1,urn:mavedb:00000759-a-1,1641,1512,0,129,1512,83.0,46.0
MaveDB_Domainome1,urn:mavedb:00000758-a-1,1361,1272,0,89,1272,69.0,20.0
MaveDB_Domainome1,urn:mavedb:00000760-a-1,1121,1039,0,82,1039,57.0,25.0
MaveDB_Domainome1,urn:mavedb:00000762-a-1,1781,1659,0,122,1659,90.0,32.0
MaveDB_Domainome1,urn:mavedb:00000761-a-1,1381,1283,0,98,1283,70.0,28.0
MaveDB_Domainome1,urn:mavedb:00000763-a-1,881,734,0,147,734,45.0,102.0
MaveDB_Domainome1,urn:mavedb:00000764-a-1,1181,1068,0,113,1068,60.0,53.0
MaveDB_Domainome1,urn:mavedb:00000765-a-1,1181,1093,0,88,1093,60.0,28.0
MaveDB_Domainome1,urn:mavedb:00000767-a-1,1821,1729,0,92,1729,92.0,0.0
MaveDB_Domainome1,urn:mavedb:00000766-a-1,1701,1586,0,115,1586,86.0,29.0
MaveDB_Domainome1,urn:mavedb:00000769-a-1,1881,1776,0,105,1776,95.0,10.0
MaveDB_Domainome1,urn:mavedb:00000770-a-1,1801,1680,0,121,1680,91.0,30.0
MaveDB_Domainome1,urn:mavedb:00000768-a-1,1761,1672,0,89,1672,89.0,0.0
MaveDB_Domainome1,urn:mavedb:00000771-a-1,1121,1002,0,119,1002,57.0,62.0
MaveDB_Domainome1,urn:mavedb:00000772-a-1,801,749,0,52,749,41.0,11.0
MaveDB_Domainome1,urn:mavedb:00000773-a-1,1261,1061,0,200,1061,64.0,136.0
MaveDB_Domainome1,urn:mavedb:00000774-a-1,1241,1131,0,110,1131,63.0,47.0
MaveDB_Domainome1,urn:mavedb:00000775-a-1,1241,1117,0,124,1117,63.0,61.0
MaveDB_Domainome1,urn:mavedb:00000776-a-1,1281,1155,0,126,1155,65.0,61.0
MaveDB_Domainome1,urn:mavedb:00000777-a-1,1021,931,0,90,931,52.0,38.0
MaveDB_Domainome1,urn:mavedb:00000778-a-1,501,474,0,27,474,26.0,1.0
MaveDB_Domainome1,urn:mavedb:00000779-a-1,1061,921,0,140,921,54.0,86.0
MaveDB_Domainome1,urn:mavedb:00000780-a-1,1241,1111,0,130,1111,63.0,67.0
MaveDB_Domainome1,urn:mavedb:00000781-a-1,1341,1261,0,80,1261,68.0,12.0
MaveDB_Domainome1,urn:mavedb:00000783-a-1,1181,1112,0,69,1112,60.0,9.0
MaveDB_Domainome1,urn:mavedb:00000782-a-1,1261,1193,0,68,1193,64.0,4.0
MaveDB_Domainome1,urn:mavedb:00000785-a-1,1181,1087,0,94,1087,60.0,34.0
MaveDB_Domainome1,urn:mavedb:00000784-a-1,1221,967,0,254,967,62.0,192.0
MaveDB_Domainome1,urn:mavedb:00000786-a-1,1101,998,0,103,998,56.0,47.0
MaveDB_Domainome1,urn:mavedb:00000787-a-1,1201,1119,0,82,1119,61.0,21.0
MaveDB_Domainome1,urn:mavedb:00000788-a-1,1561,1425,0,136,1425,79.0,57.0
MaveDB_Domainome1,urn:mavedb:00000789-a-1,1861,1187,0,674,1187,94.0,580.0
MaveDB_Domainome1,urn:mavedb:00000790-a-1,1601,1500,0,101,1500,81.0,20.0
MaveDB_Domainome1,urn:mavedb:00000791-a-1,1641,1453,0,188,1453,83.0,105.0
MaveDB_Domainome1,urn:mavedb:00000792-a-1,1661,1427,0,234,1427,84.0,150.0
MaveDB_Domainome1,urn:mavedb:00000793-a-1,1541,1413,0,128,1413,78.0,50.0
MaveDB_Domainome1,urn:mavedb:00000794-a-1,1681,1576,0,105,1576,85.0,20.0
MaveDB_Domainome1,urn:mavedb:00000795-a-1,1041,948,0,93,948,53.0,40.0
MaveDB_Domainome1,urn:mavedb:00000796-a-1,1181,1022,0,159,1022,60.0,99.0
MaveDB_Domainome1,urn:mavedb:00000797-a-1,1161,1069,0,92,1069,59.0,33.0
MaveDB_Domainome1,urn:mavedb:00000798-a-1,1801,1696,0,105,1696,91.0,14.0
MaveDB_Domainome1,urn:mavedb:00000799-a-1,1621,1527,0,94,1527,82.0,12.0
MaveDB_Domainome1,urn:mavedb:00000800-a-1,1001,948,0,53,948,51.0,2.0
MaveDB_Domainome1,urn:mavedb:00000801-a-1,1541,1452,0,89,1452,78.0,11.0
MaveDB_Domainome1,urn:mavedb:00000802-a-1,1621,1479,0,142,1479,82.0,60.0
MaveDB_Domainome1,urn:mavedb:00000803-a-1,1721,1632,0,89,1632,87.0,2.0
MaveDB_Domainome1,urn:mavedb:00000804-a-1,1341,811,0,530,811,68.0,462.0
MaveDB_Domainome1,urn:mavedb:00000805-a-1,921,867,0,54,867,47.0,7.0
MaveDB_Domainome1,urn:mavedb:00000806-a-1,801,747,0,54,747,41.0,13.0
MaveDB_Domainome1,urn:mavedb:00000807-a-1,1241,1173,0,68,1173,63.0,5.0
MaveDB_Domainome1,urn:mavedb:00000808-a-1,441,413,0,28,413,23.0,5.0
MaveDB_Domainome1,urn:mavedb:00000810-a-1,1121,1035,0,86,1035,57.0,29.0
MaveDB_Domainome1,urn:mavedb:00000809-a-1,1201,1089,0,112,1089,61.0,51.0
MaveDB_Domainome1,urn:mavedb:00000811-a-1,1201,1124,0,77,1124,61.0,16.0
MaveDB_Domainome1,urn:mavedb:00000812-a-1,1641,1376,0,265,1376,83.0,182.0
MaveDB_Domainome1,urn:mavedb:00000813-a-1,1801,1695,0,106,1695,91.0,15.0
MaveDB_Domainome1,urn:mavedb:00000814-a-1,1561,1204,0,357,1204,79.0,278.0
MaveDB_Domainome1,urn:mavedb:00000815-a-1,1801,1691,0,110,1691,91.0,19.0
MaveDB_Domainome1,urn:mavedb:00000816-a-1,1321,1212,0,109,1212,67.0,42.0
MaveDB_Domainome1,urn:mavedb:00000818-a-1,881,706,0,175,706,45.0,130.0
MaveDB_Domainome1,urn:mavedb:00000817-a-1,1241,1178,0,63,1178,63.0,0.0
MaveDB_Domainome1,urn:mavedb:00000819-a-1,1601,1451,0,150,1451,81.0,69.0
MaveDB_Domainome1,urn:mavedb:00000821-a-1,1441,1341,0,100,1341,73.0,27.0
MaveDB_Domainome1,urn:mavedb:00000820-a-1,1481,1406,0,75,1406,75.0,0.0
MaveDB_Domainome1,urn:mavedb:00000822-a-1,1521,1443,0,78,1443,77.0,1.0
MaveDB_Domainome1,urn:mavedb:00000823-a-1,1221,1142,0,79,1142,62.0,17.0
MaveDB_Domainome1,urn:mavedb:00000824-a-1,1581,1463,0,118,1463,80.0,38.0
MaveDB_Domainome1,urn:mavedb:00000825-a-1,1361,1241,0,120,1241,69.0,51.0
MaveDB_Domainome1,urn:mavedb:00000826-a-1,821,713,0,108,713,42.0,66.0
MaveDB_Domainome1,urn:mavedb:00000827-a-1,441,417,0,24,417,23.0,1.0
MaveDB_Domainome1,urn:mavedb:00000829-a-1,441,416,0,25,416,23.0,2.0
MaveDB_Domainome1,urn:mavedb:00000828-a-1,461,437,0,24,437,24.0,0.0
MaveDB_Domainome1,urn:mavedb:00000830-a-1,501,473,0,28,473,26.0,2.0
MaveDB_Domainome1,urn:mavedb:00000831-a-1,501,475,0,26,475,26.0,0.0
MaveDB_Domainome1,urn:mavedb:00000832-a-1,501,473,0,28,473,26.0,2.0
MaveDB_Domainome1,urn:mavedb:00000833-a-1,481,452,0,29,452,25.0,4.0
MaveDB_Domainome1,urn:mavedb:00000834-a-1,461,436,0,25,436,24.0,1.0
MaveDB_Domainome1,urn:mavedb:00000835-a-1,1121,1053,0,68,1053,57.0,11.0
MaveDB_Domainome1,urn:mavedb:00000836-a-1,1821,1290,0,531,1290,92.0,439.0
MaveDB_Domainome1,urn:mavedb:00000837-a-1,1261,1179,0,82,1179,64.0,18.0
MaveDB_Domainome1,urn:mavedb:00000838-a-1,1121,1006,0,115,1006,57.0,58.0
MaveDB_Domainome1,urn:mavedb:00000839-a-1,1121,1028,0,93,1028,57.0,36.0
MaveDB_Domainome1,urn:mavedb:00000840-a-1,1281,1165,0,116,1165,65.0,51.0
MaveDB_Domainome1,urn:mavedb:00000841-a-1,1381,1207,0,174,1207,70.0,104.0
MaveDB_Domainome1,urn:mavedb:00000842-a-1,761,700,0,61,700,39.0,22.0
MaveDB_Domainome1,urn:mavedb:00000843-a-1,1161,971,0,190,971,59.0,131.0
MaveDB_Domainome1,urn:mavedb:00000844-a-1,1361,1254,0,107,1254,69.0,38.0
MaveDB_Domainome1,urn:mavedb:00000845-a-1,901,782,0,119,782,46.0,73.0
MaveDB_Domainome1,urn:mavedb:00000846-a-1,1521,1330,0,191,1330,77.0,114.0
MaveDB_Domainome1,urn:mavedb:00000847-a-1,1121,1021,0,100,1021,57.0,43.0
MaveDB_Domainome1,urn:mavedb:00000848-a-1,1341,1075,0,266,1075,68.0,198.0
MaveDB_Domainome1,urn:mavedb:00000849-a-1,1481,1406,0,75,1406,75.0,0.0
MaveDB_Domainome1,urn:mavedb:00000850-a-1,841,755,0,86,755,43.0,43.0
MaveDB_Domainome1,urn:mavedb:00000851-a-1,801,726,0,75,726,41.0,34.0
MaveDB_Domainome1,urn:mavedb:00000852-a-1,821,718,0,103,718,42.0,61.0
MaveDB_Domainome1,urn:mavedb:00000853-a-1,1061,999,0,62,999,54.0,8.0
MaveDB_Domainome1,urn:mavedb:00000854-a-1,821,774,0,47,774,42.0,5.0
MaveDB_Domainome1,urn:mavedb:00000855-a-1,1181,1121,0,60,1121,60.0,0.0
MaveDB_Domainome1,urn:mavedb:00000857-a-1,1081,1022,0,59,1022,55.0,4.0
MaveDB_Domainome1,urn:mavedb:00000856-a-1,1001,940,0,61,940,51.0,10.0
MaveDB_Domainome1,urn:mavedb:00000858-a-1,1181,1120,0,61,1120,60.0,1.0
MaveDB_Domainome1,urn:mavedb:00000861-a-1,1141,1021,0,120,1021,58.0,62.0
MaveDB_Domainome1,urn:mavedb:00000860-a-1,1261,1089,0,172,1089,64.0,108.0
MaveDB_Domainome1,urn:mavedb:00000862-a-1,1161,1045,0,116,1045,59.0,57.0
MaveDB_Domainome1,urn:mavedb:00000859-a-1,1141,1021,0,120,1021,58.0,62.0
MaveDB_Domainome1,urn:mavedb:00000863-a-1,1101,1035,0,66,1035,56.0,10.0
MaveDB_Domainome1,urn:mavedb:00000864-a-1,1281,1122,0,159,1122,65.0,94.0
MaveDB_Domainome1,urn:mavedb:00000865-a-1,1241,1093,0,148,1093,63.0,85.0
MaveDB_Domainome1,urn:mavedb:00000866-a-1,1581,1484,0,97,1484,80.0,17.0
MaveDB_Domainome1,urn:mavedb:00000867-a-1,1041,944,0,97,944,53.0,44.0
MaveDB_Domainome1,urn:mavedb:00000868-a-1,1341,1227,0,114,1227,68.0,46.0
MaveDB_Domainome1,urn:mavedb:00000869-a-1,1101,947,0,154,947,56.0,98.0
MaveDB_Domainome1,urn:mavedb:00000870-a-1,1461,1387,0,74,1387,74.0,0.0
MaveDB_Domainome1,urn:mavedb:00000871-a-1,1221,1064,0,157,1064,62.0,95.0
MaveDB_Domainome1,urn:mavedb:00000872-a-1,481,449,0,32,449,25.0,7.0
MaveDB_Domainome1,urn:mavedb:00000873-a-1,941,883,0,58,883,48.0,10.0
MaveDB_Domainome1,urn:mavedb:00000874-a-1,881,793,0,88,793,45.0,43.0
MaveDB_Domainome1,urn:mavedb:00000875-a-1,1161,1075,0,86,1075,59.0,27.0
MaveDB_Domainome1,urn:mavedb:00000876-a-1,841,784,0,57,784,43.0,14.0
MaveDB_Domainome1,urn:mavedb:00000877-a-1,1681,1537,0,144,1537,85.0,59.0
MaveDB_Domainome1,urn:mavedb:00000878-a-1,1661,1565,0,96,1565,84.0,12.0
MaveDB_Domainome1,urn:mavedb:00000879-a-1,1181,1096,0,85,1096,60.0,25.0
MaveDB_Domainome1,urn:mavedb:00000880-a-1,1461,1296,0,165,1296,74.0,91.0
MaveDB_Domainome1,urn:mavedb:00000881-a-1,1381,906,0,475,906,70.0,405.0
MaveDB_Domainome1,urn:mavedb:00000882-a-1,921,870,0,51,870,47.0,4.0
MaveDB_Domainome1,urn:mavedb:00000883-a-1,1001,911,0,90,911,51.0,39.0
MaveDB_Domainome1,urn:mavedb:00000886-a-1,1641,1436,0,205,1436,83.0,122.0
MaveDB_Domainome1,urn:mavedb:00000884-a-1,1761,1643,0,118,1643,89.0,29.0
MaveDB_Domainome1,urn:mavedb:00000885-a-1,1681,1583,0,98,1583,85.0,13.0
MaveDB_Domainome1,urn:mavedb:00000887-a-1,901,597,0,304,597,46.0,258.0
MaveDB_Domainome1,urn:mavedb:00000888-a-1,861,747,0,114,747,44.0,70.0
MaveDB_Domainome1,urn:mavedb:00000889-a-1,701,568,0,133,568,36.0,97.0
MaveDB_Domainome1,urn:mavedb:00000890-a-1,1901,1788,0,113,1788,96.0,17.0
MaveDB_Domainome1,urn:mavedb:00000891-a-1,1681,1479,0,202,1479,85.0,117.0
MaveDB_Domainome1,urn:mavedb:00000892-a-1,901,752,0,149,752,46.0,103.0
MaveDB_Domainome1,urn:mavedb:00000893-a-1,581,306,0,275,306,30.0,245.0
MaveDB_Domainome1,urn:mavedb:00000894-a-1,621,579,0,42,579,32.0,10.0
MaveDB_Domainome1,urn:mavedb:00000895-a-1,1441,1364,0,77,1364,73.0,4.0
MaveDB_Domainome1,urn:mavedb:00000896-a-1,1341,1233,0,108,1233,68.0,40.0
MaveDB_Domainome1,urn:mavedb:00000897-a-1,1361,1260,0,101,1260,69.0,32.0
MaveDB_Domainome1,urn:mavedb:00000898-a-1,1301,1046,0,255,1046,66.0,189.0
MaveDB_Domainome1,urn:mavedb:00000899-a-1,861,780,0,81,780,44.0,37.0
MaveDB_Domainome1,urn:mavedb:00000900-a-1,901,796,0,105,796,46.0,59.0
MaveDB_Domainome1,urn:mavedb:00000901-a-1,981,915,0,66,915,50.0,16.0
MaveDB_Domainome1,urn:mavedb:00000902-a-1,441,415,0,26,415,23.0,3.0
MaveDB_Domainome1,urn:mavedb:00000903-a-1,381,325,0,56,325,20.0,36.0
MaveDB_Domainome1,urn:mavedb:00000904-a-1,1701,1579,0,122,1579,86.0,36.0
MaveDB_Domainome1,urn:mavedb:00000905-a-1,1841,1684,0,157,1684,93.0,64.0
MaveDB_Domainome1,urn:mavedb:00000906-a-1,1921,1790,0,131,1790,97.0,34.0
MaveDB_Domainome1,urn:mavedb:00000907-a-1,1761,1672,0,89,1672,89.0,0.0
MaveDB_Domainome1,urn:mavedb:00000908-a-1,1781,1512,0,269,1512,90.0,179.0
MaveDB_Domainome1,urn:mavedb:00000909-a-1,861,718,0,143,718,44.0,99.0
MaveDB_Domainome1,urn:mavedb:00000910-a-1,1121,1023,0,98,1023,57.0,41.0
MaveDB_Domainome1,urn:mavedb:00000911-a-1,1121,1040,0,81,1040,57.0,24.0
MaveDB_Domainome1,urn:mavedb:00000912-a-1,1061,869,0,192,869,54.0,138.0
MaveDB_Domainome1,urn:mavedb:00000913-a-1,1041,938,0,103,938,53.0,50.0
MaveDB_Domainome1,urn:mavedb:00000914-a-1,1021,939,0,82,939,52.0,30.0
MaveDB_Domainome1,urn:mavedb:00000915-a-1,941,832,0,109,832,48.0,61.0
MaveDB_Domainome1,urn:mavedb:00000916-a-1,1241,1006,0,235,1006,63.0,172.0
MaveDB_Domainome1,urn:mavedb:00000917-a-1,1161,1006,0,155,1006,59.0,96.0
MaveDB_Domainome1,urn:mavedb:00000918-a-1,881,774,0,107,774,45.0,62.0
MaveDB_Domainome1,urn:mavedb:00000919-a-1,861,806,0,55,806,44.0,11.0
MaveDB_Domainome1,urn:mavedb:00000922-a-1,1061,959,0,102,959,54.0,48.0
MaveDB_Domainome1,urn:mavedb:00000925-a-1,1321,1239,0,82,1239,67.0,15.0
MaveDB_Domainome1,urn:mavedb:00000926-a-1,1501,1213,0,288,1213,76.0,212.0
MaveDB_Domainome1,urn:mavedb:00000927-a-1,1181,1110,0,71,1110,60.0,11.0
MaveDB_Domainome1,urn:mavedb:00000928-a-1,1201,1108,0,93,1108,61.0,32.0
MaveDB_Domainome1,urn:mavedb:00000929-a-1,1161,1021,0,140,1021,59.0,81.0
MaveDB_Domainome1,urn:mavedb:00000930-a-1,1221,974,0,247,974,62.0,185.0
MaveDB_Domainome1,urn:mavedb:00000931-a-1,1021,935,0,86,935,52.0,34.0
MaveDB_Domainome1,urn:mavedb:00000933-a-1,881,696,0,185,696,45.0,140.0
MaveDB_Domainome1,urn:mavedb:00000932-a-1,981,907,0,74,907,50.0,24.0
MaveDB_Domainome1,urn:mavedb:00000934-a-1,921,852,0,69,852,47.0,22.0
MaveDB_Domainome1,urn:mavedb:00000935-a-1,601,550,0,51,550,31.0,20.0
MaveDB_Domainome1,urn:mavedb:00000936-a-1,1201,1126,0,75,1126,61.0,14.0
MaveDB_Domainome1,urn:mavedb:00000937-a-1,1381,1063,0,318,1063,70.0,248.0
MaveDB_Domainome1,urn:mavedb:00000938-a-1,1541,1437,0,104,1437,78.0,26.0
MaveDB_Domainome1,urn:mavedb:00000939-a-1,1521,1410,0,111,1410,77.0,34.0
MaveDB_Domainome1,urn:mavedb:00000940-a-1,1521,1321,0,200,1321,77.0,123.0
MaveDB_Domainome1,urn:mavedb:00000941-a-1,1541,981,0,560,981,78.0,482.0
MaveDB_Domainome1,urn:mavedb:00000942-a-1,1121,1040,0,81,1040,57.0,24.0
MaveDB_Domainome1,urn:mavedb:00000943-a-1,461,437,0,24,437,24.0,0.0
MaveDB_Domainome1,urn:mavedb:00000944-a-1,1161,1077,0,84,1077,59.0,25.0
MaveDB_Domainome1,urn:mavedb:00000945-a-1,1181,1090,0,91,1090,60.0,31.0
MaveDB_Domainome1,urn:mavedb:00000946-a-1,1181,1071,0,110,1071,60.0,50.0
MaveDB_Domainome1,urn:mavedb:00000947-a-1,1781,1626,0,155,1626,90.0,65.0
MaveDB_Domainome1,urn:mavedb:00000948-a-1,1861,1650,0,211,1650,94.0,117.0
MaveDB_Domainome1,urn:mavedb:00000949-a-1,1101,1034,0,67,1034,56.0,11.0
MaveDB_Domainome1,urn:mavedb:00000950-a-1,1121,1039,0,82,1039,57.0,25.0
MaveDB_Domainome1,urn:mavedb:00000951-a-1,1241,1163,0,78,1163,63.0,15.0
MaveDB_Domainome1,urn:mavedb:00000952-a-1,1461,1360,0,101,1360,74.0,27.0
MaveDB_Domainome1,urn:mavedb:00000953-a-1,1141,1009,0,132,1009,58.0,74.0
MaveDB_Domainome1,urn:mavedb:00000955-a-1,941,884,0,57,884,48.0,9.0
MaveDB_Domainome1,urn:mavedb:00000956-a-1,1121,1047,0,74,1047,57.0,17.0
MaveDB_Domainome1,urn:mavedb:00000957-a-1,1801,1697,0,104,1697,91.0,13.0
MaveDB_Domainome1,urn:mavedb:00000958-a-1,1901,1550,0,351,1550,96.0,255.0
MaveDB_Domainome1,urn:mavedb:00000959-a-1,1121,1024,0,97,1024,57.0,40.0
MaveDB_Domainome1,urn:mavedb:00000960-a-1,801,684,0,117,684,41.0,76.0
MaveDB_Domainome1,urn:mavedb:00000961-a-1,1221,1120,0,101,1120,62.0,39.0
MaveDB_Domainome1,urn:mavedb:00000962-a-1,1121,916,0,205,916,57.0,148.0
MaveDB_Domainome1,urn:mavedb:00000963-a-1,1321,903,0,418,903,67.0,351.0
MaveDB_Domainome1,urn:mavedb:00000966-a-1,1381,1212,0,169,1212,70.0,99.0
MaveDB_Domainome1,urn:mavedb:00000967-a-1,1401,1234,0,167,1234,71.0,96.0
MaveDB_Domainome1,urn:mavedb:00000968-a-1,1401,1271,0,130,1271,71.0,59.0
MaveDB_Domainome1,urn:mavedb:00000969-a-1,1501,790,0,711,790,76.0,635.0
MaveDB_Domainome1,urn:mavedb:00000970-a-1,1561,1445,0,116,1445,79.0,37.0
MaveDB_Domainome1,urn:mavedb:00000971-a-1,1121,1056,0,65,1056,57.0,8.0
MaveDB_Domainome1,urn:mavedb:00000972-a-1,1541,1429,0,112,1429,78.0,34.0
MaveDB_Domainome1,urn:mavedb:00000973-a-1,1121,998,0,123,998,57.0,66.0
MaveDB_Domainome1,urn:mavedb:00000974-a-1,1381,1030,0,351,1030,70.0,281.0
MaveDB_Domainome1,urn:mavedb:00000975-a-1,1121,1029,0,92,1029,57.0,35.0
MaveDB_Domainome1,urn:mavedb:00000976-a-1,1641,1509,0,132,1509,83.0,49.0
MaveDB_Domainome1,urn:mavedb:00000977-a-1,1441,1265,0,176,1265,73.0,103.0
MaveDB_Domainome1,urn:mavedb:00000978-a-1,1441,1042,0,399,1042,73.0,326.0
MaveDB_Domainome1,urn:mavedb:00000979-a-1,1581,1298,0,283,1298,80.0,203.0
MaveDB_Domainome1,urn:mavedb:00000980-a-1,1801,1709,0,92,1709,91.0,1.0
MaveDB_Domainome1,urn:mavedb:00000981-a-1,1101,991,0,110,991,56.0,54.0
MaveDB_Domainome1,urn:mavedb:00000982-a-1,1501,1395,0,106,1395,76.0,30.0
MaveDB_Domainome1,urn:mavedb:00000983-a-1,1261,1190,0,71,1190,64.0,7.0
MaveDB_Domainome1,urn:mavedb:00000984-a-1,441,416,0,25,416,23.0,2.0
MaveDB_Domainome1,urn:mavedb:00000985-a-1,441,389,0,52,389,23.0,29.0
MaveDB_Domainome1,urn:mavedb:00000986-a-1,461,437,0,24,437,24.0,0.0
MaveDB_Domainome1,urn:mavedb:00000987-a-1,421,398,0,23,398,22.0,1.0
MaveDB_Domainome1,urn:mavedb:00000988-a-1,1101,1029,0,72,1029,56.0,16.0
MaveDB_Domainome1,urn:mavedb:00000989-a-1,1121,1037,0,84,1037,57.0,27.0
MaveDB_Domainome1,urn:mavedb:00000990-a-1,1361,1211,0,150,1211,69.0,81.0
MaveDB_Domainome1,urn:mavedb:00000992-a-1,1001,908,0,93,908,51.0,42.0
MaveDB_Domainome1,urn:mavedb:00000994-a-1,1101,923,0,178,923,56.0,122.0
MaveDB_Domainome1,urn:mavedb:00000993-a-1,1201,1084,0,117,1084,61.0,56.0
MaveDB_Domainome1,urn:mavedb:00000991-a-1,1081,962,0,119,962,55.0,64.0
MaveDB_Domainome1,urn:mavedb:00000995-a-1,1021,957,0,64,957,52.0,12.0
MaveDB_Domainome1,urn:mavedb:00000996-a-1,1181,1095,0,86,1095,60.0,26.0
MaveDB_Domainome1,urn:mavedb:00000997-a-1,1121,1037,0,84,1037,57.0,27.0
MaveDB_Domainome1,urn:mavedb:00000998-a-1,1121,1028,0,93,1028,57.0,36.0
MaveDB_Domainome1,urn:mavedb:00000999-a-1,1621,1460,0,161,1460,82.0,79.0
MaveDB_Domainome1,urn:mavedb:00001001-a-1,901,758,0,143,758,46.0,97.0
MaveDB_Domainome1,urn:mavedb:00001000-a-1,901,724,0,177,724,46.0,131.0
MaveDB_Domainome1,urn:mavedb:00001002-a-1,1421,1250,0,171,1250,72.0,99.0
MaveDB_Domainome1,urn:mavedb:00001003-a-1,1541,1235,0,306,1235,78.0,228.0
MaveDB_Domainome1,urn:mavedb:00001004-a-1,601,360,0,241,360,31.0,210.0
MaveDB_Domainome1,urn:mavedb:00001005-a-1,621,571,0,50,571,32.0,18.0
MaveDB_Domainome1,urn:mavedb:00001006-a-1,1541,1451,0,90,1451,78.0,12.0
MaveDB_Domainome1,urn:mavedb:00001007-a-1,1221,1158,0,63,1158,62.0,1.0
MaveDB_Domainome1,urn:mavedb:00001008-a-1,561,501,0,60,501,29.0,31.0
MaveDB_Domainome1,urn:mavedb:00001009-a-1,1101,1030,0,71,1030,56.0,15.0
MaveDB_Domainome1,urn:mavedb:00001010-a-1,861,752,0,109,752,44.0,65.0
MaveDB_Domainome1,urn:mavedb:00001012-a-1,521,492,0,29,492,27.0,2.0
MaveDB_Domainome1,urn:mavedb:00001011-a-1,561,472,0,89,472,29.0,60.0
MaveDB_Domainome1,urn:mavedb:00001013-a-1,1281,1067,0,214,1067,65.0,149.0
MaveDB_Domainome1,urn:mavedb:00001014-a-1,961,772,0,189,772,49.0,140.0
MaveDB_Domainome1,urn:mavedb:00001015-a-1,841,756,0,85,756,43.0,42.0
MaveDB_Domainome1,urn:mavedb:00001016-a-1,1501,1286,0,215,1286,76.0,139.0
MaveDB_Domainome1,urn:mavedb:00001017-a-1,1621,1347,0,274,1347,82.0,192.0
MaveDB_Domainome1,urn:mavedb:00001018-a-1,501,475,0,26,475,26.0,0.0
MaveDB_Domainome1,urn:mavedb:00001019-a-1,601,504,0,97,504,31.0,66.0
MaveDB_Domainome1,urn:mavedb:00001020-a-1,381,327,0,54,327,20.0,34.0
MaveDB_Domainome1,urn:mavedb:00001021-a-1,1121,1059,0,62,1059,57.0,5.0
MaveDB_Domainome1,urn:mavedb:00001022-a-1,1101,1024,0,77,1024,56.0,21.0
MaveDB_Domainome1,urn:mavedb:00001024-a-1,1281,1068,0,213,1068,65.0,148.0
MaveDB_Domainome1,urn:mavedb:00001026-a-1,1201,1076,0,125,1076,61.0,64.0
MaveDB_Domainome1,urn:mavedb:00001027-a-1,1541,1223,0,318,1223,78.0,240.0
MaveDB_Domainome1,urn:mavedb:00001029-a-1,881,761,0,120,761,45.0,75.0
MaveDB_Domainome1,urn:mavedb:00001030-a-1,1101,1027,0,74,1027,56.0,18.0
MaveDB_Domainome1,urn:mavedb:00001031-a-1,441,386,0,55,386,23.0,32.0
MaveDB_Domainome1,urn:mavedb:00001033-a-1,441,415,0,26,415,23.0,3.0
MaveDB_Domainome1,urn:mavedb:00001032-a-1,441,381,0,60,381,23.0,37.0
MaveDB_Domainome1,urn:mavedb:00001034-a-1,441,399,0,42,399,23.0,19.0
MaveDB_Domainome1,urn:mavedb:00001035-a-1,1461,1124,0,337,1124,74.0,263.0
MaveDB_Domainome1,urn:mavedb:00001036-a-1,901,771,0,130,771,46.0,84.0
MaveDB_Domainome1,urn:mavedb:00001037-a-1,1421,1321,0,100,1321,72.0,28.0
MaveDB_Domainome1,urn:mavedb:00001039-a-1,1501,1420,0,81,1420,76.0,5.0
MaveDB_Domainome1,urn:mavedb:00001038-a-1,1481,1103,0,378,1103,75.0,303.0
MaveDB_Domainome1,urn:mavedb:00001040-a-1,1401,1218,0,183,1218,71.0,112.0
MaveDB_Domainome1,urn:mavedb:00001042-a-1,1501,1344,0,157,1344,76.0,81.0
MaveDB_Domainome1,urn:mavedb:00001041-a-1,1541,1413,0,128,1413,78.0,50.0
MaveDB_Domainome1,urn:mavedb:00001043-a-1,1941,1779,0,162,1779,98.0,64.0
MaveDB_Domainome1,urn:mavedb:00001044-a-1,981,899,0,82,899,50.0,32.0
MaveDB_Domainome1,urn:mavedb:00001045-a-1,1121,986,0,135,986,57.0,78.0
MaveDB_Domainome1,urn:mavedb:00001046-a-1,1181,1076,0,105,1076,60.0,45.0
MaveDB_Domainome1,urn:mavedb:00001047-a-1,1101,1026,0,75,1026,56.0,19.0
MaveDB_Domainome1,urn:mavedb:00001048-a-1,1121,1021,0,100,1021,57.0,43.0
MaveDB_Domainome1,urn:mavedb:00001049-a-1,1721,1588,0,133,1588,87.0,46.0
MaveDB_Domainome1,urn:mavedb:00001050-a-1,1001,914,0,87,914,51.0,36.0
MaveDB_Domainome1,urn:mavedb:00001051-a-1,1001,934,0,67,934,51.0,16.0
MaveDB_Domainome1,urn:mavedb:00001052-a-1,1021,947,0,74,947,52.0,22.0
MaveDB_Domainome1,urn:mavedb:00001053-a-1,1021,946,0,75,946,52.0,23.0
MaveDB_Domainome1,urn:mavedb:00001054-a-1,1001,888,0,113,888,51.0,62.0
MaveDB_Domainome1,urn:mavedb:00001055-a-1,861,605,0,256,605,44.0,212.0
MaveDB_Domainome1,urn:mavedb:00001056-a-1,1361,937,0,424,937,69.0,355.0
MaveDB_Domainome1,urn:mavedb:00001057-a-1,881,779,0,102,779,45.0,57.0
MaveDB_Domainome1,urn:mavedb:00001058-a-1,861,766,0,95,766,44.0,51.0
MaveDB_Domainome1,urn:mavedb:00001059-a-1,1341,1216,0,125,1216,68.0,57.0
MaveDB_Domainome1,urn:mavedb:00001060-a-1,981,903,0,78,903,50.0,28.0
MaveDB_Domainome1,urn:mavedb:00001062-a-1,1861,1312,0,549,1312,94.0,455.0
MaveDB_Domainome1,urn:mavedb:00001063-a-1,1361,1238,0,123,1238,69.0,54.0
MaveDB_Domainome1,urn:mavedb:00001064-a-1,1361,1186,0,175,1186,69.0,106.0
MaveDB_Domainome1,urn:mavedb:00001065-a-1,1341,1192,0,149,1192,68.0,81.0
MaveDB_Domainome1,urn:mavedb:00001066-a-1,1361,1232,0,129,1232,69.0,60.0
MaveDB_Domainome1,urn:mavedb:00001067-a-1,1341,1165,0,176,1165,68.0,108.0
MaveDB_Domainome1,urn:mavedb:00001068-a-1,1361,1120,0,241,1120,69.0,172.0
MaveDB_Domainome1,urn:mavedb:00001069-a-1,1361,1207,0,154,1207,69.0,85.0
MaveDB_Domainome1,urn:mavedb:00001070-a-1,1361,1158,0,203,1158,69.0,134.0
MaveDB_Domainome1,urn:mavedb:00001071-a-1,1361,1251,0,110,1251,69.0,41.0
MaveDB_Domainome1,urn:mavedb:00001072-a-1,1361,1230,0,131,1230,69.0,62.0
MaveDB_Domainome1,urn:mavedb:00001073-a-1,481,456,0,25,456,25.0,0.0
MaveDB_Domainome1,urn:mavedb:00001074-a-1,1161,891,0,270,891,59.0,211.0
MaveDB_Domainome1,urn:mavedb:00001075-a-1,1461,1102,0,359,1102,74.0,285.0
MaveDB_Domainome1,urn:mavedb:00001077-a-1,1041,983,0,58,983,53.0,5.0
MaveDB_Domainome1,urn:mavedb:00001078-a-1,1041,974,0,67,974,53.0,14.0
MaveDB_Domainome1,urn:mavedb:00001079-a-1,1141,963,0,178,963,58.0,120.0
MaveDB_Domainome1,urn:mavedb:00001080-a-1,1161,1019,0,142,1019,59.0,83.0
MaveDB_Domainome1,urn:mavedb:00001081-a-1,1161,1037,0,124,1037,59.0,65.0
MaveDB_Domainome1,urn:mavedb:00001082-a-1,1361,1116,0,245,1116,69.0,176.0
MaveDB_Domainome1,urn:mavedb:00001083-a-1,1341,1214,0,127,1214,68.0,59.0
MaveDB_Domainome1,urn:mavedb:00001084-a-1,1561,1426,0,135,1426,79.0,56.0
MaveDB_Domainome1,urn:mavedb:00001085-a-1,1561,1457,0,104,1457,79.0,25.0
MaveDB_Domainome1,urn:mavedb:00001086-a-1,921,872,0,49,872,47.0,2.0
MaveDB_Domainome1,urn:mavedb:00001087-a-1,1481,1291,0,190,1291,75.0,115.0
MaveDB_Domainome1,urn:mavedb:00001088-a-1,781,644,0,137,644,40.0,97.0
MaveDB_Domainome1,urn:mavedb:00001089-a-1,1321,1163,0,158,1163,67.0,91.0
MaveDB_Domainome1,urn:mavedb:00001090-a-1,1441,1283,0,158,1283,73.0,85.0
MaveDB_Domainome1,urn:mavedb:00001091-a-1,521,494,0,27,494,27.0,0.0
MaveDB_Domainome1,urn:mavedb:00001092-a-1,961,865,0,96,865,49.0,47.0
MaveDB_Domainome1,urn:mavedb:00001096-a-1,1121,1003,0,118,1003,57.0,61.0
MaveDB_Domainome1,urn:mavedb:00001093-a-1,1381,1299,0,82,1299,70.0,12.0
MaveDB_Domainome1,urn:mavedb:00001095-a-1,1001,922,0,79,922,51.0,28.0
MaveDB_Domainome1,urn:mavedb:00001094-a-1,1241,1164,0,77,1164,63.0,14.0
MaveDB_Domainome1,urn:mavedb:00001097-a-1,1181,1064,0,117,1064,60.0,57.0
MaveDB_Domainome1,urn:mavedb:00001098-a-1,1141,972,0,169,972,58.0,111.0
MaveDB_Domainome1,urn:mavedb:00001099-a-1,1161,1065,0,96,1065,59.0,37.0
MaveDB_Domainome1,urn:mavedb:00001100-a-1,1081,990,0,91,990,55.0,36.0
MaveDB_Domainome1,urn:mavedb:00001101-a-1,721,624,0,97,624,37.0,60.0
MaveDB_Domainome1,urn:mavedb:00001102-a-1,1741,1596,0,145,1596,88.0,57.0
MaveDB_Domainome1,urn:mavedb:00001104-a-1,1681,1485,0,196,1485,85.0,111.0
MaveDB_Domainome1,urn:mavedb:00001106-a-1,1921,1796,0,125,1796,97.0,28.0
MaveDB_Domainome1,urn:mavedb:00001105-a-1,1901,1804,0,97,1804,96.0,1.0
MaveDB_Domainome1,urn:mavedb:00001107-a-1,1661,1544,0,117,1544,84.0,33.0
MaveDB_Domainome1,urn:mavedb:00001108-a-1,461,436,0,25,436,24.0,1.0
MaveDB_Domainome1,urn:mavedb:00001109-a-1,801,329,0,472,329,41.0,431.0
MaveDB_Domainome1,urn:mavedb:00001110-a-1,861,536,0,325,536,44.0,281.0
MaveDB_Domainome1,urn:mavedb:00001111-a-1,1361,1238,0,123,1238,69.0,54.0
MaveDB_Domainome1,urn:mavedb:00001112-a-1,1321,1244,0,77,1244,67.0,10.0
MaveDB_Domainome1,urn:mavedb:00001113-a-1,1261,1160,0,101,1160,64.0,37.0
MaveDB_Domainome1,urn:mavedb:00001114-a-1,881,760,0,121,760,45.0,76.0
MaveDB_Domainome1,urn:mavedb:00001115-a-1,1041,939,0,102,939,53.0,49.0
MaveDB_Domainome1,urn:mavedb:00001116-a-1,901,808,0,93,808,46.0,47.0
MaveDB_Domainome1,urn:mavedb:00001117-a-1,881,799,0,82,799,45.0,37.0
MaveDB_Domainome1,urn:mavedb:00001118-a-1,901,846,0,55,846,46.0,9.0
MaveDB_Domainome1,urn:mavedb:00001119-a-1,941,884,0,57,884,48.0,9.0
MaveDB_Domainome1,urn:mavedb:00001120-a-1,841,642,0,199,642,43.0,156.0
MaveDB_Domainome1,urn:mavedb:00001121-a-1,861,792,0,69,792,44.0,25.0
MaveDB_Domainome1,urn:mavedb:00001122-a-1,561,439,0,122,439,29.0,93.0
MaveDB_Domainome1,urn:mavedb:00001123-a-1,821,736,0,85,736,42.0,43.0
MaveDB_Domainome1,urn:mavedb:00001124-a-1,861,744,0,117,744,44.0,73.0
MaveDB_Domainome1,urn:mavedb:00001125-a-1,1141,1030,0,111,1030,58.0,53.0
MaveDB_Domainome1,urn:mavedb:00001126-a-1,1421,1206,0,215,1206,72.0,143.0
MaveDB_Domainome1,urn:mavedb:00001127-a-1,861,791,0,70,791,44.0,26.0
MaveDB_Domainome1,urn:mavedb:00001128-a-1,1241,1168,0,73,1168,63.0,10.0
MaveDB_Domainome1,urn:mavedb:00001129-a-1,1481,1267,0,214,1267,75.0,139.0
MaveDB_Domainome1,urn:mavedb:00001130-a-1,1481,1194,0,287,1194,75.0,212.0
MaveDB_Domainome1,urn:mavedb:00001131-a-1,1781,1255,0,526,1255,90.0,436.0
MaveDB_Domainome1,urn:mavedb:00001132-a-1,1341,1241,0,100,1241,68.0,32.0
MaveDB_Domainome1,urn:mavedb:00001133-a-1,1221,1136,0,85,1136,62.0,23.0
MaveDB_Domainome1,urn:mavedb:00001134-a-1,1121,1032,0,89,1032,57.0,32.0
MaveDB_Domainome1,urn:mavedb:00001135-a-1,1621,1503,0,118,1503,82.0,36.0
MaveDB_Domainome1,urn:mavedb:00001137-a-1,701,632,0,69,632,36.0,33.0
MaveDB_Domainome1,urn:mavedb:00001139-a-1,721,622,0,99,622,37.0,62.0
MaveDB_Domainome1,urn:mavedb:00001140-a-1,1761,1599,0,162,1599,89.0,73.0
MaveDB_Domainome1,urn:mavedb:00001141-a-1,661,599,0,62,599,34.0,28.0
MaveDB_Domainome1,urn:mavedb:00001142-a-1,961,895,0,66,895,49.0,17.0
MaveDB_Domainome1,urn:mavedb:00001143-a-1,1081,1013,0,68,1013,55.0,13.0
MaveDB_Domainome1,urn:mavedb:00001144-a-1,941,861,0,80,861,48.0,32.0
MaveDB_Domainome1,urn:mavedb:00001145-a-1,1041,935,0,106,935,53.0,53.0
MaveDB_Domainome1,urn:mavedb:00001147-a-1,921,845,0,76,845,47.0,29.0
MaveDB_Domainome1,urn:mavedb:00001148-a-1,1001,928,0,73,928,51.0,22.0
MaveDB_Domainome1,urn:mavedb:00001146-a-1,941,878,0,63,878,48.0,15.0
MaveDB_Domainome1,urn:mavedb:00001149-a-1,1821,1729,0,92,1729,92.0,0.0
MaveDB_Domainome1,urn:mavedb:00001150-a-1,1841,1091,0,750,1091,93.0,657.0
MaveDB_Domainome1,urn:mavedb:00001151-a-1,1721,1633,0,88,1633,87.0,1.0
MaveDB_Domainome1,urn:mavedb:00001152-a-1,481,455,0,26,455,25.0,1.0
MaveDB_Domainome1,urn:mavedb:00001155-a-1,441,415,0,26,415,23.0,3.0
MaveDB_Domainome1,urn:mavedb:00001154-a-1,441,417,0,24,417,23.0,1.0
MaveDB_Domainome1,urn:mavedb:00001153-a-1,441,401,0,40,401,23.0,17.0
MaveDB_Domainome1,urn:mavedb:00001156-a-1,441,364,0,77,364,23.0,54.0
MaveDB_Domainome1,urn:mavedb:00001157-a-1,441,417,0,24,417,23.0,1.0
MaveDB_Domainome1,urn:mavedb:00001158-a-1,441,418,0,23,418,23.0,0.0
MaveDB_Domainome1,urn:mavedb:00001159-a-1,421,397,0,24,397,22.0,2.0
MaveDB_Domainome1,urn:mavedb:00001160-a-1,421,398,0,23,398,22.0,1.0
MaveDB_Domainome1,urn:mavedb:00001161-a-1,441,381,0,60,381,23.0,37.0
MaveDB_Domainome1,urn:mavedb:00001162-a-1,381,358,0,23,358,20.0,3.0
MaveDB_Domainome1,urn:mavedb:00001163-a-1,1121,988,0,133,988,57.0,76.0
MaveDB_Domainome1,urn:mavedb:00001166-a-1,1121,1027,0,94,1027,57.0,37.0
MaveDB_Domainome1,urn:mavedb:00001165-a-1,1121,1055,0,66,1055,57.0,9.0
MaveDB_Domainome1,urn:mavedb:00001164-a-1,1121,1044,0,77,1044,57.0,20.0
MaveDB_Domainome1,urn:mavedb:00001168-a-1,1121,1021,0,100,1021,57.0,43.0
MaveDB_Domainome1,urn:mavedb:00001167-a-1,1121,1039,0,82,1039,57.0,25.0
MaveDB_Domainome1,urn:mavedb:00001169-a-1,1121,1044,0,77,1044,57.0,20.0
MaveDB_Domainome1,urn:mavedb:00001170-a-1,441,417,0,24,417,23.0,1.0
MaveDB_Domainome1,urn:mavedb:00001171-a-1,481,446,0,35,446,25.0,10.0
MaveDB_Domainome1,urn:mavedb:00001172-a-1,501,472,0,29,472,26.0,3.0
MaveDB_Domainome1,urn:mavedb:00001173-a-1,441,418,0,23,418,23.0,0.0
MaveDB_Domainome1,urn:mavedb:00001174-a-1,1241,1122,0,119,1122,63.0,56.0
MaveDB_Domainome1,urn:mavedb:00001175-a-1,1001,944,0,57,944,51.0,6.0
MaveDB_Domainome1,urn:mavedb:00001176-a-1,921,853,0,68,853,47.0,21.0
MaveDB_Domainome1,urn:mavedb:00001177-a-1,441,418,0,23,418,23.0,0.0
MaveDB_Domainome1,urn:mavedb:00001178-a-1,521,493,0,28,493,27.0,1.0
MaveDB_Domainome1,urn:mavedb:00001179-a-1,881,760,0,121,760,45.0,76.0
MaveDB_Domainome1,urn:mavedb:00001181-a-1,801,757,0,44,757,41.0,3.0
MaveDB_Domainome1,urn:mavedb:00001182-a-1,901,791,0,110,791,46.0,64.0
MaveDB_Domainome1,urn:mavedb:00001180-a-1,781,711,0,70,711,40.0,30.0
MaveDB_Domainome1,urn:mavedb:00001183-a-1,801,629,0,172,629,41.0,131.0
MaveDB_Domainome1,urn:mavedb:00001184-a-1,801,678,0,123,678,41.0,82.0
MaveDB_Domainome1,urn:mavedb:00001185-a-1,801,676,0,125,676,41.0,84.0
MaveDB_Domainome1,urn:mavedb:00001186-a-1,721,583,0,138,583,37.0,101.0
MaveDB_Domainome1,urn:mavedb:00001187-a-1,441,411,0,30,411,23.0,7.0
MaveDB_Domainome1,urn:mavedb:00001188-a-1,481,452,0,29,452,25.0,4.0
MaveDB_Domainome1,urn:mavedb:00001189-a-1,421,387,0,34,387,22.0,12.0
MaveDB_Domainome1,urn:mavedb:00001190-a-1,441,418,0,23,418,23.0,0.0
MaveDB_Domainome1,urn:mavedb:00001192-a-1,441,415,0,26,415,23.0,3.0
MaveDB_Domainome1,urn:mavedb:00001191-a-1,441,397,0,44,397,23.0,21.0
MaveDB_Domainome1,urn:mavedb:00001194-a-1,541,469,0,72,469,28.0,44.0
MaveDB_Domainome1,urn:mavedb:00001193-a-1,501,475,0,26,475,26.0,0.0
MaveDB_Domainome1,urn:mavedb:00001195-a-1,1341,1239,0,102,1239,68.0,34.0
MaveDB_Domainome1,urn:mavedb:00001196-a-1,1281,1069,0,212,1069,65.0,147.0
MaveDB_staged_contrast,urn:mavedb:00000047-c-1,7020,6632,0,388,6632,,
MaveDB_staged_contrast,urn:mavedb:00000047-a-1,7020,6639,0,381,6639,,
MaveDB_staged_contrast,urn:mavedb:00000048-b-1,7021,6645,0,376,6645,,
MaveDB_staged_contrast,urn:mavedb:00000048-a-1,7021,6645,0,376,6645,,
MaveDB_staged_contrast,urn:mavedb:00001266-b-1,10674,9676,0,998,9676,,
MaveDB_staged_contrast,urn:mavedb:00001266-c-1,9145,8227,0,918,8227,,
MaveDB_staged_contrast,urn:mavedb:00001239-a-3,19100,14063,0,5037,14063,,
MaveDB_staged_contrast,urn:mavedb:00001239-a-7,19100,14189,0,4911,14189,,
MaveDB_staged_contrast,urn:mavedb:00001269-b-1,16796,15011,0,1785,15011,,
MaveDB_staged_contrast,urn:mavedb:00001269-a-1,17390,15507,0,1883,15507,,
MaveDB_staged_contrast,urn:mavedb:00001214-j-1,978,929,0,49,929,,
MaveDB_staged_contrast,urn:mavedb:00001214-i-1,978,929,0,49,929,,
MaveDB_staged_contrast,urn:mavedb:00000055-b-1,3100,2934,0,166,2934,,
MaveDB_staged_contrast,urn:mavedb:00000055-a-1,3100,2922,0,178,2922,,
MaveDB_staged_contrast,urn:mavedb:00001274-a-1,9632,8750,0,882,8750,,
MaveDB_staged_contrast,urn:mavedb:00000114-a-1,9220,8756,0,464,8756,,
MaveDB_staged_contrast,urn:mavedb:00001217-a-4,2910,2655,0,255,2655,,
MaveDB_staged_contrast,urn:mavedb:00001217-a-3,2906,2632,0,274,2632,,
MaveDB_staged_contrast,urn:mavedb:00001271-a-1,23698,22516,0,1182,22516,,
MaveDB_staged_contrast,urn:mavedb:00001270-a-1,23723,22536,0,1187,22536,,
