gene,cluster
ADAR,ADAR
ADARB1,ADARB1
ADNP,ADNP
ADSL,ADSL
AHI1,AHI1
ALX1,ALX1
ALX3,ALX3
AMFR,AMFR
ANK2,ANK2
ANK3,ANK3
ARID2,ARID2
ARX,ARX
ASPA,ASPA
ASPM,ASPM
BAZ2B,BAZ2B
BPTF,BPTF
BRAF,BRAF
BRD4,BRD4
CAPN15,CAPN15
CASK,CASK
CBL,CBL
CBS,CBS
CHD3,CHD3
CHD4,CHD4
CHD5,CHD5
CHD7,CHD7
CNKSR2,CNKSR2
CSDE1,CSDE1
CUX1,CUX1
CUX2,CUX2
DBT,DBT
DDHD2,DDHD2
DLG3,DLG3
DLG4,DLG4
DVL3,DVL3
EP300,EP300
ERI1,ERI1
FANCL,FANCL
FBXO11,FBXO11
FBXO22,FBXO22
FKRP,FKRP
FLNB,FLNB
FMR1,FMR1
FRMPD4,FRMPD4
GATAD2B,GATAD2B
GDI1,GDI1
GLI2,GLI2
GLIS3,GLIS3
HECW2,HECW2
HERC2,HERC2
HESX1,HESX1
HNRNPK,HNRNPK
HNRNPU,HNRNPU
HRAS,HRAS
HUWE1,HUWE1
ITCH,ITCH
ITSN1,ITSN1
KCNQ2,KCNQ2
KDM1A,KDM1A
KDM2B,KDM2B
KDM5C,KDM5C
KMT2A,KMT2A
KRAS,KRAS
LARGE1,LARGE1
MAPK1,MAPK1
MECP2,MECP2
MID1,MID1
MTHFR,MTHFR
NEDD4L,NEDD4L
NPC1,NPC1
NPHP1,NPHP1
NR2F1,NR2F1
NR4A2,NR4A2
OTC,OTC
OTUD7A,OTUD7A
OTX2,OTX2
PAX6,PAX6
PDHX,PDHX
POU1F1,POU1F1
POU3F2,POU3F2
POU3F3,POU3F3
PPM1D,PPM1D
PSAT1,PSAT1
PTEN,PTEN
RAF1,RAF1
RANBP2,RANBP2
RARB,RARB
RBM10,RBM10
RERE,RERE
RNF113A,RNF113A
SALL1,SALL1
SAMD9,SAMD9
SATB1,SATB1
SATB2,SATB2
SETD2,SETD2
SHOC2,SHOC2
SIX3,SIX3
SMARCA4,SMARCA4
SMARCB1,SMARCB1
SMARCC2,SMARCC2
SMARCE1,SMARCE1
SOD1,SOD1
SOX11,SOX11
SOX2,SOX2
SOX3,SOX3
SOX4,SOX4
SOX5,SOX5
SOX6,SOX6
SPOP,SPOP
SPTAN1,SPTAN1
SUOX,SUOX
TFG,TFG
TIAM1,TIAM1
TOE1,TOE1
TP63,TP63
TP73,TP73
TRIM71,TRIM71
UBE3A,UBE3A
UBR5,UBR5
UBTF,UBTF
UFM1,UFM1
VCP,VCP
WBP4,WBP4
YAP1,YAP1
YY1,YY1
ZBTB20,ZBTB20
ZBTB24,ZBTB24
ZFHX3,ZFHX3
ZFHX4,ZFHX4
ZIC2,ZIC2
ZMYM2,ZMYM2
ZMYM3,ZMYM3
ZNF148,ZNF148
ZNF292,ZNF292
ZNF711,ZNF711
