accession,hgvs_nt,hgvs_splice,hgvs_pro,score,sigma,raw_score,raw_sigma
urn:mavedb:00000757-a-1#1,NA,NA,p.Lys1Ter,-1.75241469053892,0.316647937098883,0.005436637,0.01910512
urn:mavedb:00000757-a-1#2,NA,NA,p.Lys1Ala,-0.967735484996555,0.169580520690409,0.05278067,0.01023173
urn:mavedb:00000757-a-1#3,NA,NA,p.Lys1Cys,-1.11550945030703,0.260926371463751,0.04386465,0.01574313
urn:mavedb:00000757-a-1#4,NA,NA,p.Lys1Asp,-0.327960675042755,0.155967114996502,0.09138182,0.009410358
urn:mavedb:00000757-a-1#5,NA,NA,p.Lys1Glu,-0.585527665860345,0.106419208921629,0.07584138,0.006420859
urn:mavedb:00000757-a-1#6,NA,NA,p.Lys1Phe,-0.734532249420248,0.389929140669718,0.06685111,0.02352658
urn:mavedb:00000757-a-1#7,NA,NA,p.Lys1Gly,-0.815475108185225,0.0968669263207639,0.06196738,0.005844517
urn:mavedb:00000757-a-1#8,NA,NA,p.Lys1His,-0.436412699572614,0.291966458600473,0.08483831,0.01761595
urn:mavedb:00000757-a-1#9,NA,NA,p.Lys1Ile,0.164339329996565,0.345096184749461,0.121085,0.02082156
urn:mavedb:00000757-a-1#10,NA,NA,p.Arg2Ter,-2.11169268573466,0.737826162832937,-0.01624059,0.04451713
urn:mavedb:00000757-a-1#11,NA,NA,p.Arg2Ala,0.0840748443622183,0.0956607049745393,0.1162422,0.005771739
urn:mavedb:00000757-a-1#12,NA,NA,p.Arg2Cys,0.0696919417782821,0.182208238457984,0.1153744,0.01099363
urn:mavedb:00000757-a-1#13,NA,NA,p.Arg2Asp,NA,NA,NA,NA
urn:mavedb:00000757-a-1#14,NA,NA,p.Arg2Glu,0.175498592856399,0.101388855867529,0.1217583,0.00611735
urn:mavedb:00000757-a-1#15,NA,NA,p.Arg2Phe,-0.0436194088734769,0.68394331488928,0.1085377,0.04126608
urn:mavedb:00000757-a-1#16,NA,NA,p.Arg2Gly,0.20414838014217,0.0789372410631073,0.1234869,0.00476272
urn:mavedb:00000757-a-1#17,NA,NA,p.Arg2His,0.104401177306375,0.34706285359091,0.1174686,0.02094022
urn:mavedb:00000757-a-1#18,NA,NA,p.Arg2Ile,1.08618593060591,0.267678114982555,0.1767051,0.0161505
urn:mavedb:00000757-a-1#19,NA,NA,p.Arg2Lys,0.123179500223637,0.10279316946045,0.1186016,0.00620208
urn:mavedb:00000757-a-1#20,NA,NA,p.Arg2Leu,0.226828218694669,0.0894971555440061,0.1248553,0.005399858
urn:mavedb:00000757-a-1#21,NA,NA,p.Arg2Met,0.558687426055692,0.112639938594055,0.1448782,0.00679619
urn:mavedb:00000757-a-1#22,NA,NA,p.Arg2Asn,0.571054932287696,0.141492939487318,0.1456244,0.008537051
urn:mavedb:00000757-a-1#23,NA,NA,p.Arg2Pro,-0.20905295323809,0.125914704664092,0.09855618,0.00759713
urn:mavedb:00000757-a-1#24,NA,NA,p.Arg2Gln,0.381264593754726,0.107900989311828,0.1341733,0.006510263
urn:mavedb:00000757-a-1#25,NA,NA,p.Cys3Ter,-1.38635651086926,0.2051595588546,0.02752295,0.01237841
urn:mavedb:00000757-a-1#26,NA,NA,p.Cys3Ala,-1.03111787712667,0.115021371364017,0.04895646,0.006939875
urn:mavedb:00000757-a-1#27,NA,NA,p.Pro4Ter,-1.98833438538073,0.31265940805207,-0.008797702,0.01886447
urn:mavedb:00000757-a-1#28,NA,NA,p.Pro4Ala,0.0983251550808957,0.077899908605256,0.117102,0.004700132
urn:mavedb:00000757-a-1#29,NA,NA,p.Pro4Cys,0.182134815712597,0.118192272673712,0.1221587,0.007131193
urn:mavedb:00000757-a-1#30,NA,NA,p.Pro4Asp,-1.46692529483438,0.392038014286657,0.02266179,0.02365382
urn:mavedb:00000757-a-1#31,NA,NA,p.Pro4Glu,-1.27116997976308,0.141383385458648,0.03447279,0.008530441
urn:mavedb:00000757-a-1#32,NA,NA,p.Pro4Phe,0.434263219696939,0.20851048676935,0.137371,0.01258059
urn:mavedb:00000757-a-1#33,NA,NA,p.Pro4Gly,0.0556488058490714,0.0696322754389157,0.1145271,0.0042013
urn:mavedb:00000757-a-1#34,NA,NA,p.Pro4His,-0.0222273688123033,0.317125930773141,0.1098284,0.01913396
urn:mavedb:00000757-a-1#35,NA,NA,p.Pro4Ile,0.0131282520589257,0.136709555356246,0.1119616,0.008248443
urn:mavedb:00000757-a-1#36,NA,NA,p.Pro4Lys,-1.43587410312894,0.327953051010502,0.02453528,0.01978722
urn:mavedb:00000757-a-1#37,NA,NA,p.Pro4Leu,0.0653727617674804,0.093543411774156,0.1151138,0.005643991
urn:mavedb:00000757-a-1#38,NA,NA,p.Pro4Met,-0.0791954637206986,0.109342610940836,0.1063912,0.006597244
urn:mavedb:00000757-a-1#39,NA,NA,p.Pro4Asn,-1.14646152959318,0.279323161288731,0.04199714,0.01685311
urn:mavedb:00000757-a-1#40,NA,NA,p.Ser5Ter,-1.97437039022109,0.307195794504254,-0.007955177,0.01853482
urn:mavedb:00000757-a-1#41,NA,NA,p.Ser5Ala,0.461621893694754,0.0735339733879674,0.1390217,0.004436711
urn:mavedb:00000757-a-1#42,NA,NA,p.Ser5Cys,0.136791712590757,0.100880067732565,0.1194229,0.006086652
urn:mavedb:00000757-a-1#43,NA,NA,p.Ser5Asp,-0.146809028011051,0.115039801633288,0.1023117,0.006940987
urn:mavedb:00000757-a-1#44,NA,NA,p.Ser5Glu,0.495790817371918,0.0907597781549151,0.1410833,0.005476039
urn:mavedb:00000757-a-1#45,NA,NA,p.Ser5Phe,-0.42295910022431,0.21910573698234,0.08565004,0.01321986
urn:mavedb:00000757-a-1#46,NA,NA,p.Ser5Gly,0.559711698214816,0.0704659633657129,0.14494,0.004251601
urn:mavedb:00000757-a-1#47,NA,NA,p.Ser5His,-0.336475890369499,0.316086244809681,0.09086805,0.01907123
urn:mavedb:00000757-a-1#48,NA,NA,p.Ser5Ile,-0.142370515321516,0.226119017955367,0.1025795,0.01364301
urn:mavedb:00000757-a-1#49,NA,NA,p.Ser5Lys,0.489010400862251,0.109192599819279,0.1406742,0.006588193
urn:mavedb:00000757-a-1#50,NA,NA,p.Ser5Leu,-0.120691745351721,0.0809264339476676,0.1038875,0.004882739
urn:mavedb:00000757-a-1#51,NA,NA,p.Ser5Met,0.395113814080996,0.106539817797065,0.1350089,0.006428136
urn:mavedb:00000757-a-1#52,NA,NA,p.Ser5Asn,0.755394087760219,0.160728289990144,0.1567466,0.009697626
urn:mavedb:00000757-a-1#53,NA,NA,p.Ser5Pro,-0.400687644616808,0.102748055078296,0.0869938,0.006199358
urn:mavedb:00000757-a-1#54,NA,NA,p.Ser5Gln,0.310170493001333,0.0948407071578301,0.1298838,0.005722264
urn:mavedb:00000757-a-1#55,NA,NA,p.Ser5Arg,0.397087775475034,0.0708748601041875,0.135128,0.004276272
urn:mavedb:00000757-a-1#56,NA,NA,p.Cys6Ter,-1.04226106322284,0.822666890956856,0.04828413,0.04963604
urn:mavedb:00000757-a-1#57,NA,NA,p.Cys6Ala,-0.0293790425446938,0.0957709053885525,0.1093969,0.005778388
urn:mavedb:00000757-a-1#58,NA,NA,p.Gln7Ter,-1.92661345219222,0.974970691604059,-0.005073737,0.05882537
urn:mavedb:00000757-a-1#59,NA,NA,p.Gln7Ala,-0.0635728271965939,0.151001516494598,0.1073338,0.009110756
urn:mavedb:00000757-a-1#60,NA,NA,p.Gln7Cys,-0.024544411657699,0.112774436467377,0.1096886,0.006804305
urn:mavedb:00000757-a-1#61,NA,NA,p.Gln7Asp,0.538482083188584,0.236998346239674,0.1436591,0.01429942
urn:mavedb:00000757-a-1#62,NA,NA,p.Gln7Glu,0.0890056043515257,0.111193394492049,0.1165397,0.006708912
urn:mavedb:00000757-a-1#63,NA,NA,p.Gln7Phe,-0.198130035378079,0.518694901916535,0.09921522,0.03129573
urn:mavedb:00000757-a-1#64,NA,NA,p.Gln7Gly,0.257897807521411,0.0791070580945374,0.1267299,0.004772966
urn:mavedb:00000757-a-1#65,NA,NA,p.Gln7His,-0.316975439006072,0.201500354853123,0.09204462,0.01215763
urn:mavedb:00000757-a-1#66,NA,NA,p.Gln7Ile,-0.346406358118048,0.338784811963147,0.09026889,0.02044076
urn:mavedb:00000757-a-1#67,NA,NA,p.Gln7Lys,0.324415831525063,0.191058248244507,0.1307433,0.0115276
urn:mavedb:00000757-a-1#68,NA,NA,p.Gln7Leu,0.0060577908440061,0.115334818533489,0.111535,0.006958787
urn:mavedb:00000757-a-1#69,NA,NA,p.Gln7Met,0.130097480793509,0.153297510381384,0.119019,0.009249286
urn:mavedb:00000757-a-1#70,NA,NA,p.Gln7Asn,-0.803791113018629,0.931432826727716,0.06267234,0.05619849
urn:mavedb:00000757-a-1#71,NA,NA,p.Gln7Pro,-0.180041521639825,0.117069700220483,0.1003066,0.007063462
urn:mavedb:00000757-a-1#72,NA,NA,p.Ala8Ter,-1.50488004774434,0.234973502717342,0.02037177,0.01417725
urn:mavedb:00000757-a-1#73,NA,NA,p.Pro9Ter,-1.93101596619033,0.569646475198986,-0.005339365,0.03436992
urn:mavedb:00000757-a-1#74,NA,NA,p.Pro9Ala,-0.197724304270387,0.0900144958542792,0.0992397,0.005431072
urn:mavedb:00000757-a-1#75,NA,NA,p.Pro9Cys,-0.0738271505760377,0.128906391493907,0.1067151,0.007777635
urn:mavedb:00000757-a-1#76,NA,NA,p.Pro9Asp,-0.267290118036842,0.423902159865962,0.09504241,0.02557636
urn:mavedb:00000757-a-1#77,NA,NA,p.Pro9Glu,0.0506650091136604,0.0918791849773616,0.1142264,0.005543579
urn:mavedb:00000757-a-1#78,NA,NA,p.Pro9Phe,-0.37309262561917,0.213704607351027,0.08865876,0.01289398
urn:mavedb:00000757-a-1#79,NA,NA,p.Pro9Gly,-0.0785126156146165,0.0794301181742402,0.1064324,0.004792458
urn:mavedb:00000757-a-1#80,NA,NA,p.Pro9His,-0.290789871536134,0.159406150205717,0.09362454,0.009617854
urn:mavedb:00000757-a-1#81,NA,NA,p.Pro9Ile,-0.5298795229706,0.411090139405678,0.07919894,0.02480334
urn:mavedb:00000757-a-1#82,NA,NA,p.Pro9Lys,-0.348895604648449,0.148419538528432,0.0901187,0.008954971
urn:mavedb:00000757-a-1#83,NA,NA,p.Pro9Leu,-0.390041843755188,0.0892083704614726,0.08763612,0.005382434
urn:mavedb:00000757-a-1#84,NA,NA,p.Pro9Met,0.0558543232402223,0.102133558078755,0.1145395,0.006162282
urn:mavedb:00000757-a-1#85,NA,NA,p.Pro9Asn,-0.0260642459132267,0.261314368409464,0.1095969,0.01576654
urn:mavedb:00000757-a-1#86,NA,NA,p.Ile10Ter,-2.26612640895742,0.945699545689719,-0.02555843,0.05705928
urn:mavedb:00000757-a-1#87,NA,NA,p.Ile10Ala,-0.192617031360454,0.107494644966759,0.09954785,0.006485746
urn:mavedb:00000757-a-1#88,NA,NA,p.Ile10Cys,-0.129489215611635,0.12845254611311,0.1033567,0.007750252
urn:mavedb:00000757-a-1#89,NA,NA,p.Ile10Asp,-0.0107051357213234,0.0903408044346808,0.1105236,0.00545076
urn:mavedb:00000757-a-1#90,NA,NA,p.Ile10Glu,0.0587696868775976,0.125646421598724,0.1147154,0.007580943
urn:mavedb:00000757-a-1#91,NA,NA,p.Ile10Phe,-0.336658701403725,0.151362332107933,0.09085702,0.009132526
urn:mavedb:00000757-a-1#92,NA,NA,p.Ile10Gly,-0.302628336225756,0.0807669259337614,0.09291026,0.004873115
urn:mavedb:00000757-a-1#93,NA,NA,p.Ile10His,-0.588496397723487,0.178969516409209,0.07566226,0.01079822
urn:mavedb:00000757-a-1#94,NA,NA,p.Glu11Ter,-1.90637028749554,0.69535599395159,-0.003852355,0.04195467
urn:mavedb:00000757-a-1#95,NA,NA,p.Glu11Ala,-0.185071725528077,0.140949727189337,0.1000031,0.008504276
urn:mavedb:00000757-a-1#96,NA,NA,p.Glu11Cys,-0.4871161603272,0.159296380715266,0.08177909,0.009611231
urn:mavedb:00000757-a-1#97,NA,NA,p.Glu11Asp,-0.137048609329696,0.20281367727851,0.1029006,0.01223687
urn:mavedb:00000757-a-1#98,NA,NA,p.Lys12Ter,-2.07948496148451,0.365535386518919,-0.01429732,0.02205477
urn:mavedb:00000757-a-1#99,NA,NA,p.Lys12Ala,0.125726921434919,0.081098074117245,0.1187553,0.004893095
urn:mavedb:00000757-a-1#100,NA,NA,p.Lys12Cys,-0.261801974993953,0.117383942941146,0.09537354,0.007082422
urn:mavedb:00000757-a-1#101,NA,NA,p.Lys12Asp,-0.247658566466641,0.117623553015652,0.09622689,0.007096879
urn:mavedb:00000757-a-1#102,NA,NA,p.Lys12Glu,-0.0536317520988236,0.10004528592288,0.1079336,0.006036285
urn:mavedb:00000757-a-1#103,NA,NA,p.Lys12Phe,-0.46864876533397,0.382388641292456,0.08289333,0.02307162
urn:mavedb:00000757-a-1#104,NA,NA,p.Lys12Gly,0.268463721784213,0.0707691843875764,0.1273674,0.004269896
urn:mavedb:00000757-a-1#105,NA,NA,p.Lys12His,-0.150574636984398,0.198129206678921,0.1020845,0.01195423
urn:mavedb:00000757-a-1#106,NA,NA,p.Lys12Ile,-0.491804774422578,0.234944995466311,0.0814962,0.01417553
urn:mavedb:00000757-a-1#107,NA,NA,p.Asn13Ter,-1.52556106392807,0.341297759289463,0.01912397,0.02059238
urn:mavedb:00000757-a-1#108,NA,NA,p.Asn13Ala,-0.0706913529626697,0.0742097278292583,0.1069043,0.004477483
urn:mavedb:00000757-a-1#109,NA,NA,p.Asn13Cys,-0.101419517736371,0.153369358598371,0.1050503,0.009253621
urn:mavedb:00000757-a-1#110,NA,NA,p.Asn13Asp,-0.209181070127896,0.132274374037326,0.09854845,0.007980844
urn:mavedb:00000757-a-1#111,NA,NA,p.Asn13Glu,-0.0015877875864729,0.100191451880344,0.1110737,0.006045104
urn:mavedb:00000757-a-1#112,NA,NA,p.Asn13Phe,-0.360326515092232,0.173447562440679,0.08942901,0.01046505
urn:mavedb:00000757-a-1#113,NA,NA,p.Asn13Gly,-0.0593431466948416,0.070128351328798,0.107589,0.004231231
urn:mavedb:00000757-a-1#114,NA,NA,p.Asn13His,-0.164670809659712,0.135041367377477,0.101234,0.008147792
urn:mavedb:00000757-a-1#115,NA,NA,p.Asn13Ile,0.492525742689922,0.183885525553506,0.1408863,0.01109483
urn:mavedb:00000757-a-1#116,NA,NA,p.Asn13Lys,0.116660952647857,0.110751001733614,0.1182083,0.00668222
urn:mavedb:00000757-a-1#117,NA,NA,p.Asn13Leu,0.229428676652055,0.0915739087815866,0.1250122,0.00552516
urn:mavedb:00000757-a-1#118,NA,NA,p.Asn13Met,-0.0233858902350013,0.0965204803508262,0.1097585,0.005823614
urn:mavedb:00000757-a-1#119,NA,NA,p.Glu14Ter,-1.43604034018001,0.526338822948698,0.02452525,0.03175693
urn:mavedb:00000757-a-1#120,NA,NA,p.Glu14Ala,-0.0005403118509292,0.0869020509831799,0.1111369,0.005243281
urn:mavedb:00000757-a-1#121,NA,NA,p.Glu14Cys,-0.0010441609389122,0.127472824820713,0.1111065,0.00769114
urn:mavedb:00000757-a-1#122,NA,NA,p.Glu14Asp,-0.0838411511997001,0.160468211046439,0.1061109,0.009681934
urn:mavedb:00000757-a-1#123,NA,NA,p.Gly15Ter,-1.4121278945001,0.348683291924203,0.02596802,0.02103799
urn:mavedb:00000757-a-1#124,NA,NA,p.Gly15Ala,-0.0026104023472805,0.099967338480091,0.111012,0.006031582
urn:mavedb:00000757-a-1#125,NA,NA,p.Gly15Cys,-0.113188703176395,0.331947546691252,0.1043402,0.02002823
urn:mavedb:00000757-a-1#126,NA,NA,p.Gly15Asp,-0.224822103773305,0.135395404231701,0.09760474,0.008169153
urn:mavedb:00000757-a-1#127,NA,NA,p.Gly15Glu,0.0448061060675421,0.0970118658034748,0.1138729,0.005853262
urn:mavedb:00000757-a-1#128,NA,NA,p.Gly15Phe,NA,NA,NA,NA
urn:mavedb:00000757-a-1#129,NA,NA,p.Cys16Ter,-2.15540258855618,0.271480186718848,-0.01887785,0.0163799
urn:mavedb:00000757-a-1#130,NA,NA,p.Cys16Ala,0.328963732503436,0.0793395413562853,0.1310177,0.004786993
urn:mavedb:00000757-a-1#131,NA,NA,p.Leu17Ter,-1.90372812939653,0.283489529174822,-0.003692939,0.01710449
urn:mavedb:00000757-a-1#132,NA,NA,p.Leu17Ala,-0.0528295713140087,0.0789052698495968,0.107982,0.004760791
urn:mavedb:00000757-a-1#133,NA,NA,p.Leu17Cys,-0.208793736141509,0.248784437142518,0.09857182,0.01501054
urn:mavedb:00000757-a-1#134,NA,NA,p.Leu17Asp,-0.0056600152482303,0.140104851823908,0.110828,0.0084533
urn:mavedb:00000757-a-1#135,NA,NA,p.Leu17Glu,0.0080267800430977,0.112329739925283,0.1116538,0.006777474
urn:mavedb:00000757-a-1#136,NA,NA,p.Leu17Phe,NA,NA,NA,NA
urn:mavedb:00000757-a-1#137,NA,NA,p.Leu17Gly,-0.0620745391191706,0.0748854822705492,0.1074242,0.004518255
urn:mavedb:00000757-a-1#138,NA,NA,p.Leu17His,-0.104387918119849,0.500829971211074,0.1048712,0.03021784
urn:mavedb:00000757-a-1#139,NA,NA,p.Leu17Ile,-0.267140454968931,0.205448774860695,0.09505144,0.01239586
urn:mavedb:00000757-a-1#140,NA,NA,p.Leu17Lys,-0.861802208687116,0.165280682517952,0.05917221,0.009972297
urn:mavedb:00000757-a-1#141,NA,NA,p.His18Ter,-1.62619116284665,0.44483012839873,0.0130524,0.02683906
urn:mavedb:00000757-a-1#142,NA,NA,p.His18Ala,-0.141908101191427,0.0828233926159574,0.1026074,0.004997193
urn:mavedb:00000757-a-1#143,NA,NA,p.His18Cys,-0.424905217326644,0.138561880287893,0.08553262,0.008360204
urn:mavedb:00000757-a-1#144,NA,NA,p.His18Asp,-0.274488696141568,0.158947647535652,0.09460808,0.00959019
urn:mavedb:00000757-a-1#145,NA,NA,p.His18Glu,0.0194711154132382,0.0937808838048343,0.1123443,0.005658319
urn:mavedb:00000757-a-1#146,NA,NA,p.His18Phe,-0.057536582530692,0.291740886689702,0.107698,0.01760234
urn:mavedb:00000757-a-1#147,NA,NA,p.His18Gly,-0.215838839162197,0.0810390375892386,0.09814675,0.004889533
urn:mavedb:00000757-a-1#148,NA,NA,p.Met19Ter,-2.29767896365336,0.61527862858709,-0.02746217,0.03712316
urn:mavedb:00000757-a-1#149,NA,NA,p.Met19Ala,-0.0482849851322671,0.0952167708356701,0.1082562,0.005744954
urn:mavedb:00000757-a-1#150,NA,NA,p.Met19Cys,-0.0116150473966611,0.133985538354422,0.1104687,0.008084088
urn:mavedb:00000757-a-1#151,NA,NA,p.Met19Asp,0.0456116016489885,0.132397817063882,0.1139215,0.007988292
urn:mavedb:00000757-a-1#152,NA,NA,p.Met19Glu,-0.186059037704759,0.104128701023269,0.09994353,0.00628266
urn:mavedb:00000757-a-1#153,NA,NA,p.Met19Phe,-0.480259669234841,0.220241717787944,0.08219278,0.0132884
urn:mavedb:00000757-a-1#154,NA,NA,p.Met19Gly,-0.219698919839541,0.074165773625925,0.09791385,0.004474831
urn:mavedb:00000757-a-1#155,NA,NA,p.Met19His,-0.405439571327848,0.212608238365169,0.08670709,0.01282783
urn:mavedb:00000757-a-1#156,NA,NA,p.Met19Ile,-0.0083400283247716,0.187688094509294,0.1106663,0.01132426
urn:mavedb:00000757-a-1#157,NA,NA,p.Met19Lys,0.0031739177746298,0.125734346579374,0.111361,0.007586248
urn:mavedb:00000757-a-1#158,NA,NA,p.Met19Leu,-0.0344888015521007,0.0922363543144021,0.1090886,0.005565129
urn:mavedb:00000757-a-1#159,NA,NA,p.Thr20Ter,-2.635130895891,0.928135267038732,-0.04782251,0.05599953
urn:mavedb:00000757-a-1#160,NA,NA,p.Thr20Ala,-0.218484709833435,0.0849626960659737,0.09798711,0.005126269
urn:mavedb:00000757-a-1#161,NA,NA,p.Thr20Cys,-0.446946791787754,0.128990355292582,0.08420273,0.007782701
urn:mavedb:00000757-a-1#162,NA,NA,p.Thr20Asp,-0.165759720353149,0.141535816381747,0.1011683,0.008539638
urn:mavedb:00000757-a-1#163,NA,NA,p.Thr20Glu,-0.305516850010416,0.111706939360179,0.09273598,0.006739897
urn:mavedb:00000757-a-1#164,NA,NA,p.Thr20Phe,-0.461993813876804,0.23580866572864,0.08329486,0.01422764
urn:mavedb:00000757-a-1#165,NA,NA,p.Thr20Gly,-0.287583800234179,0.0832738900521569,0.09381798,0.005024374
urn:mavedb:00000757-a-1#166,NA,NA,p.Thr20His,-0.153723693784292,0.145889602869381,0.1018945,0.008802326
urn:mavedb:00000757-a-1#167,NA,NA,p.Thr20Ile,0.196176294243492,0.161263298166463,0.1230059,0.009729906
urn:mavedb:00000757-a-1#168,NA,NA,p.Thr20Lys,0.0616850505149731,0.12613967991147,0.1148913,0.007610704
urn:mavedb:00000757-a-1#169,NA,NA,p.Thr20Leu,-0.0986980697019359,0.0967446103250628,0.1052145,0.005837137
urn:mavedb:00000757-a-1#170,NA,NA,p.Thr20Met,-0.0348368551984046,0.117150929311937,0.1090676,0.007068363
urn:mavedb:00000757-a-1#171,NA,NA,p.Thr20Asn,-0.0306370078663356,0.124052750248231,0.109321,0.007484788
urn:mavedb:00000757-a-1#172,NA,NA,p.Thr20Pro,-0.102766982567062,0.103134958141121,0.104969,0.006222702
urn:mavedb:00000757-a-1#173,NA,NA,p.Thr20Gln,-0.0292050157215418,0.104214139906445,0.1094074,0.006287815
urn:mavedb:00000757-a-1#174,NA,NA,p.Thr20Arg,-0.14292077156234,0.077082247720172,0.1025463,0.004650798
urn:mavedb:00000757-a-1#175,NA,NA,p.Thr20Ser,-0.304202201666376,0.097333384502744,0.0928153,0.005872661
urn:mavedb:00000757-a-1#176,NA,NA,p.Cys21Ter,-1.88665265065682,0.358147202046874,-0.002662681,0.021609
urn:mavedb:00000757-a-1#177,NA,NA,p.Cys21Ala,-0.471586835328271,0.0874972061443766,0.08271606,0.00527919
urn:mavedb:00000757-a-1#178,NA,NA,p.Ala22Ter,-1.52798368304617,0.466385422194004,0.0189778,0.02813961
urn:mavedb:00000757-a-1#179,NA,NA,p.Lys23Ter,-1.88787546256019,0.321603558062927,-0.00273646,0.01940412
urn:mavedb:00000757-a-1#180,NA,NA,p.Lys23Ala,-0.101750997399517,0.0854240826091076,0.1050303,0.005154107
urn:mavedb:00000757-a-1#181,NA,NA,p.Lys23Cys,-0.674934360604278,0.163528945090087,0.07044698,0.009866605
urn:mavedb:00000757-a-1#182,NA,NA,p.Lys23Asp,-0.239260363460987,0.320617737544728,0.0967336,0.01934464
urn:mavedb:00000757-a-1#183,NA,NA,p.Lys23Glu,-0.209469954654328,0.0970837140204619,0.09853102,0.005857597
urn:mavedb:00000757-a-1#184,NA,NA,p.Lys23Phe,0.0196003924818654,0.216827311517701,0.1123521,0.01308239
urn:mavedb:00000757-a-1#185,NA,NA,p.Lys23Gly,-0.26217986180994,0.0802570936378586,0.09535074,0.004842354
urn:mavedb:00000757-a-1#186,NA,NA,p.Lys23His,-0.223158738823635,0.18977028401335,0.0977051,0.01144989
urn:mavedb:00000757-a-1#187,NA,NA,p.Lys23Ile,-0.436648050133448,0.141510358743617,0.08482411,0.008538102
urn:mavedb:00000757-a-1#188,NA,NA,p.Cys24Ter,NA,NA,NA,NA
urn:mavedb:00000757-a-1#189,NA,NA,p.Cys24Ala,-0.45017192317034,0.09408138669346,0.08400814,0.00567645
urn:mavedb:00000757-a-1#190,NA,NA,p.Asn25Ter,-1.31375633226636,0.408541392275743,0.03190332,0.02464956
urn:mavedb:00000757-a-1#191,NA,NA,p.Asn25Ala,-0.127021349519507,0.0912664282460517,0.1035056,0.005506608
urn:mavedb:00000757-a-1#192,NA,NA,p.Asn25Cys,0.125713662248393,0.120091352811846,0.1187545,0.007245775
urn:mavedb:00000757-a-1#193,NA,NA,p.Asn25Asp,0.086527793869504,0.125025576763634,0.1163902,0.007543484
urn:mavedb:00000757-a-1#194,NA,NA,p.Asn25Glu,-0.0447116343635455,0.0872807499243418,0.1084718,0.00526613
urn:mavedb:00000757-a-1#195,NA,NA,p.Asn25Phe,-0.241820546639301,0.16191614736303,0.09657913,0.009769296
urn:mavedb:00000757-a-1#196,NA,NA,p.Asn25Gly,0.208434412186657,0.076620960620937,0.1237455,0.004622966
urn:mavedb:00000757-a-1#197,NA,NA,p.Asn25His,-0.428662373568581,0.27528109827632,0.08530593,0.01660923
urn:mavedb:00000757-a-1#198,NA,NA,p.Asn25Ile,-0.120675171368564,0.222287278789222,0.1038885,0.01341182
urn:mavedb:00000757-a-1#199,NA,NA,p.Asn25Lys,-0.0922143274907862,0.135791257245431,0.1056057,0.008193037
urn:mavedb:00000757-a-1#200,NA,NA,p.Asn25Leu,-0.239034294330721,0.0899141072382952,0.09674724,0.005425015
urn:mavedb:00000757-a-1#201,NA,NA,p.Asn25Met,-0.0600840037419746,0.13993546571604,0.1075443,0.00844308
urn:mavedb:00000757-a-1#202,NA,NA,p.His26Ter,-2.44635339346877,0.935749852120707,-0.03643252,0.05645896
urn:mavedb:00000757-a-1#203,NA,NA,p.His26Ala,-0.021557779892747,0.0890761432238434,0.1098688,0.005374456
urn:mavedb:00000757-a-1#204,NA,NA,p.His26Cys,-0.627990542189103,0.153764266895061,0.07327936,0.009277448
urn:mavedb:00000757-a-1#205,NA,NA,p.His26Asp,0.062954617624825,0.114135226780527,0.1149679,0.006886409
urn:mavedb:00000757-a-1#206,NA,NA,p.His26Glu,-0.0907955945325181,0.0925586519908797,0.1056913,0.005584575
urn:mavedb:00000757-a-1#207,NA,NA,p.His26Phe,0.145870940564346,0.19464867021588,0.1199707,0.01174423
urn:mavedb:00000757-a-1#208,NA,NA,p.His26Gly,-0.0197064659740727,0.0750953088973211,0.1099805,0.004530915
urn:mavedb:00000757-a-1#209,NA,NA,p.Gly27Ter,NA,NA,NA,NA
urn:mavedb:00000757-a-1#210,NA,NA,p.Gly27Ala,0.193657048803577,0.0770038527798378,0.1228539,0.004646068
urn:mavedb:00000757-a-1#211,NA,NA,p.Gly27Cys,0.036494253514138,0.115135847865685,0.1133714,0.006946782
urn:mavedb:00000757-a-1#212,NA,NA,p.Gly27Asp,0.193191319876856,0.138825008844499,0.1228258,0.00837608
urn:mavedb:00000757-a-1#213,NA,NA,p.Gly27Glu,0.707888079836346,0.0912484620483091,0.1538803,0.005505524
urn:mavedb:00000757-a-1#214,NA,NA,p.Gly27Phe,-0.572626311630843,1.47382056904733,0.07661979,0.08892374
urn:mavedb:00000757-a-1#215,NA,NA,p.Phe28Ter,-2.01659713701181,0.401722855604815,-0.01050295,0.02423816
urn:mavedb:00000757-a-1#216,NA,NA,p.Phe28Ala,-0.173464965122994,0.0844092078984344,0.1007034,0.005092874
urn:mavedb:00000757-a-1#217,NA,NA,p.Phe28Cys,-0.188524914918908,0.145158093548749,0.09979475,0.00875819
urn:mavedb:00000757-a-1#218,NA,NA,p.Phe28Asp,0.100937214826492,0.164652628000188,0.1172596,0.009934403
urn:mavedb:00000757-a-1#219,NA,NA,p.Phe28Glu,-0.0736647255410957,0.0889758209037921,0.1067249,0.005368403
urn:mavedb:00000757-a-1#220,NA,NA,p.Cys29Ter,-1.95878357007459,1.14081029855603,-0.007014738,0.06883139
urn:mavedb:00000757-a-1#221,NA,NA,p.Cys29Ala,-0.759691224373421,0.105544069462956,0.06533313,0.006368057
urn:mavedb:00000757-a-1#222,NA,NA,p.Trp30Ter,-1.03495591440642,1.19326712098883,0.04872489,0.0719964
urn:mavedb:00000757-a-1#223,NA,NA,p.Trp30Ala,0.180160854318558,0.0834225752550614,0.1220396,0.005033345
urn:mavedb:00000757-a-1#224,NA,NA,p.Trp30Cys,-1.09337373562158,0.242617589489337,0.04520022,0.01463846
urn:mavedb:00000757-a-1#225,NA,NA,p.Trp30Asp,0.019298745988402,0.250863974809269,0.1123339,0.01513601
urn:mavedb:00000757-a-1#226,NA,NA,p.Trp30Glu,0.0161911241464014,0.105688047654643,0.1121464,0.006376744
urn:mavedb:00000757-a-1#227,NA,NA,p.Trp30Phe,-0.161535012046344,0.137083099788646,0.1014232,0.008270981
urn:mavedb:00000757-a-1#228,NA,NA,p.Trp30Gly,0.162433321933471,0.0697550720801284,0.12097,0.004208709
urn:mavedb:00000757-a-1#229,NA,NA,p.Trp30His,-0.0686278920595814,0.214733188745772,0.1070288,0.01295604
urn:mavedb:00000757-a-1#230,NA,NA,p.Trp30Ile,-0.257783778517289,0.121464490742448,0.09561598,0.007328624
urn:mavedb:00000757-a-1#231,NA,NA,p.Trp30Lys,-0.366400879919396,0.146248727936434,0.08906251,0.008823994
urn:mavedb:00000757-a-1#232,NA,NA,p.Trp30Leu,-0.15626117060568,0.0825006142939683,0.1017414,0.004977718
urn:mavedb:00000757-a-1#233,NA,NA,p.Trp30Met,-0.223360112718997,0.125187206247384,0.09769295,0.007553236
urn:mavedb:00000757-a-1#234,NA,NA,p.Trp30Asn,NA,NA,NA,NA
urn:mavedb:00000757-a-1#235,NA,NA,p.Trp30Pro,0.134360309261576,0.111163942523979,0.1192762,0.006707135
urn:mavedb:00000757-a-1#236,NA,NA,p.Trp30Gln,-0.0503898809932488,0.123770147261415,0.1081292,0.007467737
urn:mavedb:00000757-a-1#237,NA,NA,p.Trp30Arg,-0.255596841439678,0.087304367850341,0.09574793,0.005267555
urn:mavedb:00000757-a-1#238,NA,NA,p.Trp30Ser,-0.101243833514903,0.105914812892202,0.1050609,0.006390426
urn:mavedb:00000757-a-1#239,NA,NA,p.Trp30Thr,-0.0142055609641527,0.120678071815616,0.1103124,0.007281175
urn:mavedb:00000757-a-1#240,NA,NA,p.Trp30Val,-0.0557499071463313,0.0848444904180956,0.1078058,0.005119137
urn:mavedb:00000757-a-1#241,NA,NA,p.Arg31Ter,-1.93258608591076,0.348610863617806,-0.005434099,0.02103362
urn:mavedb:00000757-a-1#242,NA,NA,p.Arg31Ala,-0.0263078834656394,0.0763683896916023,0.1095822,0.004607727
urn:mavedb:00000757-a-1#243,NA,NA,p.Arg31Cys,0.0551731325324557,0.128364206782881,0.1144984,0.007744922
urn:mavedb:00000757-a-1#244,NA,NA,p.Arg31Asp,0.119418863445237,0.111050493609267,0.1183747,0.00670029
urn:mavedb:00000757-a-1#245,NA,NA,p.Arg31Glu,0.162315646653054,0.0913837554728225,0.1209629,0.005513687
urn:mavedb:00000757-a-1#246,NA,NA,p.Arg31Phe,-0.258366685504932,0.136371860449415,0.09558081,0.008228068
urn:mavedb:00000757-a-1#247,NA,NA,p.Arg31Gly,0.12761469811654,0.0808200124018144,0.1188692,0.004876318
urn:mavedb:00000757-a-1#248,NA,NA,p.Arg31His,0.0777817029573777,0.153575373209016,0.1158625,0.009266051
urn:mavedb:00000757-a-1#249,NA,NA,p.Arg31Ile,-0.0717288843083189,0.174471337380308,0.1068417,0.01052682
urn:mavedb:00000757-a-1#250,NA,NA,p.Arg31Lys,0.37059923559298,0.109049052551153,0.1335298,0.006579532
urn:mavedb:00000757-a-1#251,NA,NA,p.Arg31Leu,0.0960197140237102,0.0895399827164846,0.1169629,0.005402442
urn:mavedb:00000757-a-1#252,NA,NA,p.Arg31Met,-0.0348119942236686,0.102998504537787,0.1090691,0.006214469
urn:mavedb:00000757-a-1#253,NA,NA,p.Arg31Asn,0.169555162496179,0.164909458443194,0.1213997,0.009949899
urn:mavedb:00000757-a-1#254,NA,NA,p.Arg31Pro,-0.169566764284389,0.11829451757581,0.1009386,0.007137362
urn:mavedb:00000757-a-1#255,NA,NA,p.Arg31Gln,0.208363144059081,0.113484084704225,0.1237412,0.006847122
urn:mavedb:00000757-a-1#256,NA,NA,p.Cys32Ter,-2.07302806912607,0.813588657422257,-0.01390774,0.0490883
urn:mavedb:00000757-a-1#257,NA,NA,p.Cys32Ala,-0.63240087910727,0.0953946262489315,0.07301326,0.005755685
urn:mavedb:00000757-a-1#258,NA,NA,p.Leu33Ter,-1.7278186343497,0.244486471830158,0.006920653,0.01475122
urn:mavedb:00000757-a-1#259,NA,NA,p.Leu33Ala,-0.279739996965138,0.0952771167083459,0.09429124,0.005748595
urn:mavedb:00000757-a-1#260,NA,NA,p.Leu33Cys,-0.412194132423789,0.1323505646379,0.08629955,0.007985441
urn:mavedb:00000757-a-1#261,NA,NA,p.Leu33Asp,-0.23458351689365,0.133728326709803,0.09701578,0.008068569
urn:mavedb:00000757-a-1#262,NA,NA,p.Leu33Glu,0.0195440409391305,0.0977442866931807,0.1123487,0.005897453
urn:mavedb:00000757-a-1#263,NA,NA,p.Leu33Phe,-0.450579311676347,0.153509557921899,0.08398356,0.00926208
urn:mavedb:00000757-a-1#264,NA,NA,p.Leu33Gly,-0.26234626460084,0.074831003587911,0.0953407,0.004514968
urn:mavedb:00000757-a-1#265,NA,NA,p.Leu33His,-0.32068535939601,0.196162537837471,0.09182078,0.01183557
urn:mavedb:00000757-a-1#266,NA,NA,p.Leu33Ile,-0.500701522841605,0.185668057442078,0.08095941,0.01120238
urn:mavedb:00000757-a-1#267,NA,NA,p.Leu33Lys,-0.184261257751683,0.15652007279658,0.100052,0.009443721
urn:mavedb:00000757-a-1#268,NA,NA,p.Lys34Ter,-1.66154031986445,0.263711132113847,0.01091959,0.01591115
urn:mavedb:00000757-a-1#269,NA,NA,p.Lys34Ala,-0.431217584551947,0.0918767320278543,0.08515176,0.005543431
urn:mavedb:00000757-a-1#270,NA,NA,p.Lys34Cys,-0.340779490836133,0.129783387238694,0.09060839,0.007830549
urn:mavedb:00000757-a-1#271,NA,NA,p.Lys34Asp,-0.37557971753176,0.237291374261895,0.0885087,0.0143171
urn:mavedb:00000757-a-1#272,NA,NA,p.Lys34Glu,0.0449353831361693,0.0917474052372776,0.1138807,0.005535628
urn:mavedb:00000757-a-1#273,NA,NA,p.Lys34Phe,-0.378221278967376,0.184687374858658,0.08834932,0.01114321
urn:mavedb:00000757-a-1#274,NA,NA,p.Lys34Gly,-0.193928862127357,0.0734684398585633,0.0994687,0.004432757
urn:mavedb:00000757-a-1#275,NA,NA,p.Lys34His,-0.25155510990693,0.148048380749607,0.09599179,0.008932577
urn:mavedb:00000757-a-1#276,NA,NA,p.Lys34Ile,-0.538702019945082,0.142168975686323,0.07866663,0.00857784
urn:mavedb:00000757-a-1#277,NA,NA,p.Ser35Ter,-2.20310002598552,0.813205632671491,-0.0217557,0.04906519
urn:mavedb:00000757-a-1#278,NA,NA,p.Ser35Ala,0.0485236504897325,0.0833190044343112,0.1140972,0.005027096
urn:mavedb:00000757-a-1#279,NA,NA,p.Ser35Cys,-0.195369804223056,0.140337981471,0.09938176,0.008467366
urn:mavedb:00000757-a-1#280,NA,NA,p.Ser35Asp,0.0030711590790543,0.195201909773672,0.1113548,0.01177761
urn:mavedb:00000757-a-1#281,NA,NA,p.Ser35Glu,0.170330824907942,0.0844098045618281,0.1214465,0.00509291
urn:mavedb:00000757-a-1#282,NA,NA,p.Ser35Phe,0.18728103748295,0.171874359959385,0.1224692,0.01037013
urn:mavedb:00000757-a-1#283,NA,NA,p.Ser35Gly,-0.145708515529404,0.0730875697256077,0.1023781,0.004409777
urn:mavedb:00000757-a-1#284,NA,NA,p.Ser35His,-0.37348128552421,0.235743364235,0.08863531,0.0142237
urn:mavedb:00000757-a-1#285,NA,NA,p.Ser35Ile,-0.437817013165535,0.30535707681278,0.08475358,0.01842388
urn:mavedb:00000757-a-1#286,NA,NA,p.Ser35Lys,-0.155483850795601,0.120102092752932,0.1017883,0.007246423
urn:mavedb:00000757-a-1#287,NA,NA,p.Ser35Leu,0.0782441170874675,0.0904921580488736,0.1158904,0.005459892
urn:mavedb:00000757-a-1#288,NA,NA,p.Ser35Met,0.037452229740632,0.157468154355129,0.1134292,0.009500924
urn:mavedb:00000757-a-1#289,NA,NA,p.Ser35Asn,-0.0924944278061452,0.330679636979715,0.1055888,0.01995173
urn:mavedb:00000757-a-1#290,NA,NA,p.Ser35Pro,0.445651203524345,0.138474701136485,0.1380581,0.008354944
urn:mavedb:00000757-a-1#291,NA,NA,p.Ser35Gln,0.0683593935324322,0.123218366214141,0.115294,0.007434445
urn:mavedb:00000757-a-1#292,NA,NA,p.Ser35Arg,-0.355548401487803,0.096759593205837,0.0897173,0.005838041
urn:mavedb:00000757-a-1#293,NA,NA,p.Trp36Ter,-1.70467696175652,0.435815207479792,0.008316918,0.02629514
urn:mavedb:00000757-a-1#294,NA,NA,p.Trp36Ala,0.0285801765565102,0.0777444446432402,0.1128939,0.004690752
urn:mavedb:00000757-a-1#295,NA,NA,p.Trp36Cys,-0.390994847786735,0.180967675818657,0.08757862,0.01091878
urn:mavedb:00000757-a-1#296,NA,NA,p.Trp36Asp,0.255313923547182,0.124227357160793,0.126574,0.007495323
urn:mavedb:00000757-a-1#297,NA,NA,p.Trp36Glu,0.229536407542578,0.0943569954593833,0.1250187,0.005693079
urn:mavedb:00000757-a-1#298,NA,NA,p.Trp36Phe,-0.194430059378035,0.188514473309519,0.09943846,0.01137412
urn:mavedb:00000757-a-1#299,NA,NA,p.Trp36Gly,-0.0264305309410038,0.0721684926375839,0.1095748,0.004354324
urn:mavedb:00000757-a-1#300,NA,NA,p.Trp36His,-0.0149480754096015,0.47434143132902,0.1102676,0.02861964
urn:mavedb:00000757-a-1#301,NA,NA,p.Trp36Ile,NA,NA,NA,NA
urn:mavedb:00000757-a-1#302,NA,NA,p.Trp36Lys,0.129963231529934,0.131032966124858,0.1190109,0.007905943
urn:mavedb:00000757-a-1#303,NA,NA,p.Trp36Leu,0.204842830036463,0.0931591605486363,0.1235288,0.005620807
urn:mavedb:00000757-a-1#304,NA,NA,p.Trp36Met,-0.0988638095335092,0.132435920651161,0.1052045,0.007990591
urn:mavedb:00000757-a-1#305,NA,NA,p.Trp36Asn,-0.35528470941577,0.341514546989161,0.08973321,0.02060546
urn:mavedb:00000757-a-1#306,NA,NA,p.Trp36Pro,0.0670599932528971,0.123650715138783,0.1152156,0.007460531
urn:mavedb:00000757-a-1#307,NA,NA,p.Trp36Gln,0.0823826406818542,0.12657915564887,0.1161401,0.00763722
urn:mavedb:00000757-a-1#308,NA,NA,p.Trp36Arg,-0.249597391016386,0.0785361506706998,0.09610991,0.00473852
urn:mavedb:00000757-a-1#309,NA,NA,p.Trp36Ser,0.118402878277693,0.0882699349611211,0.1183134,0.005325813
urn:mavedb:00000757-a-1#310,NA,NA,p.Trp36Thr,0.146654889967688,0.104990017779989,0.120018,0.006334628
urn:mavedb:00000757-a-1#311,NA,NA,p.Trp36Val,0.304493903769945,0.073600302468563,0.1295413,0.004440713
urn:mavedb:00000757-a-1#312,NA,NA,p.Lys37Ter,-1.75504277732622,0.370146931592617,0.00527807,0.02233301
urn:mavedb:00000757-a-1#313,NA,NA,p.Lys37Ala,0.0963296475087526,0.0790528445956297,0.1169816,0.004769695
urn:mavedb:00000757-a-1#314,NA,NA,p.Lys37Cys,0.0568802527976614,0.111657913518,0.1146014,0.006736939
urn:mavedb:00000757-a-1#315,NA,NA,p.Lys37Asp,0.323292115466996,0.112290890508762,0.1306755,0.00677513
urn:mavedb:00000757-a-1#316,NA,NA,p.Lys37Glu,0.219495888545864,0.0887208467468996,0.1244129,0.005353019
urn:mavedb:00000757-a-1#317,NA,NA,p.Lys37Phe,-0.192569629768624,0.1634696931003,0.09955071,0.00986303
urn:mavedb:00000757-a-1#318,NA,NA,p.Lys37Gly,0.12538881217851,0.0711293204676021,0.1187349,0.004291625
urn:mavedb:00000757-a-1#319,NA,NA,p.Lys37His,0.156266142800627,0.144071917562533,0.1205979,0.008692655
urn:mavedb:00000757-a-1#320,NA,NA,p.Lys37Ile,-0.0394278485329867,0.141493370410881,0.1087906,0.008537077
urn:mavedb:00000757-a-1#321,NA,NA,p.Pro38Ter,-2.17515794778057,0.369456127974619,-0.0200698,0.02229133
urn:mavedb:00000757-a-1#322,NA,NA,p.Pro38Ala,-0.113876523477424,0.0923852052571382,0.1042987,0.00557411
urn:mavedb:00000757-a-1#323,NA,NA,p.Pro38Cys,-0.694726845550938,0.189233784178547,0.06925279,0.01141752
urn:mavedb:00000757-a-1#324,NA,NA,p.Pro38Asp,-0.552682506217958,0.28062405322675,0.07782311,0.0169316
urn:mavedb:00000757-a-1#325,NA,NA,p.Pro38Glu,0.183636418586651,0.112695428289666,0.1222493,0.006799538
urn:mavedb:00000757-a-1#326,NA,NA,p.Pro38Phe,0.0421211207960537,0.261122773164166,0.1137109,0.01575498
urn:mavedb:00000757-a-1#327,NA,NA,p.Pro38Gly,-0.0376378583519944,0.0693935106375512,0.1088986,0.004186894
urn:mavedb:00000757-a-1#328,NA,NA,p.Pro38His,-0.867385652133159,0.336338657788956,0.05883533,0.02029317
urn:mavedb:00000757-a-1#329,NA,NA,p.Pro38Ile,NA,NA,NA,NA
urn:mavedb:00000757-a-1#330,NA,NA,p.Pro38Lys,-0.379193674559217,0.318969454919731,0.08829065,0.01924519
urn:mavedb:00000757-a-1#331,NA,NA,p.Pro38Leu,-0.17782558009169,0.108448958342976,0.1004403,0.006543325
urn:mavedb:00000757-a-1#332,NA,NA,p.Pro38Met,-0.363863568837839,0.199227564542757,0.0892156,0.0120205
urn:mavedb:00000757-a-1#333,NA,NA,p.Pro38Asn,NA,NA,NA,NA
urn:mavedb:00000757-a-1#334,NA,NA,p.Asn39Ter,-2.16081200517907,0.519158476225446,-0.01920423,0.0313237
urn:mavedb:00000757-a-1#335,NA,NA,p.Asn39Ala,0.0165110020213379,0.0795427383897943,0.1121657,0.004799253
urn:mavedb:00000757-a-1#336,NA,NA,p.Asn39Cys,-0.0927413801551894,0.146922162020083,0.1055739,0.008864626
urn:mavedb:00000757-a-1#337,NA,NA,p.Asn39Asp,0.244232558408188,0.107590691199156,0.1259054,0.006491541
urn:mavedb:00000757-a-1#338,NA,NA,p.Asn39Glu,-0.0251874822042035,0.0976552844036258,0.1096498,0.005892083
urn:mavedb:00000757-a-1#339,NA,NA,p.Asn39Phe,0.269282476552185,0.261187908917974,0.1274168,0.01575891
urn:mavedb:00000757-a-1#340,NA,NA,p.Asn39Gly,0.203419124883248,0.0734054918705317,0.1234429,0.004428959
urn:mavedb:00000757-a-1#341,NA,NA,p.Asn39His,-0.376584100911094,0.141691827285207,0.0884481,0.008549051
urn:mavedb:00000757-a-1#342,NA,NA,p.Asn39Ile,-0.101318416439111,0.992429725461996,0.1050564,0.05987877
urn:mavedb:00000757-a-1#343,NA,NA,p.Asn39Lys,0.0449884198822727,0.136648347636446,0.1138839,0.00824475
urn:mavedb:00000757-a-1#344,NA,NA,p.Asn39Leu,0.0009032820820747,0.0776684032085143,0.111224,0.004686164
urn:mavedb:00000757-a-1#345,NA,NA,p.Asn39Met,-0.139794918338866,0.13352022377728,0.1027349,0.008056013
urn:mavedb:00000757-a-1#346,NA,NA,p.His40Ter,-2.10471984528054,0.81816920914745,-0.01581988,0.04936467
urn:mavedb:00000757-a-1#347,NA,NA,p.His40Ala,0.0504014827814588,0.0771732720356721,0.1142105,0.00465629
urn:mavedb:00000757-a-1#348,NA,NA,p.His40Cys,-0.239627974407416,0.143074975901636,0.09671142,0.008632504
urn:mavedb:00000757-a-1#349,NA,NA,p.His40Asp,0.110928011873734,0.249168622072105,0.1178624,0.01503372
urn:mavedb:00000757-a-1#350,NA,NA,p.His40Glu,0.181859687592185,0.108091275212457,0.1221421,0.006521744
urn:mavedb:00000757-a-1#351,NA,NA,p.His40Phe,-0.0888895864694244,0.348594786854143,0.1058063,0.02103265
urn:mavedb:00000757-a-1#352,NA,NA,p.His40Gly,-0.102009551536772,0.0734544845647448,0.1050147,0.004431915
urn:mavedb:00000757-a-1#353,NA,NA,p.Lys41Ter,-0.654982102459983,0.540012856272995,0.07165081,0.03258196
urn:mavedb:00000757-a-1#354,NA,NA,p.Lys41Ala,0.0470502233870455,0.08130854712936,0.1140083,0.004905794
urn:mavedb:00000757-a-1#355,NA,NA,p.Lys41Cys,0.577924848306412,0.27568351458738,0.1460389,0.01663351
urn:mavedb:00000757-a-1#356,NA,NA,p.Lys41Asp,-0.823249134985173,0.773547240032786,0.06149833,0.04667238
urn:mavedb:00000757-a-1#357,NA,NA,p.Lys41Glu,0.281325132714305,0.0962774560357901,0.1281434,0.005808951
urn:mavedb:00000757-a-1#358,NA,NA,p.Lys41Phe,NA,NA,NA,NA
urn:mavedb:00000757-a-1#359,NA,NA,p.Lys41Gly,0.14354229593074,0.0723768110318885,0.1198302,0.004366893
urn:mavedb:00000757-a-1#360,NA,NA,p.Lys41His,0.256046493602736,0.214511263111295,0.1266182,0.01294265
urn:mavedb:00000757-a-1#361,NA,NA,p.Lys41Ile,-0.523019219862116,0.879105115623711,0.07961286,0.05304127
urn:mavedb:00000757-a-1#362,NA,NA,p.Asp42Ter,NA,NA,NA,NA
urn:mavedb:00000757-a-1#363,NA,NA,p.Asp42Ala,-0.116730563377118,0.124667727893284,0.1041265,0.007521893
urn:mavedb:00000757-a-1#364,NA,NA,p.Asp42Cys,0.213506051032802,0.120976337216515,0.1240515,0.007299171
urn:mavedb:00000757-a-1#365,NA,NA,p.=,0.0,0.0589134164595381,0.1111695,0.003554572
urn:mavedb:00000757-a-1#366,NA,NA,p.Asp42Glu,-0.0897680075767634,0.126542974643637,0.1057533,0.007635037
urn:mavedb:00000757-a-1#367,NA,NA,p.Asp42Phe,-0.7286448391231,0.243205137192264,0.06720633,0.01467391
urn:mavedb:00000757-a-1#368,NA,NA,p.Asp42Gly,-0.210077391137044,0.114320010118748,0.09849437,0.006897558
urn:mavedb:00000757-a-1#369,NA,NA,p.Asp42His,NA,NA,NA,NA
urn:mavedb:00000757-a-1#370,NA,NA,p.Asp42Ile,-0.739731673676536,0.829934085351853,0.0665374,0.05007451
urn:mavedb:00000757-a-1#371,NA,NA,p.Asp42Lys,-0.486912963293691,0.372259285746019,0.08179135,0.02246046
urn:mavedb:00000757-a-1#372,NA,NA,p.Asp42Leu,-0.443564041825342,0.151450770882061,0.08440683,0.009137862
urn:mavedb:00000757-a-1#373,NA,NA,p.Asp42Met,-0.770118248657364,0.369027193290507,0.06470401,0.02226545
urn:mavedb:00000757-a-1#374,NA,NA,p.Asp42Asn,0.500640364843754,1.08560865877254,0.1413759,0.06550077
urn:mavedb:00000757-a-1#375,NA,NA,p.Asp42Pro,-0.158119114117617,0.19140199265519,0.1016293,0.01154834
urn:mavedb:00000757-a-1#376,NA,NA,p.Asp42Gln,-0.211137463099788,0.724481454553977,0.09843041,0.04371197
urn:mavedb:00000757-a-1#377,NA,NA,p.Asp42Arg,-0.950865987719524,0.20248915868829,0.0537985,0.01221729
urn:mavedb:00000757-a-1#378,NA,NA,p.Asp42Ser,-0.386848700160096,0.131016408715684,0.08782878,0.007904944
urn:mavedb:00000757-a-1#379,NA,NA,p.Asp42Thr,-0.0726271941954465,0.141442272820806,0.1067875,0.008533994
urn:mavedb:00000757-a-1#380,NA,NA,p.Asp42Val,-0.359099874598757,0.164294563668057,0.08950302,0.009912799
urn:mavedb:00000757-a-1#381,NA,NA,p.Asp42Trp,-0.692300414416704,0.256628903370886,0.06939919,0.01548384
urn:mavedb:00000757-a-1#382,NA,NA,p.Asp42Tyr,NA,NA,NA,NA
urn:mavedb:00000757-a-1#383,NA,NA,p.Lys41Leu,-0.294688569594234,0.114507180110544,0.09338931,0.006908851
urn:mavedb:00000757-a-1#384,NA,NA,p.Lys41Met,-0.373228698020892,0.226937275503844,0.08865055,0.01369238
urn:mavedb:00000757-a-1#385,NA,NA,p.Lys41Asn,-0.132200719256175,0.369825562059196,0.1031931,0.02231362
urn:mavedb:00000757-a-1#386,NA,NA,p.Lys41Pro,0.318379586859162,0.118134595212325,0.1303791,0.007127713
urn:mavedb:00000757-a-1#387,NA,NA,p.Lys41Gln,0.235264376121753,0.177733263005503,0.1253643,0.01072363
urn:mavedb:00000757-a-1#388,NA,NA,p.Lys41Arg,-0.127528513404122,0.0938610687353495,0.103475,0.005663157
urn:mavedb:00000757-a-1#389,NA,NA,p.Lys41Ser,-0.0380737541090322,0.119293796168332,0.1088723,0.007197654
urn:mavedb:00000757-a-1#390,NA,NA,p.Lys41Thr,-0.276619613156106,0.167053982697905,0.09447951,0.01007929
urn:mavedb:00000757-a-1#391,NA,NA,p.Lys41Val,0.254645992025942,0.104358615317627,0.1265337,0.006296532
urn:mavedb:00000757-a-1#392,NA,NA,p.Lys41Trp,-0.64550741924826,0.148125333753406,0.07222247,0.00893722
urn:mavedb:00000757-a-1#393,NA,NA,p.Lys41Tyr,NA,NA,NA,NA
urn:mavedb:00000757-a-1#394,NA,NA,p.His40Ile,-0.703634367059016,0.520399536084267,0.06871535,0.03139858
urn:mavedb:00000757-a-1#395,NA,NA,p.His40Lys,-0.319256682047848,0.154096061463887,0.09190698,0.009297467
urn:mavedb:00000757-a-1#396,NA,NA,p.His40Leu,-0.241759554381281,0.114439094187734,0.09658281,0.006904743
urn:mavedb:00000757-a-1#397,NA,NA,p.His40Met,0.129653298044892,0.101323305764142,0.1189922,0.006113395
urn:mavedb:00000757-a-1#398,NA,NA,p.His40Asn,0.561544780752017,0.791984967596164,0.1450506,0.04778483
urn:mavedb:00000757-a-1#399,NA,NA,p.His40Pro,-0.0909049828213565,0.105658463094708,0.1056847,0.006374959
urn:mavedb:00000757-a-1#400,NA,NA,p.His40Gln,-0.122773437636282,0.134720428767618,0.1037619,0.008128428
urn:mavedb:00000757-a-1#401,NA,NA,p.His40Arg,-0.282630002408283,0.0874227226640676,0.09411687,0.005274696
urn:mavedb:00000757-a-1#402,NA,NA,p.His40Ser,0.0663357101889214,0.106229420240495,0.1151719,0.006409408
urn:mavedb:00000757-a-1#403,NA,NA,p.His40Thr,-0.359422238571168,0.132311118557986,0.08948357,0.007983061
urn:mavedb:00000757-a-1#404,NA,NA,p.His40Val,0.0064837422111497,0.0860960581822386,0.1115607,0.005194651
urn:mavedb:00000757-a-1#405,NA,NA,p.His40Trp,-0.427290379242816,0.093543942141617,0.08538871,0.005644023
urn:mavedb:00000757-a-1#406,NA,NA,p.His40Tyr,-0.450719527573858,0.317677512932617,0.0839751,0.01916724
urn:mavedb:00000757-a-1#407,NA,NA,p.Asn39Pro,0.0390632209035251,0.118239094176132,0.1135264,0.007134018
urn:mavedb:00000757-a-1#408,NA,NA,p.Asn39Gln,-0.151564103778891,0.110379529049108,0.1020248,0.006659807
urn:mavedb:00000757-a-1#409,NA,NA,p.Asn39Arg,-0.0705985386569885,0.0779760163359145,0.1069099,0.004704724
urn:mavedb:00000757-a-1#410,NA,NA,p.Asn39Ser,0.0009181986669163,0.119639214551314,0.1112249,0.007218495
urn:mavedb:00000757-a-1#411,NA,NA,p.Asn39Thr,0.160247213555019,0.0957318405102506,0.1208381,0.005776031
urn:mavedb:00000757-a-1#412,NA,NA,p.Asn39Val,-0.095189357467528,0.0903584723007265,0.1054262,0.005451826
urn:mavedb:00000757-a-1#413,NA,NA,p.Asn39Trp,-0.175956034791542,0.0869415136370775,0.1005531,0.005245662
urn:mavedb:00000757-a-1#414,NA,NA,p.Asn39Tyr,-0.383904497792026,0.294606694117437,0.08800642,0.01777525
urn:mavedb:00000757-a-1#415,NA,NA,p.Pro38Gln,-0.163122799632817,0.134405257903898,0.1013274,0.008109412
urn:mavedb:00000757-a-1#416,NA,NA,p.Pro38Arg,-0.383474734408757,0.0774636482205886,0.08803235,0.00467381
urn:mavedb:00000757-a-1#417,NA,NA,p.Pro38Ser,-0.259656638614068,0.104241520126621,0.09550298,0.006289467
urn:mavedb:00000757-a-1#418,NA,NA,p.Pro38Thr,-0.203965403368114,0.18635620922277,0.09886314,0.0112439
urn:mavedb:00000757-a-1#419,NA,NA,p.Pro38Val,-0.211650925098002,0.079103229504428,0.09839943,0.004772735
urn:mavedb:00000757-a-1#420,NA,NA,p.Pro38Trp,-0.401336847537081,0.0920140143303465,0.08695463,0.005551714
urn:mavedb:00000757-a-1#421,NA,NA,p.Pro38Tyr,-1.09202063563662,0.50745973021384,0.04528186,0.03061785
urn:mavedb:00000757-a-1#422,NA,NA,p.Lys37Leu,-0.143078224402335,0.0955291904181859,0.1025368,0.005763804
urn:mavedb:00000757-a-1#423,NA,NA,p.Lys37Met,-0.261090122417346,0.114923153939827,0.09541649,0.006933949
urn:mavedb:00000757-a-1#424,NA,NA,p.Lys37Asn,-0.224957678955532,0.538363247729346,0.09759656,0.03248243
urn:mavedb:00000757-a-1#425,NA,NA,p.Lys37Pro,-0.0560764146145308,0.0944236062976926,0.1077861,0.005697098
urn:mavedb:00000757-a-1#426,NA,NA,p.Lys37Gln,0.120789531852349,0.105159950829301,0.1184574,0.006344881
urn:mavedb:00000757-a-1#427,NA,NA,p.Lys37Arg,-0.155752349322749,0.0779377138608379,0.1017721,0.004702413
urn:mavedb:00000757-a-1#428,NA,NA,p.Lys37Ser,0.234143974860317,0.0991450866016724,0.1252967,0.005981971
urn:mavedb:00000757-a-1#429,NA,NA,p.Lys37Thr,0.116982487921109,0.103710870907872,0.1182277,0.00625745
urn:mavedb:00000757-a-1#430,NA,NA,p.Lys37Val,0.0777651289742206,0.0870637136148965,0.1158615,0.005253035
urn:mavedb:00000757-a-1#431,NA,NA,p.Lys37Trp,-0.167798320281501,0.0980293094815374,0.1010453,0.00591465
urn:mavedb:00000757-a-1#432,NA,NA,p.Lys37Tyr,-0.0585293641218164,0.151772687356926,0.1076381,0.009157285
urn:mavedb:00000757-a-1#433,NA,NA,p.Trp36Tyr,-0.169732504115962,0.241510944633921,0.1009286,0.01457169
urn:mavedb:00000757-a-1#434,NA,NA,p.Ser35Thr,0.0443718677088198,0.169191363565875,0.1138467,0.01020825
urn:mavedb:00000757-a-1#435,NA,NA,p.Ser35Val,-0.131579194887775,0.079273775791117,0.1032306,0.004783025
urn:mavedb:00000757-a-1#436,NA,NA,p.Ser35Trp,-0.230410022194801,0.119834920144436,0.09726759,0.007230303
urn:mavedb:00000757-a-1#437,NA,NA,p.Ser35Tyr,-0.463188798062448,0.23190052050014,0.08322276,0.01399184
urn:mavedb:00000757-a-1#438,NA,NA,p.Lys34Leu,-0.638507231721928,0.0993546811926801,0.07264483,0.005994617
urn:mavedb:00000757-a-1#439,NA,NA,p.Lys34Met,-0.374351585379801,0.125843685146263,0.0885828,0.007592845
urn:mavedb:00000757-a-1#440,NA,NA,p.Lys34Asn,-0.578595763144621,0.23296440447901,0.07625962,0.01405603
urn:mavedb:00000757-a-1#441,NA,NA,p.Lys34Pro,-0.363184367008051,0.11713624476286,0.08925658,0.007067477
urn:mavedb:00000757-a-1#442,NA,NA,p.Lys34Gln,-0.127793697134639,0.17884007360075,0.103459,0.01079041
urn:mavedb:00000757-a-1#443,NA,NA,p.Lys34Arg,-0.227745588662428,0.0785102786829912,0.09742835,0.004736959
urn:mavedb:00000757-a-1#444,NA,NA,p.Lys34Ser,-0.180102845377507,0.0936968039882771,0.1003029,0.005653246
urn:mavedb:00000757-a-1#445,NA,NA,p.Lys34Thr,-0.312604713907651,0.145598083079626,0.09230833,0.008784737
urn:mavedb:00000757-a-1#446,NA,NA,p.Lys34Val,-0.640357053982118,0.103710870907872,0.07253322,0.00625745
urn:mavedb:00000757-a-1#447,NA,NA,p.Lys34Trp,-0.764957276042002,0.109042340087975,0.0650154,0.006579127
urn:mavedb:00000757-a-1#448,NA,NA,p.Lys34Tyr,-0.814781984209585,0.442248564782144,0.0620092,0.0266833
urn:mavedb:00000757-a-1#449,NA,NA,p.Leu33Met,-0.0956103366397242,0.102382482731795,0.1054008,0.006177301
urn:mavedb:00000757-a-1#450,NA,NA,p.Leu33Asn,-0.432458147191274,0.114304612888395,0.08507691,0.006896629
urn:mavedb:00000757-a-1#451,NA,NA,p.Leu33Pro,-0.464097549558965,0.115623769355854,0.08316793,0.006976221
urn:mavedb:00000757-a-1#452,NA,NA,p.Leu33Gln,-0.125010925362523,0.0991519482306995,0.1036269,0.005982385
urn:mavedb:00000757-a-1#453,NA,NA,p.Leu33Arg,-0.41843158524522,0.0792665329604773,0.08592321,0.004782588
urn:mavedb:00000757-a-1#454,NA,NA,p.Leu33Ser,-0.622829901053404,0.111720927801964,0.07359073,0.006740741
urn:mavedb:00000757-a-1#455,NA,NA,p.Leu33Thr,-0.290456734474671,0.0988143361937846,0.09364464,0.005962015
urn:mavedb:00000757-a-1#456,NA,NA,p.Leu33Val,-0.414134945851513,0.0862071701653254,0.08618245,0.005201355
urn:mavedb:00000757-a-1#457,NA,NA,p.Leu33Trp,-0.480473142137908,0.117217125800667,0.0821799,0.007072357
urn:mavedb:00000757-a-1#458,NA,NA,p.Leu33Tyr,-0.512482641549503,0.206176372721302,0.08024859,0.01243976
urn:mavedb:00000757-a-1#459,NA,NA,p.Cys32Asp,-0.199301153027976,0.114167330585903,0.09914456,0.006888346
urn:mavedb:00000757-a-1#460,NA,NA,p.Cys32Glu,-0.117468105627619,0.0935766094624201,0.104082,0.005645994
urn:mavedb:00000757-a-1#461,NA,NA,p.Cys32Phe,-0.743604350581079,0.165881870609018,0.06630374,0.01000857
urn:mavedb:00000757-a-1#462,NA,NA,p.Cys32Gly,-0.667703960451891,0.080827769025932,0.07088323,0.004876786
urn:mavedb:00000757-a-1#463,NA,NA,p.Cys32His,-1.16777235713689,0.222256948400044,0.04071134,0.01340999
urn:mavedb:00000757-a-1#464,NA,NA,p.Cys32Ile,NA,NA,NA,NA
urn:mavedb:00000757-a-1#465,NA,NA,p.Cys32Lys,-0.677342560357039,0.182598390021507,0.07030168,0.01101717
urn:mavedb:00000757-a-1#466,NA,NA,p.Cys32Leu,-0.939100614295626,0.106420766876046,0.05450837,0.006420953
urn:mavedb:00000757-a-1#467,NA,NA,p.Cys32Met,-0.54499599004908,0.137573739412053,0.07828688,0.008300584
urn:mavedb:00000757-a-1#468,NA,NA,p.Cys32Asn,-0.472272832491153,0.180989884956088,0.08267467,0.01092012
urn:mavedb:00000757-a-1#469,NA,NA,p.Cys32Pro,-0.959435399971193,0.137150986823659,0.05328146,0.008275077
urn:mavedb:00000757-a-1#470,NA,NA,p.Cys32Gln,-0.725903005089381,0.118435479302563,0.06737176,0.007145867
urn:mavedb:00000757-a-1#471,NA,NA,p.Cys32Arg,-0.893639007194211,0.097779605851289,0.05725132,0.005899584
urn:mavedb:00000757-a-1#472,NA,NA,p.Cys32Ser,-0.747072622296584,0.100312077329764,0.06609448,0.006052382
urn:mavedb:00000757-a-1#473,NA,NA,p.Cys32Thr,-0.485208992085285,0.147158855073553,0.08189416,0.008878907
urn:mavedb:00000757-a-1#474,NA,NA,p.Cys32Val,-0.983170172551656,0.119172060262041,0.05184941,0.007190309
urn:mavedb:00000757-a-1#475,NA,NA,p.Cys32Trp,-0.743554960111271,0.12478770695736,0.06630672,0.007529132
urn:mavedb:00000757-a-1#476,NA,NA,p.Cys32Tyr,-0.663733994266214,0.269437609034538,0.07112276,0.01625666
urn:mavedb:00000757-a-1#477,NA,NA,p.Arg31Ser,-0.0645705809826655,0.0895622912978144,0.1072736,0.005403788
urn:mavedb:00000757-a-1#478,NA,NA,p.Arg31Thr,0.0296210226987907,0.10619816170826,0.1129567,0.006407522
urn:mavedb:00000757-a-1#479,NA,NA,p.Arg31Val,0.128070482653367,0.087073873466572,0.1188967,0.005253648
urn:mavedb:00000757-a-1#480,NA,NA,p.Arg31Trp,-0.0249935666012628,0.0964098655872341,0.1096615,0.00581694
urn:mavedb:00000757-a-1#481,NA,NA,p.Arg31Tyr,0.211827106538964,0.169978130546354,0.1239502,0.01025572
urn:mavedb:00000757-a-1#482,NA,NA,p.Trp30Tyr,-1.09502433860422,1.16791489339204,0.04510063,0.07046676
urn:mavedb:00000757-a-1#483,NA,NA,p.Cys29Asp,-0.439736280415155,0.502177104562102,0.08463778,0.03029912
urn:mavedb:00000757-a-1#484,NA,NA,p.Cys29Glu,-0.432024406052046,0.108995120809959,0.08510308,0.006576278
urn:mavedb:00000757-a-1#485,NA,NA,p.Cys29Phe,-1.52904723554538,0.460001786841124,0.01891363,0.02775445
urn:mavedb:00000757-a-1#486,NA,NA,p.Cys29Gly,-0.736984204488545,0.0930935110013501,0.06670317,0.005616846
urn:mavedb:00000757-a-1#487,NA,NA,p.Cys29His,-0.532233194318773,0.156521498159132,0.07905693,0.009443807
urn:mavedb:00000757-a-1#488,NA,NA,p.Cys29Ile,NA,NA,NA,NA
urn:mavedb:00000757-a-1#489,NA,NA,p.Cys29Lys,-0.63190995772615,0.165364248541032,0.07304288,0.009977339
urn:mavedb:00000757-a-1#490,NA,NA,p.Cys29Leu,-0.695979672937801,0.101017432904973,0.0691772,0.00609494
urn:mavedb:00000757-a-1#491,NA,NA,p.Cys29Met,-0.969293770893008,0.22240296519166,0.05268665,0.0134188
urn:mavedb:00000757-a-1#492,NA,NA,p.Cys29Asn,-0.761385085452101,0.39143787035653,0.06523093,0.02361761
urn:mavedb:00000757-a-1#493,NA,NA,p.Cys29Pro,-0.907519386608817,0.147085465476132,0.05641384,0.008874479
urn:mavedb:00000757-a-1#494,NA,NA,p.Cys29Gln,-0.563465539660121,0.122983877500431,0.07717251,0.007420297
urn:mavedb:00000757-a-1#495,NA,NA,p.Cys29Arg,-0.887661434428686,0.0961932602013509,0.05761198,0.005803871
urn:mavedb:00000757-a-1#496,NA,NA,p.Cys29Ser,-0.748970177628267,0.122822082276849,0.06597999,0.007410535
urn:mavedb:00000757-a-1#497,NA,NA,p.Cys29Thr,-1.18769809690813,0.133838609993732,0.03950911,0.008075223
urn:mavedb:00000757-a-1#498,NA,NA,p.Cys29Val,-0.969181399287201,0.112671992677482,0.05269343,0.006798124
urn:mavedb:00000757-a-1#499,NA,NA,p.Cys29Trp,-1.16625351732035,0.169944651100376,0.04080298,0.0102537
urn:mavedb:00000757-a-1#500,NA,NA,p.Cys29Tyr,-0.846638837236301,0.210516767430545,0.0600871,0.01270164
urn:mavedb:00000757-a-1#501,NA,NA,p.Phe28Gly,0.0339534618961185,0.0773995566277192,0.1132181,0.004669943
urn:mavedb:00000757-a-1#502,NA,NA,p.Phe28His,0.322271158104504,0.157072649395046,0.1306139,0.009477061
urn:mavedb:00000757-a-1#503,NA,NA,p.Phe28Ile,-0.342884883916609,0.139232215036692,0.09048136,0.008400649
urn:mavedb:00000757-a-1#504,NA,NA,p.Phe28Lys,-0.287533083845718,0.109045406274859,0.09382104,0.006579312
urn:mavedb:00000757-a-1#505,NA,NA,p.Phe28Leu,-0.232961752641704,0.100919381220615,0.09711363,0.006089024
urn:mavedb:00000757-a-1#506,NA,NA,p.Phe28Met,-0.390354594817367,0.143206473884006,0.08761725,0.008640438
urn:mavedb:00000757-a-1#507,NA,NA,p.Phe28Asn,0.13526359134365,0.176461872757504,0.1193307,0.01064692
urn:mavedb:00000757-a-1#508,NA,NA,p.Phe28Pro,0.0484192343958412,0.122349740330848,0.1140909,0.007382036
urn:mavedb:00000757-a-1#509,NA,NA,p.Phe28Gln,0.0837930866485436,0.106437821504715,0.1162252,0.006421982
urn:mavedb:00000757-a-1#510,NA,NA,p.Phe28Arg,-0.171529123890218,0.0773048860359244,0.1008202,0.004664231
urn:mavedb:00000757-a-1#511,NA,NA,p.Phe28Ser,-0.0395223202369834,0.0951063218119096,0.1087849,0.00573829
urn:mavedb:00000757-a-1#512,NA,NA,p.Phe28Thr,-0.219383351200225,0.0998743750085615,0.09793289,0.006025973
urn:mavedb:00000757-a-1#513,NA,NA,p.Phe28Val,-0.236389915317968,0.0958017992931577,0.09690679,0.005780252
urn:mavedb:00000757-a-1#514,NA,NA,p.Phe28Trp,-0.254552514760935,0.0909053640229691,0.09581094,0.005484823
urn:mavedb:00000757-a-1#515,NA,NA,p.Phe28Tyr,-0.0493722384273883,0.210621846483763,0.1081906,0.01270798
urn:mavedb:00000757-a-1#516,NA,NA,p.Gly27His,0.378990643265539,0.140192428750912,0.1340361,0.008458584
urn:mavedb:00000757-a-1#517,NA,NA,p.Gly27Ile,-0.0832494600009832,0.258944620297628,0.1061466,0.01562356
urn:mavedb:00000757-a-1#518,NA,NA,p.Gly27Lys,0.0752442261359897,0.139317670493851,0.1157094,0.008405805
urn:mavedb:00000757-a-1#519,NA,NA,p.Gly27Leu,-0.456849083764936,0.0992499501931089,0.08360527,0.005988298
urn:mavedb:00000757-a-1#520,NA,NA,p.Gly27Met,-0.264005817534384,0.176064262901559,0.09524057,0.01062293
urn:mavedb:00000757-a-1#521,NA,NA,p.Gly27Asn,NA,NA,NA,NA
urn:mavedb:00000757-a-1#522,NA,NA,p.Gly27Pro,-0.128643942470611,0.150578714184254,0.1034077,0.009085246
urn:mavedb:00000757-a-1#523,NA,NA,p.Gly27Gln,0.439250331228982,0.132623919342114,0.1376719,0.008001934
urn:mavedb:00000757-a-1#524,NA,NA,p.Gly27Arg,0.158531806298234,0.0737133204597129,0.1207346,0.004447532
urn:mavedb:00000757-a-1#525,NA,NA,p.Gly27Ser,0.256432667410302,0.097102691231177,0.1266415,0.005858742
urn:mavedb:00000757-a-1#526,NA,NA,p.Gly27Thr,0.325708602211336,0.113233320339054,0.1308213,0.006831992
urn:mavedb:00000757-a-1#527,NA,NA,p.Gly27Val,0.155420869659603,0.0883300487980328,0.1205469,0.00532944
urn:mavedb:00000757-a-1#528,NA,NA,p.Gly27Trp,-0.0046954094284732,0.107736177623311,0.1108862,0.006500319
urn:mavedb:00000757-a-1#529,NA,NA,p.Gly27Tyr,-0.424677325058231,0.296604190567559,0.08554637,0.01789577
urn:mavedb:00000757-a-1#530,NA,NA,p.His26Ile,-0.367147372120802,0.198966524308029,0.08901747,0.01200475
urn:mavedb:00000757-a-1#531,NA,NA,p.His26Lys,-0.313921848349165,0.160019934523982,0.09222886,0.009654887
urn:mavedb:00000757-a-1#532,NA,NA,p.His26Leu,-0.418833007117291,0.0944628037678597,0.08589899,0.005699463
urn:mavedb:00000757-a-1#533,NA,NA,p.His26Met,-0.109300446727684,0.123685454207481,0.1045748,0.007462627
urn:mavedb:00000757-a-1#534,NA,NA,p.His26Asn,-0.287073984512259,0.155735891357474,0.09384874,0.009396407
urn:mavedb:00000757-a-1#535,NA,NA,p.His26Pro,-0.153909322395654,0.0982496937355805,0.1018833,0.005927947
urn:mavedb:00000757-a-1#536,NA,NA,p.His26Gln,-0.169946308498692,0.112637717680312,0.1009157,0.006796056
urn:mavedb:00000757-a-1#537,NA,NA,p.His26Arg,-0.212909056159475,0.0782690112101698,0.09832352,0.004722402
urn:mavedb:00000757-a-1#538,NA,NA,p.His26Ser,0.0547372367754177,0.11889063402803,0.1144721,0.007173329
urn:mavedb:00000757-a-1#539,NA,NA,p.His26Thr,-0.226240173772247,0.156326024601774,0.09751918,0.009432013
urn:mavedb:00000757-a-1#540,NA,NA,p.His26Val,-0.265891273858363,0.0806635042788597,0.09512681,0.004866875
urn:mavedb:00000757-a-1#541,NA,NA,p.His26Trp,-0.541116849291105,0.136474337387277,0.07852093,0.008234251
urn:mavedb:00000757-a-1#542,NA,NA,p.His26Tyr,-0.0999775812016823,0.122336447996356,0.1051373,0.007381234
urn:mavedb:00000757-a-1#543,NA,NA,p.Asn25Pro,-0.381955231632892,0.122359850460574,0.08812403,0.007382646
urn:mavedb:00000757-a-1#544,NA,NA,p.Asn25Gln,0.082235132231754,0.141949851055,0.1161312,0.008564619
urn:mavedb:00000757-a-1#545,NA,NA,p.Asn25Arg,-0.249669156363457,0.0806847852732337,0.09610558,0.004868159
urn:mavedb:00000757-a-1#546,NA,NA,p.Asn25Ser,0.0297154944027877,0.103604532231935,0.1129624,0.006251034
urn:mavedb:00000757-a-1#547,NA,NA,p.Asn25Thr,-0.105649198238123,0.106470853453148,0.1047951,0.006423975
urn:mavedb:00000757-a-1#548,NA,NA,p.Asn25Val,-0.264667285202193,0.0883336619263611,0.09520066,0.005329658
urn:mavedb:00000757-a-1#549,NA,NA,p.Asn25Trp,-0.43965573085701,0.115069684524921,0.08464264,0.00694279
urn:mavedb:00000757-a-1#550,NA,NA,p.Asn25Tyr,-1.00906221477988,0.515293257613323,0.0502872,0.03109049
urn:mavedb:00000757-a-1#551,NA,NA,p.Cys24Asp,-0.0447630137113331,0.143710140658174,0.1084687,0.008670827
urn:mavedb:00000757-a-1#552,NA,NA,p.Cys24Glu,-0.128630683284085,0.0880470977575707,0.1034085,0.005312368
urn:mavedb:00000757-a-1#553,NA,NA,p.Cys24Phe,-0.534341902195881,0.209952257564206,0.0789297,0.01266758
urn:mavedb:00000757-a-1#554,NA,NA,p.Cys24Gly,-0.268048874985785,0.0742104902324835,0.09499663,0.004477529
urn:mavedb:00000757-a-1#555,NA,NA,p.Cys24His,-0.381740930030668,0.333944048702384,0.08813696,0.02014869
urn:mavedb:00000757-a-1#556,NA,NA,p.Cys24Ile,NA,NA,NA,NA
urn:mavedb:00000757-a-1#557,NA,NA,p.Cys24Lys,-0.379135499878335,0.131875521132645,0.08829416,0.007956779
urn:mavedb:00000757-a-1#558,NA,NA,p.Cys24Leu,-0.454183821533404,0.0928879107402833,0.08376608,0.005604441
urn:mavedb:00000757-a-1#559,NA,NA,p.Cys24Met,-0.574007255907513,0.198632392807577,0.07653647,0.01198459
urn:mavedb:00000757-a-1#560,NA,NA,p.Cys24Asn,NA,NA,NA,NA
urn:mavedb:00000757-a-1#561,NA,NA,p.Cys24Pro,-0.248839959986095,0.101529900464198,0.09615561,0.00612586
urn:mavedb:00000757-a-1#562,NA,NA,p.Cys24Gln,-0.350051805713505,0.160047149004327,0.09004894,0.009656529
urn:mavedb:00000757-a-1#563,NA,NA,p.Cys24Arg,-0.593651900924408,0.0860680647246859,0.0753512,0.005192962
urn:mavedb:00000757-a-1#564,NA,NA,p.Cys24Ser,-0.384146809425787,0.119837323371994,0.0879918,0.007230448
urn:mavedb:00000757-a-1#565,NA,NA,p.Cys24Thr,-0.735048528995599,0.192766031469038,0.06681996,0.01163064
urn:mavedb:00000757-a-1#566,NA,NA,p.Cys24Val,-0.565163378494758,0.089360519626857,0.07707007,0.005391614
urn:mavedb:00000757-a-1#567,NA,NA,p.Cys24Trp,-0.784485405957301,0.111421916571823,0.06383716,0.0067227
urn:mavedb:00000757-a-1#568,NA,NA,p.Cys24Tyr,NA,NA,NA,NA
urn:mavedb:00000757-a-1#569,NA,NA,p.Lys23Leu,-0.325483196040396,0.0920742276111571,0.0915313,0.005555347
urn:mavedb:00000757-a-1#570,NA,NA,p.Lys23Met,-0.323420232356802,0.134571892730562,0.09165577,0.008119466
urn:mavedb:00000757-a-1#571,NA,NA,p.Lys23Asn,-0.183808788011488,0.226139735434313,0.1000793,0.01364426
urn:mavedb:00000757-a-1#572,NA,NA,p.Lys23Pro,-0.694982747850887,0.119599619305551,0.06923735,0.007216106
urn:mavedb:00000757-a-1#573,NA,NA,p.Lys23Gln,-0.453577545229509,0.140586292886663,0.08380266,0.008482348
urn:mavedb:00000757-a-1#574,NA,NA,p.Lys23Arg,-0.0152265183266447,0.0768749569128232,0.1102508,0.004638291
urn:mavedb:00000757-a-1#575,NA,NA,p.Lys23Ser,-0.174373219400016,0.102710995651956,0.1006486,0.006197122
urn:mavedb:00000757-a-1#576,NA,NA,p.Lys23Thr,-0.115069850264752,0.105022552508927,0.1042267,0.006336591
urn:mavedb:00000757-a-1#577,NA,NA,p.Lys23Val,-0.292791345742214,0.0906691018930613,0.09350378,0.005470568
urn:mavedb:00000757-a-1#578,NA,NA,p.Lys23Trp,-0.606541819105532,0.110324072501464,0.07457348,0.006656461
urn:mavedb:00000757-a-1#579,NA,NA,p.Lys23Tyr,NA,NA,NA,NA
urn:mavedb:00000757-a-1#580,NA,NA,p.Ala22Cys,NA,NA,NA,NA
urn:mavedb:00000757-a-1#581,NA,NA,p.Ala22Asp,0.229175094709748,0.189412783196646,0.1249969,0.01142832
urn:mavedb:00000757-a-1#582,NA,NA,p.Ala22Glu,0.0290624794663885,0.110099561325615,0.112923,0.006642915
urn:mavedb:00000757-a-1#583,NA,NA,p.Ala22Phe,-1.29767409918931,0.560106821973286,0.03287365,0.03379434
urn:mavedb:00000757-a-1#584,NA,NA,p.Ala22Gly,-0.25421921195964,0.113828773831948,0.09583105,0.006867919
urn:mavedb:00000757-a-1#585,NA,NA,p.Ala22His,-0.369748161557851,0.811895956522398,0.08886055,0.04898617
urn:mavedb:00000757-a-1#586,NA,NA,p.Ala22Ile,-0.0249571038383166,0.140246824563634,0.1096637,0.008461866
urn:mavedb:00000757-a-1#587,NA,NA,p.Ala22Lys,-0.333238162759713,0.170833513817104,0.0910634,0.01030733
urn:mavedb:00000757-a-1#588,NA,NA,p.Ala22Leu,-0.281933232156348,0.131309138406209,0.09415891,0.007922606
urn:mavedb:00000757-a-1#589,NA,NA,p.Ala22Met,0.0824439644195365,0.161095138533348,0.1161438,0.00971976
urn:mavedb:00000757-a-1#590,NA,NA,p.Ala22Asn,NA,NA,NA,NA
urn:mavedb:00000757-a-1#591,NA,NA,p.Ala22Pro,0.149079663703606,0.128021688846952,0.1201643,0.007724256
urn:mavedb:00000757-a-1#592,NA,NA,p.Ala22Gln,-1.12825799241182,0.703471279064748,0.04309546,0.04244431
urn:mavedb:00000757-a-1#593,NA,NA,p.Ala22Arg,-0.24172673789463,0.104245182976898,0.09658479,0.006289688
urn:mavedb:00000757-a-1#594,NA,NA,p.Ala22Ser,-0.20181923828907,0.117492104755231,0.09899263,0.007088948
urn:mavedb:00000757-a-1#595,NA,NA,p.Ala22Thr,-0.0751663284151503,0.102559542593865,0.1066343,0.006187984
urn:mavedb:00000757-a-1#596,NA,NA,p.Ala22Val,-0.306360134273462,0.115750842084721,0.0926851,0.006983888
urn:mavedb:00000757-a-1#597,NA,NA,p.Ala22Trp,-0.0962666663727547,0.108897168569499,0.1053612,0.006570368
urn:mavedb:00000757-a-1#598,NA,NA,p.Ala22Tyr,0.0819019951702914,0.212332613025263,0.1161111,0.0128112
urn:mavedb:00000757-a-1#599,NA,NA,p.Cys21Asp,-0.238718062732079,0.132016698321179,0.09676632,0.007965297
urn:mavedb:00000757-a-1#600,NA,NA,p.Cys21Glu,-0.137457986713682,0.0962847817363457,0.1028759,0.005809393
urn:mavedb:00000757-a-1#601,NA,NA,p.Cys21Phe,-0.917248811941668,0.331301492827779,0.05582681,0.01998925
urn:mavedb:00000757-a-1#602,NA,NA,p.Cys21Gly,-0.481835523553441,0.0783477542041504,0.0820977,0.004727153
urn:mavedb:00000757-a-1#603,NA,NA,p.Cys21His,-1.15504701860851,0.287577004901084,0.04147913,0.01735111
urn:mavedb:00000757-a-1#604,NA,NA,p.Cys21Ile,-0.967813879936889,0.249060393962088,0.05277594,0.01502719
urn:mavedb:00000757-a-1#605,NA,NA,p.Cys21Lys,-0.489253209715507,0.117579366776554,0.08165015,0.007094213
urn:mavedb:00000757-a-1#606,NA,NA,p.Cys21Leu,-0.688939376372228,0.1106816396141,0.06960198,0.006678035
urn:mavedb:00000757-a-1#607,NA,NA,p.Cys21Met,-0.962448550109196,0.161690127954713,0.05309966,0.009755659
urn:mavedb:00000757-a-1#608,NA,NA,p.Cys21Asn,-0.461615761320986,0.212285874392759,0.08331767,0.01280838
urn:mavedb:00000757-a-1#609,NA,NA,p.Cys21Pro,-0.611953556086065,0.118536348564059,0.07424696,0.007151953
urn:mavedb:00000757-a-1#610,NA,NA,p.Cys21Gln,-0.537364996723779,0.12529049531042,0.0787473,0.007559468
urn:mavedb:00000757-a-1#611,NA,NA,p.Cys21Arg,-0.866231771425745,0.0935785320444664,0.05890495,0.00564611
urn:mavedb:00000757-a-1#612,NA,NA,p.Cys21Ser,-0.269828257817556,0.0859648585315651,0.09488927,0.005186735
urn:mavedb:00000757-a-1#613,NA,NA,p.Cys21Thr,-0.189478416169949,0.113520149691575,0.09973722,0.006849298
urn:mavedb:00000757-a-1#614,NA,NA,p.Cys21Val,-0.676582808969107,0.0946185163396229,0.07034752,0.005708858
urn:mavedb:00000757-a-1#615,NA,NA,p.Cys21Trp,-0.823413548898094,0.124336712301665,0.06148841,0.007501921
urn:mavedb:00000757-a-1#616,NA,NA,p.Cys21Tyr,-0.46503563700567,0.198202960903971,0.08311133,0.01195868
urn:mavedb:00000757-a-1#617,NA,NA,p.Thr20Val,0.477403640457169,0.0841759125115118,0.1399739,0.005078798
urn:mavedb:00000757-a-1#618,NA,NA,p.Thr20Trp,-0.171900381112942,0.0933262925947949,0.1007978,0.005630891
urn:mavedb:00000757-a-1#619,NA,NA,p.Thr20Tyr,0.316316125956073,0.203046873221534,0.1302546,0.01225094
urn:mavedb:00000757-a-1#620,NA,NA,p.Met19Asn,-0.161195245391619,0.179703412383416,0.1014437,0.0108425
urn:mavedb:00000757-a-1#621,NA,NA,p.Met19Pro,0.0119117216951772,0.103643762850068,0.1118882,0.006253401
urn:mavedb:00000757-a-1#622,NA,NA,p.Met19Gln,-0.0192092464793525,0.119592111291181,0.1100105,0.007215653
urn:mavedb:00000757-a-1#623,NA,NA,p.Met19Arg,-0.279889328553386,0.0803279474158562,0.09428223,0.004846629
urn:mavedb:00000757-a-1#624,NA,NA,p.Met19Ser,0.0161745501632442,0.0971054922343306,0.1121454,0.005858911
urn:mavedb:00000757-a-1#625,NA,NA,p.Met19Thr,0.18200553864397,0.107615668191774,0.1221509,0.006493048
urn:mavedb:00000757-a-1#626,NA,NA,p.Met19Val,0.263513073015117,0.0763188666299282,0.1270687,0.004604739
urn:mavedb:00000757-a-1#627,NA,NA,p.Met19Trp,-0.22258942250218,0.101864777793892,0.09773945,0.006146065
urn:mavedb:00000757-a-1#628,NA,NA,p.Met19Tyr,-0.803475544379314,0.458595318630393,0.06269138,0.02766959
urn:mavedb:00000757-a-1#629,NA,NA,p.His18Ile,-0.155439101041076,0.188339452047377,0.101791,0.01136356
urn:mavedb:00000757-a-1#630,NA,NA,p.His18Lys,0.322460101512498,0.116165191663654,0.1306253,0.007008888
urn:mavedb:00000757-a-1#631,NA,NA,p.His18Leu,-0.103642088877769,0.089757135043812,0.1049162,0.005415544
urn:mavedb:00000757-a-1#632,NA,NA,p.His18Met,0.153846341259656,0.102522698629306,0.1204519,0.006185761
urn:mavedb:00000757-a-1#633,NA,NA,p.His18Asn,-0.528568686642686,0.182603030736792,0.07927803,0.01101745
urn:mavedb:00000757-a-1#634,NA,NA,p.His18Pro,-0.427346067826225,0.0984889723304229,0.08538535,0.005942384
urn:mavedb:00000757-a-1#635,NA,NA,p.His18Gln,0.105516606372864,0.102115774194827,0.1175359,0.006161209
urn:mavedb:00000757-a-1#636,NA,NA,p.His18Arg,-0.0161977537396645,0.0725082924402756,0.1101922,0.004374826
urn:mavedb:00000757-a-1#637,NA,NA,p.His18Ser,-0.232987276575767,0.102503273921046,0.09711209,0.006184589
urn:mavedb:00000757-a-1#638,NA,NA,p.His18Thr,-0.438342242691791,0.120161411038652,0.08472189,0.007250002
urn:mavedb:00000757-a-1#639,NA,NA,p.His18Val,-0.393415643766695,0.0991259933730751,0.08743256,0.005980819
urn:mavedb:00000757-a-1#640,NA,NA,p.His18Trp,-0.328616341816459,0.0898790366899342,0.09134226,0.005422899
urn:mavedb:00000757-a-1#641,NA,NA,p.His18Tyr,-0.503283749417518,0.16115903123842,0.08080361,0.009723615
urn:mavedb:00000757-a-1#642,NA,NA,p.Leu17Met,-0.0707427323104573,0.129623796354872,0.1069012,0.00782092
urn:mavedb:00000757-a-1#643,NA,NA,p.Leu17Asn,-0.858027152543369,0.211681089747348,0.05939998,0.01277189
urn:mavedb:00000757-a-1#644,NA,NA,p.Leu17Pro,-0.0471844726506199,0.117902509726173,0.1083226,0.00711371
urn:mavedb:00000757-a-1#645,NA,NA,p.Leu17Gln,-0.0883409876269167,0.135841343822532,0.1058394,0.008196059
urn:mavedb:00000757-a-1#646,NA,NA,p.Leu17Arg,-0.61436639655411,0.0853972161824096,0.07410138,0.005152486
urn:mavedb:00000757-a-1#647,NA,NA,p.Leu17Ser,-0.185837277810114,0.12451831343512,0.09995691,0.007512878
urn:mavedb:00000757-a-1#648,NA,NA,p.Leu17Thr,-0.235884243091837,0.121884558345571,0.0969373,0.007353969
urn:mavedb:00000757-a-1#649,NA,NA,p.Leu17Val,-0.021128513728972,0.0918673677273704,0.1098947,0.005542866
urn:mavedb:00000757-a-1#650,NA,NA,p.Leu17Trp,-0.168537519930318,0.0994126238377981,0.1010007,0.005998113
urn:mavedb:00000757-a-1#651,NA,NA,p.Leu17Tyr,0.383281647504974,0.294510233535461,0.134295,0.01776943
urn:mavedb:00000757-a-1#652,NA,NA,p.Cys16Asp,0.544384078590911,0.0915523626034821,0.1440152,0.00552386
urn:mavedb:00000757-a-1#653,NA,NA,p.Cys16Glu,0.507442327531525,0.082118832591939,0.1417863,0.004954683
urn:mavedb:00000757-a-1#654,NA,NA,p.Cys16Phe,-0.148628851361726,0.151404512895069,0.1022019,0.009135071
urn:mavedb:00000757-a-1#655,NA,NA,p.Cys16Gly,0.550196574484189,0.0691318571654463,0.1443659,0.004171107
urn:mavedb:00000757-a-1#656,NA,NA,p.Cys16His,0.104871878428044,0.135506681954619,0.117497,0.008175867
urn:mavedb:00000757-a-1#657,NA,NA,p.Cys16Ile,0.443735251071357,0.156891910108715,0.1379425,0.009466156
urn:mavedb:00000757-a-1#658,NA,NA,p.Cys16Lys,0.324439035101483,0.0992809435416131,0.1307447,0.005990168
urn:mavedb:00000757-a-1#659,NA,NA,p.Cys16Leu,-0.115232275299694,0.0844317650895116,0.1042169,0.005094235
urn:mavedb:00000757-a-1#660,NA,NA,p.Cys16Met,0.20152637600668,0.107818566893586,0.1233287,0.00650529
urn:mavedb:00000757-a-1#661,NA,NA,p.Cys16Asn,0.229743582332045,0.129990048234683,0.1250312,0.007843018
urn:mavedb:00000757-a-1#662,NA,NA,p.Cys16Pro,0.161162097425304,0.0980435631070527,0.1208933,0.00591551
urn:mavedb:00000757-a-1#663,NA,NA,p.Cys16Gln,0.415692071569144,0.0906455171150284,0.1362505,0.005469145
urn:mavedb:00000757-a-1#664,NA,NA,p.Cys16Arg,0.227284003231496,0.0732691542850794,0.1248828,0.004420733
urn:mavedb:00000757-a-1#665,NA,NA,p.Cys16Ser,0.422369729383235,0.0833566108020952,0.1366534,0.005029365
urn:mavedb:00000757-a-1#666,NA,NA,p.Cys16Thr,0.471186739374852,0.112348269638453,0.1395988,0.006778592
urn:mavedb:00000757-a-1#667,NA,NA,p.Cys16Val,0.448556622771826,0.0845612576199198,0.1382334,0.005102048
urn:mavedb:00000757-a-1#668,NA,NA,p.Cys16Trp,-0.121160789075073,0.0900582180218482,0.1038592,0.00543371
urn:mavedb:00000757-a-1#669,NA,NA,p.Cys16Tyr,-0.0322264528511241,0.153675894416866,0.1092251,0.009272116
urn:mavedb:00000757-a-1#670,NA,NA,p.Gly15His,-0.49176599130199,0.17179066134444,0.08149854,0.01036508
urn:mavedb:00000757-a-1#671,NA,NA,p.Gly15Ile,0.590549251277355,0.677420458077879,0.1468006,0.04087252
urn:mavedb:00000757-a-1#672,NA,NA,p.Gly15Lys,-0.293512976968884,0.14835228130478,0.09346024,0.008950913
urn:mavedb:00000757-a-1#673,NA,NA,p.Gly15Leu,-0.515491648191717,0.166984040488981,0.08006704,0.01007507
urn:mavedb:00000757-a-1#674,NA,NA,p.Gly15Met,-0.575710232676929,0.172344895341222,0.07643372,0.01039852
urn:mavedb:00000757-a-1#675,NA,NA,p.Gly15Asn,NA,NA,NA,NA
urn:mavedb:00000757-a-1#676,NA,NA,p.Gly15Pro,-0.258568556619789,0.118579689530015,0.09556863,0.007154568
urn:mavedb:00000757-a-1#677,NA,NA,p.Gly15Gln,-0.776646077663713,0.210485939821873,0.06431015,0.01269978
urn:mavedb:00000757-a-1#678,NA,NA,p.Gly15Arg,-0.0955689016818308,0.0916225699961365,0.1054033,0.005528096
urn:mavedb:00000757-a-1#679,NA,NA,p.Gly15Ser,-0.361907838825273,0.106339570932558,0.0893336,0.006416054
urn:mavedb:00000757-a-1#680,NA,NA,p.Gly15Thr,-0.697923966901988,0.175364177852993,0.06905989,0.01058069
urn:mavedb:00000757-a-1#681,NA,NA,p.Gly15Val,-0.434693148820041,0.115095838270343,0.08494206,0.006944368
urn:mavedb:00000757-a-1#682,NA,NA,p.Gly15Trp,-0.175994154952804,0.100665384928729,0.1005508,0.006073699
urn:mavedb:00000757-a-1#683,NA,NA,p.Gly15Tyr,NA,NA,NA,NA
urn:mavedb:00000757-a-1#684,NA,NA,p.Glu14Phe,-0.492319396599614,0.198327597257314,0.08146515,0.0119662
urn:mavedb:00000757-a-1#685,NA,NA,p.Glu14Gly,-0.0714222656199081,0.0869514414529887,0.1068602,0.005246261
urn:mavedb:00000757-a-1#686,NA,NA,p.Glu14His,-0.478501666841343,0.203994242098807,0.08229885,0.0123081
urn:mavedb:00000757-a-1#687,NA,NA,p.Glu14Ile,-0.283060925970374,0.536376524368276,0.09409087,0.03236256
urn:mavedb:00000757-a-1#688,NA,NA,p.Glu14Lys,-0.472915405818163,0.171325761116877,0.0826359,0.01033703
urn:mavedb:00000757-a-1#689,NA,NA,p.Glu14Leu,-0.410960199377725,0.116085454230684,0.086374,0.007004077
urn:mavedb:00000757-a-1#690,NA,NA,p.Glu14Met,0.120567440478041,0.228992117935691,0.118444,0.01381636
urn:mavedb:00000757-a-1#691,NA,NA,p.Glu14Asn,-0.219165569061538,0.240157347429462,0.09794603,0.01449002
urn:mavedb:00000757-a-1#692,NA,NA,p.Glu14Pro,-0.0107465706792168,0.156722921776443,0.1105211,0.00945596
urn:mavedb:00000757-a-1#693,NA,NA,p.Glu14Gln,-0.132210663646069,0.125746064385466,0.1031925,0.007586955
urn:mavedb:00000757-a-1#694,NA,NA,p.Glu14Arg,-0.368735822666601,0.091044088261996,0.08892163,0.005493193
urn:mavedb:00000757-a-1#695,NA,NA,p.Glu14Ser,-0.0467933266481067,0.0999613718461544,0.1083462,0.006031222
urn:mavedb:00000757-a-1#696,NA,NA,p.Glu14Thr,-0.119985693669218,0.155103096680527,0.1039301,0.009358227
urn:mavedb:00000757-a-1#697,NA,NA,p.Glu14Val,-0.396944742000387,0.0915141761462876,0.08721963,0.005521556
urn:mavedb:00000757-a-1#698,NA,NA,p.Glu14Trp,-0.362075733274657,0.136259754027339,0.08932347,0.008221304
urn:mavedb:00000757-a-1#699,NA,NA,p.Glu14Tyr,0.0714056916367507,0.525165716420822,0.1154778,0.03168615
urn:mavedb:00000757-a-1#700,NA,NA,p.Asn13Pro,0.183313225915083,0.124836219006061,0.1222298,0.007532059
urn:mavedb:00000757-a-1#701,NA,NA,p.Asn13Gln,-0.0444447932347123,0.0966643922465813,0.1084879,0.005832297
urn:mavedb:00000757-a-1#702,NA,NA,p.Asn13Arg,-0.0342849415592653,0.0748328930219909,0.1091009,0.004515082
urn:mavedb:00000757-a-1#703,NA,NA,p.Asn13Ser,-0.0957246971235099,0.104973758702512,0.1053939,0.006333647
urn:mavedb:00000757-a-1#704,NA,NA,p.Asn13Thr,0.184567876440094,0.100691704413982,0.1223055,0.006075287
urn:mavedb:00000757-a-1#705,NA,NA,p.Asn13Val,0.0508871004879687,0.0854177347735583,0.1142398,0.005153724
urn:mavedb:00000757-a-1#706,NA,NA,p.Asn13Trp,0.0002734707220958,0.104989669726343,0.111186,0.006334607
urn:mavedb:00000757-a-1#707,NA,NA,p.Asn13Tyr,-0.244181510540063,0.158677259574423,0.09643668,0.009573876
urn:mavedb:00000757-a-1#708,NA,NA,p.Lys12Leu,-0.200674473272393,0.0813181600395913,0.0990617,0.004906374
urn:mavedb:00000757-a-1#709,NA,NA,p.Lys12Met,-0.219515280106158,0.123857226968924,0.09792493,0.007472991
urn:mavedb:00000757-a-1#710,NA,NA,p.Lys12Asn,0.0825782136831109,0.140087979509054,0.1161519,0.008452282
urn:mavedb:00000757-a-1#711,NA,NA,p.Lys12Pro,0.0568172716616634,0.0807049226627698,0.1145976,0.004869374
urn:mavedb:00000757-a-1#712,NA,NA,p.Lys12Gln,0.0077798276940534,0.090658328804009,0.1116389,0.005469918
urn:mavedb:00000757-a-1#713,NA,NA,p.Lys12Arg,-0.167746940933714,0.0753812432547514,0.1010484,0.004548167
urn:mavedb:00000757-a-1#714,NA,NA,p.Lys12Ser,-0.111917478668227,0.0853453396151271,0.1044169,0.005149356
urn:mavedb:00000757-a-1#715,NA,NA,p.Lys12Thr,-0.0456745827849866,0.0949989721229995,0.1084137,0.005731813
urn:mavedb:00000757-a-1#716,NA,NA,p.Lys12Val,-0.200057423879445,0.0894877415215727,0.09909893,0.00539929
urn:mavedb:00000757-a-1#717,NA,NA,p.Lys12Trp,0.0757414456307098,0.0847768519928305,0.1157394,0.005115056
urn:mavedb:00000757-a-1#718,NA,NA,p.Lys12Tyr,-0.152125961807924,0.172172525916385,0.1019909,0.01038812
urn:mavedb:00000757-a-1#719,NA,NA,p.Glu11Phe,0.105765216120224,0.658865883933241,0.1175509,0.03975302
urn:mavedb:00000757-a-1#720,NA,NA,p.Glu11Gly,-0.339805437845976,0.0791945355776418,0.09066716,0.004778244
urn:mavedb:00000757-a-1#721,NA,NA,p.Glu11His,-0.137698309469463,0.304737872802022,0.1028614,0.01838652
urn:mavedb:00000757-a-1#722,NA,NA,p.Glu11Ile,NA,NA,NA,NA
urn:mavedb:00000757-a-1#723,NA,NA,p.Glu11Lys,-0.269817153248841,0.121608518656086,0.09488994,0.007337314
urn:mavedb:00000757-a-1#724,NA,NA,p.Glu11Leu,-0.317668894461375,0.0947815214639753,0.09200278,0.005718693
urn:mavedb:00000757-a-1#725,NA,NA,p.Glu11Met,-0.382643051933922,0.133379295198493,0.08808253,0.00804751
urn:mavedb:00000757-a-1#726,NA,NA,p.Glu11Asn,-0.787547117865956,0.232067751990198,0.06365243,0.01400193
urn:mavedb:00000757-a-1#727,NA,NA,p.Glu11Pro,-0.309329363356098,0.167532473591657,0.09250595,0.01010816
urn:mavedb:00000757-a-1#728,NA,NA,p.Glu11Gln,-0.447516439588871,0.326647352617367,0.08416836,0.01970844
urn:mavedb:00000757-a-1#729,NA,NA,p.Glu11Arg,-0.554964080739397,0.0929375000978901,0.07768545,0.005607433
urn:mavedb:00000757-a-1#730,NA,NA,p.Glu11Ser,-0.410280666068274,0.119787551700572,0.086415,0.007227445
urn:mavedb:00000757-a-1#731,NA,NA,p.Glu11Thr,-0.159237857980737,0.150588293946519,0.1015618,0.009085824
urn:mavedb:00000757-a-1#732,NA,NA,p.Glu11Val,-0.407576952195818,0.104854077970133,0.08657813,0.006326426
urn:mavedb:00000757-a-1#733,NA,NA,p.Glu11Trp,-0.0687952892894704,0.134644072427213,0.1070187,0.008123821
urn:mavedb:00000757-a-1#734,NA,NA,p.Glu11Tyr,0.319393914628391,0.449336760159042,0.1304403,0.02711097
urn:mavedb:00000757-a-1#735,NA,NA,p.Ile10Lys,-0.598382281457344,0.156009909021014,0.07506579,0.00941294
urn:mavedb:00000757-a-1#736,NA,NA,p.Ile10Leu,-0.306871110174202,0.0821760957037476,0.09265427,0.004958138
urn:mavedb:00000757-a-1#737,NA,NA,p.Ile10Met,-0.0500484569402075,0.0942558941621235,0.1081498,0.005686979
urn:mavedb:00000757-a-1#738,NA,NA,p.Ile10Asn,-0.533853964131729,0.20830298050022,0.07895914,0.01256807
urn:mavedb:00000757-a-1#739,NA,NA,p.Ile10Pro,-0.535834886598694,0.166362184640918,0.07883962,0.01003755
urn:mavedb:00000757-a-1#740,NA,NA,p.Ile10Gln,-0.231261759189256,0.115324111740369,0.0972162,0.006958141
urn:mavedb:00000757-a-1#741,NA,NA,p.Ile10Arg,-0.533893078731981,0.0886513023135714,0.07895678,0.005348823
urn:mavedb:00000757-a-1#742,NA,NA,p.Ile10Ser,-0.232753251933585,0.09503220295923,0.09712621,0.005733818
urn:mavedb:00000757-a-1#743,NA,NA,p.Ile10Thr,-0.0831980806531953,0.100611386891602,0.1061497,0.006070441
urn:mavedb:00000757-a-1#744,NA,NA,p.Ile10Val,-0.137887252877457,0.084704224798635,0.10285,0.005110674
urn:mavedb:00000757-a-1#745,NA,NA,p.Ile10Trp,-0.555209375690125,0.100838897958403,0.07767065,0.006084168
urn:mavedb:00000757-a-1#746,NA,NA,p.Ile10Tyr,-0.687943942943798,0.184567213480767,0.06966204,0.01113596
urn:mavedb:00000757-a-1#747,NA,NA,p.Pro9Gln,0.0144143931519351,0.101300168483654,0.1120392,0.006111999
urn:mavedb:00000757-a-1#748,NA,NA,p.Pro9Arg,-0.0478358301887033,0.086931768134981,0.1082833,0.005245074
urn:mavedb:00000757-a-1#749,NA,NA,p.Pro9Ser,-0.347242681308168,0.0951279011379805,0.09021843,0.005739592
urn:mavedb:00000757-a-1#750,NA,NA,p.Pro9Thr,-0.107498854758481,0.117172077714446,0.1046835,0.007069639
urn:mavedb:00000757-a-1#751,NA,NA,p.Pro9Val,-0.276548013548867,0.0980942960694973,0.09448383,0.005918571
urn:mavedb:00000757-a-1#752,NA,NA,p.Pro9Trp,0.335034782533969,0.140751568646708,0.131384,0.00849232
urn:mavedb:00000757-a-1#753,NA,NA,p.Pro9Tyr,-0.264932303192879,0.18055183458124,0.09518467,0.01089369
urn:mavedb:00000757-a-1#754,NA,NA,p.Ala8Cys,-0.213029051797534,0.123087464895164,0.09831628,0.007426547
urn:mavedb:00000757-a-1#755,NA,NA,p.Ala8Asp,-0.283637369104586,0.121640440147647,0.09405609,0.00733924
urn:mavedb:00000757-a-1#756,NA,NA,p.Ala8Glu,0.153881146624286,0.0849210953682488,0.120454,0.005123759
urn:mavedb:00000757-a-1#757,NA,NA,p.Ala8Phe,-0.0098350016055633,0.126980809556705,0.1105761,0.007661454
urn:mavedb:00000757-a-1#758,NA,NA,p.Ala8Gly,0.0232715297512153,0.0744039251899128,0.1125736,0.0044892
urn:mavedb:00000757-a-1#759,NA,NA,p.Ala8His,0.21118403599246,0.117678628361683,0.1239114,0.007100202
urn:mavedb:00000757-a-1#760,NA,NA,p.Ala8Ile,-0.341050806940419,0.267114102335711,0.09059202,0.01611647
urn:mavedb:00000757-a-1#761,NA,NA,p.Ala8Lys,-0.0062682804301046,0.125828171898028,0.1107913,0.007591909
urn:mavedb:00000757-a-1#762,NA,NA,p.Ala8Leu,-0.255959314451329,0.0829296649959622,0.09572606,0.005003605
urn:mavedb:00000757-a-1#763,NA,NA,p.Ala8Met,-0.154529189365738,0.101258319176182,0.1018459,0.006109474
urn:mavedb:00000757-a-1#764,NA,NA,p.Ala8Asn,0.304976206679824,0.219951838822522,0.1295704,0.01327091
urn:mavedb:00000757-a-1#765,NA,NA,p.Ala8Pro,-0.55459149759802,0.275679205351759,0.07770793,0.01663325
urn:mavedb:00000757-a-1#766,NA,NA,p.Ala8Gln,0.0143746155923575,0.10889428469643,0.1120368,0.006570194
urn:mavedb:00000757-a-1#767,NA,NA,p.Ala8Arg,-0.153213215103046,0.0721964529471704,0.1019253,0.004356011
urn:mavedb:00000757-a-1#768,NA,NA,p.Ala8Ser,-0.0576708317942663,0.085231559220752,0.1076899,0.005142491
urn:mavedb:00000757-a-1#769,NA,NA,p.Ala8Thr,-0.0267305200361515,0.107937568092656,0.1095567,0.00651247
urn:mavedb:00000757-a-1#770,NA,NA,p.Ala8Val,-0.231011989263076,0.0825574464822147,0.09723127,0.004981147
urn:mavedb:00000757-a-1#771,NA,NA,p.Ala8Trp,0.23700961654822,0.090775672604763,0.1254696,0.005476998
urn:mavedb:00000757-a-1#772,NA,NA,p.Ala8Tyr,-0.0051429069737213,0.140168860546862,0.1108592,0.008457162
urn:mavedb:00000757-a-1#773,NA,NA,p.Gln7Arg,0.252932242167473,0.0873217539586731,0.1264303,0.005268604
urn:mavedb:00000757-a-1#774,NA,NA,p.Gln7Ser,-0.405655033108893,0.170702082130666,0.08669409,0.0102994
urn:mavedb:00000757-a-1#775,NA,NA,p.Gln7Thr,-0.0728061932135456,0.275779312210029,0.1067767,0.01663929
urn:mavedb:00000757-a-1#776,NA,NA,p.Gln7Val,-0.198280195665484,0.110680612027145,0.09920616,0.006677973
urn:mavedb:00000757-a-1#777,NA,NA,p.Gln7Trp,-0.089446472303511,0.105227307496853,0.1057727,0.006348945
urn:mavedb:00000757-a-1#778,NA,NA,p.Gln7Tyr,NA,NA,NA,NA
urn:mavedb:00000757-a-1#779,NA,NA,p.Cys6Asp,-0.0913193324002901,0.132746964593074,0.1056597,0.008009358
urn:mavedb:00000757-a-1#780,NA,NA,p.Cys6Glu,-0.304304131662794,0.108779244679335,0.09280915,0.006563253
urn:mavedb:00000757-a-1#781,NA,NA,p.Cys6Phe,-0.846476080721696,0.284865169776881,0.06009692,0.01718749
urn:mavedb:00000757-a-1#782,NA,NA,p.Cys6Gly,-0.126041827114909,0.0791574264293525,0.1035647,0.004776005
urn:mavedb:00000757-a-1#783,NA,NA,p.Cys6His,-0.221636915690128,0.106840237815775,0.09779692,0.006446262
urn:mavedb:00000757-a-1#784,NA,NA,p.Cys6Ile,-0.419168464536396,0.179605294403124,0.08587875,0.01083658
urn:mavedb:00000757-a-1#785,NA,NA,p.Cys6Lys,-0.515472588111086,0.191298405260456,0.08006819,0.01154209
urn:mavedb:00000757-a-1#786,NA,NA,p.Cys6Leu,-0.295157116098092,0.115571461865009,0.09336104,0.006973065
urn:mavedb:00000757-a-1#787,NA,NA,p.Cys6Met,-0.44743091783578,0.120946189141152,0.08417352,0.007297352
urn:mavedb:00000757-a-1#788,NA,NA,p.Cys6Asn,0.0555974265012836,0.312103516656973,0.114524,0.01883093
urn:mavedb:00000757-a-1#789,NA,NA,p.Cys6Pro,-0.639244939712261,0.147711497967951,0.07260032,0.008912251
urn:mavedb:00000757-a-1#790,NA,NA,p.Cys6Gln,-0.586661326308307,0.118497830627201,0.07577298,0.007149629
urn:mavedb:00000757-a-1#791,NA,NA,p.Cys6Arg,-0.612332603080873,0.0924564733847147,0.07422409,0.00557841
urn:mavedb:00000757-a-1#792,NA,NA,p.Cys6Ser,-0.511409476140065,0.114792849284244,0.08031334,0.006926087
urn:mavedb:00000757-a-1#793,NA,NA,p.Cys6Thr,-0.347253951616715,0.0982296392159601,0.09021775,0.005926737
urn:mavedb:00000757-a-1#794,NA,NA,p.Cys6Val,-0.382670896225626,0.0868922889071002,0.08808085,0.005242692
urn:mavedb:00000757-a-1#795,NA,NA,p.Cys6Trp,-0.6149574247935,0.145993405725895,0.07406572,0.008808589
urn:mavedb:00000757-a-1#796,NA,NA,p.Cys6Tyr,-0.518408503487576,0.149117369515289,0.07989105,0.008997075
urn:mavedb:00000757-a-1#797,NA,NA,p.Ser5Thr,0.223566458809305,0.0872286578952783,0.1246585,0.005262987
urn:mavedb:00000757-a-1#798,NA,NA,p.Ser5Val,0.259321512674626,0.0782847896421356,0.1268158,0.004723354
urn:mavedb:00000757-a-1#799,NA,NA,p.Ser5Trp,0.313322864597858,0.0849767342297079,0.130074,0.005127116
urn:mavedb:00000757-a-1#800,NA,NA,p.Ser5Tyr,-0.290656119492054,0.166745706611179,0.09363261,0.01006069
urn:mavedb:00000757-a-1#801,NA,NA,p.Pro4Gln,-0.351272479573042,0.110133305955323,0.08997529,0.006644951
urn:mavedb:00000757-a-1#802,NA,NA,p.Pro4Arg,-0.409578426401898,0.0891534608552724,0.08645737,0.005379121
urn:mavedb:00000757-a-1#803,NA,NA,p.Pro4Ser,-0.129318503585114,0.0986946886093718,0.103367,0.005954796
urn:mavedb:00000757-a-1#804,NA,NA,p.Pro4Thr,0.0021910805733998,0.102938722180538,0.1113017,0.006210862
urn:mavedb:00000757-a-1#805,NA,NA,p.Pro4Val,0.116987460116056,0.0782260182978597,0.118228,0.004719808
urn:mavedb:00000757-a-1#806,NA,NA,p.Pro4Trp,-0.147110674504515,0.0915636826339785,0.1022935,0.005524543
urn:mavedb:00000757-a-1#807,NA,NA,p.Pro4Tyr,0.231023093831791,0.165608781088535,0.1251084,0.009992093
urn:mavedb:00000757-a-1#808,NA,NA,p.Cys3Asp,-0.0176827826305619,0.125594163829829,0.1101026,0.00757779
urn:mavedb:00000757-a-1#809,NA,NA,p.Cys3Glu,-0.474114367759764,0.164550631707838,0.08256356,0.009928249
urn:mavedb:00000757-a-1#810,NA,NA,p.Cys3Phe,-0.416067803767321,0.194814741527117,0.08606583,0.01175425
urn:mavedb:00000757-a-1#811,NA,NA,p.Cys3Gly,-0.484604704659369,0.0795728201692248,0.08193062,0.004801068
urn:mavedb:00000757-a-1#812,NA,NA,p.Cys3His,-0.24881940824698,0.148870947533706,0.09615685,0.008982207
urn:mavedb:00000757-a-1#813,NA,NA,p.Cys3Ile,0.698286771393302,0.129642326068042,0.153301,0.007822038
urn:mavedb:00000757-a-1#814,NA,NA,p.Cys3Lys,-0.658030555182112,0.127148853171937,0.07146688,0.007671593
urn:mavedb:00000757-a-1#815,NA,NA,p.Cys3Leu,-0.598087927516469,0.103432113085149,0.07508355,0.006240631
urn:mavedb:00000757-a-1#816,NA,NA,p.Cys3Met,-0.144394198665027,0.110256135744502,0.1024574,0.006652362
urn:mavedb:00000757-a-1#817,NA,NA,p.Cys3Asn,0.168892203169885,0.238258963398621,0.1213597,0.01437548
urn:mavedb:00000757-a-1#818,NA,NA,p.Cys3Pro,-0.945409335244634,0.13349040718158,0.05412773,0.008054214
urn:mavedb:00000757-a-1#819,NA,NA,p.Cys3Gln,-1.06903683023301,0.135401503457503,0.0466686,0.008169521
urn:mavedb:00000757-a-1#820,NA,NA,p.Cys3Arg,-0.750541391231582,0.0894805981348319,0.06588519,0.005398859
urn:mavedb:00000757-a-1#821,NA,NA,p.Cys3Ser,-0.303238093066114,0.0921237672468144,0.09287347,0.005558336
urn:mavedb:00000757-a-1#822,NA,NA,p.Cys3Thr,-0.434787454784206,0.153862086543655,0.08493637,0.00928335
urn:mavedb:00000757-a-1#823,NA,NA,p.Cys3Val,-0.347901994358166,0.0921840633975407,0.09017865,0.005561974
urn:mavedb:00000757-a-1#824,NA,NA,p.Cys3Trp,-1.39978160296654,0.175705933385698,0.02671294,0.01060131
urn:mavedb:00000757-a-1#825,NA,NA,p.Cys3Tyr,-0.34242561884332,0.162915359659619,0.09050907,0.009829584
urn:mavedb:00000757-a-1#826,NA,NA,p.Arg2Ser,0.0769844943675099,0.0919155814443751,0.1158144,0.005545775
urn:mavedb:00000757-a-1#827,NA,NA,p.Arg2Thr,0.147417293192925,0.0997793895110868,0.120064,0.006020242
urn:mavedb:00000757-a-1#828,NA,NA,p.Arg2Val,-0.199886877592756,0.0943200354769424,0.09910922,0.005690849
urn:mavedb:00000757-a-1#829,NA,NA,p.Arg2Trp,-0.278622910500334,0.110785227008834,0.09435864,0.006684285
urn:mavedb:00000757-a-1#830,NA,NA,p.Arg2Tyr,0.242217162056255,0.129776956533229,0.1257838,0.007830161
urn:mavedb:00000757-a-1#831,NA,NA,p.Lys1Leu,-0.492756784015136,0.14619983468612,0.08143876,0.008821044
urn:mavedb:00000757-a-1#832,NA,NA,p.Lys1Met,-0.16214659202485,0.174143503993456,0.1013863,0.01050704
urn:mavedb:00000757-a-1#833,NA,NA,p.Lys1Asn,0.139223115919938,0.179462923887803,0.1195696,0.01082799
urn:mavedb:00000757-a-1#834,NA,NA,p.Lys1Pro,-0.125426932339772,0.551450727789704,0.1036018,0.03327207
urn:mavedb:00000757-a-1#835,NA,NA,p.Lys1Gln,-0.690574897030193,0.398791415203777,0.0695033,0.02406129
urn:mavedb:00000757-a-1#836,NA,NA,p.Lys1Arg,-0.948271993615569,0.121817168530053,0.05395501,0.007349903
urn:mavedb:00000757-a-1#837,NA,NA,p.Lys1Ser,-0.756057378566175,0.145807478782836,0.06555238,0.008797371
urn:mavedb:00000757-a-1#838,NA,NA,p.Lys1Thr,-0.376505871710592,0.187902727591181,0.08845282,0.01133721
urn:mavedb:00000757-a-1#839,NA,NA,p.Lys1Val,-0.459786159320247,0.111648582365482,0.08342806,0.006736376
urn:mavedb:00000757-a-1#840,NA,NA,p.Lys1Trp,-1.42418397558858,0.377477604343106,0.02524061,0.02277531
urn:mavedb:00000757-a-1#841,NA,NA,p.Lys1Tyr,0.0379726528117724,0.383670141670182,0.1134606,0.02314894
