source_id,reason,title
urn:mavedb:00000732-a-1,not_one_human_protein_target,cI Helix-turn-helix domain domainome 1.0
urn:mavedb:00000752-a-1,not_one_human_protein_target,"cspA Cold-shock protein, DNA-binding domain domainome 1.0"
urn:mavedb:00000754-a-1,not_one_human_protein_target,"cspB Cold-shock protein, DNA-binding domain domainome 1.0"
urn:mavedb:00000753-a-1,not_one_human_protein_target,"cspB Cold-shock protein, DNA-binding domain domainome 1.0"
urn:mavedb:00000755-a-1,not_one_human_protein_target,CUE2 Ubiquitin system component CUE domain domainome 1.0
urn:mavedb:00000920-a-1,not_one_human_protein_target,NA EHEE fold domainome 1.0
urn:mavedb:00000921-a-1,not_one_human_protein_target,NA HHH fold domainome 1.0
urn:mavedb:00000923-a-1,no_verified_UniProt_gene_mapping,"NA Transcription factor IIS, N-terminal domain domainome 1.0"
urn:mavedb:00000924-a-1,no_verified_UniProt_gene_mapping,NA Ubiquitin-like domain domainome 1.0
urn:mavedb:00000954-a-1,not_one_human_protein_target,pdhC Peripheral subunit-binding domain domainome 1.0
urn:mavedb:00000964-a-1,not_one_human_protein_target, Potato inhibitor I family domainome 1.0
urn:mavedb:00000965-a-1,not_one_human_protein_target, Potato inhibitor I family domainome 1.0
urn:mavedb:00001023-a-1,not_one_human_protein_target,"rplI Ribosomal protein L9, N-terminal domain domainome 1.0"
urn:mavedb:00001025-a-1,not_one_human_protein_target,RSP5 WW domain domainome 1.0
urn:mavedb:00001028-a-1,not_one_human_protein_target,"S100G S100/CaBP-9k-type, calcium binding, subdomain domainome 1.0"
urn:mavedb:00001061-a-1,not_one_human_protein_target,Snta1 PDZ domain domainome 1.0
urn:mavedb:00001076-a-1,not_one_human_protein_target,SPTAN1 SH3 domain domainome 1.0
urn:mavedb:00001103-a-1,not_one_human_protein_target,THO1 SAP domain domainome 1.0
urn:mavedb:00001138-a-1,not_one_human_protein_target,VIL1 Villin headpiece domain domainome 1.0
urn:mavedb:00001136-a-1,not_one_human_protein_target,VIL1 Villin headpiece domain domainome 1.0
