uniprot,urn,task,title,listed,mapped,wt_mismatch,offset,block,span
O14776,urn:mavedb:00001095-a-1,abundance,TCERG1 FF domain domainome 1.0,1001,922,0,726.0,50,"(727, 776)"
O14776,urn:mavedb:00001097-a-1,abundance,TCERG1 FF domain domainome 1.0,1181,1064,0,896.0,59,"(897, 955)"
O14776,urn:mavedb:00001096-a-1,abundance,TCERG1 FF domain domainome 1.0,1121,1003,0,954.0,56,"(955, 1010)"
O14776,urn:mavedb:00001093-a-1,abundance,TCERG1 FF domain domainome 1.0,1381,1299,0,644.0,69,"(645, 713)"
O14776,urn:mavedb:00001094-a-1,abundance,TCERG1 FF domain domainome 1.0,1241,1164,0,792.0,62,"(793, 854)"
O14776,urn:mavedb:00000357-0-1,stability,TCERG1 (L453D mutant) combined scores,930,655,0,427.0,25,"(428, 464)"
O14776,urn:mavedb:00000357-a-2,stability,TCERG1 (L453D mutant) chymotrypsin digestion,930,655,0,427.0,25,"(428, 464)"
O14776,urn:mavedb:00000357-a-1,stability,TCERG1 (L453D mutant) trypsin digestion,930,655,0,427.0,25,"(428, 464)"
O14776,urn:mavedb:00000358-0-1,stability,TCERG1 (L453E mutant) combined scores,1046,654,1,427.0,25,"(428, 464)"
O14776,urn:mavedb:00000358-a-1,stability,TCERG1 (L453E mutant) trypsin digestion,1046,654,1,427.0,25,"(428, 464)"
O14776,urn:mavedb:00000358-a-2,stability,TCERG1 (L453E mutant) chymotrypsin digestion,1046,654,1,427.0,25,"(428, 464)"
O14776,urn:mavedb:00000359-0-1,stability,TCERG1 (L453W mutant) combined scores,637,494,15,431.0,21,"(432, 461)"
O14776,urn:mavedb:00000359-a-2,stability,TCERG1 (L453W mutant) chymotrypsin digestion,637,494,15,431.0,21,"(432, 461)"
O14776,urn:mavedb:00000359-a-1,stability,TCERG1 (L453W mutant) trypsin digestion,637,494,15,431.0,21,"(432, 461)"
O14776,urn:mavedb:00000354-0-1,stability,TCERG1 (W457F mutant) combined scores,1048,657,17,427.0,29,"(428, 464)"
O14776,urn:mavedb:00000354-a-1,stability,TCERG1 (W457F mutant) trypsin digestion,1048,657,17,427.0,29,"(428, 464)"
O14776,urn:mavedb:00000354-a-2,stability,TCERG1 (W457F mutant) chymotrypsin digestion,1048,657,17,427.0,29,"(428, 464)"
O14776,urn:mavedb:00000352-0-1,stability,TCERG1 (Y438R mutant) combined scores,915,659,18,427.0,26,"(428, 464)"
O14776,urn:mavedb:00000352-a-2,stability,TCERG1 (Y438R mutant) chymotrypsin digestion,915,659,18,427.0,26,"(428, 464)"
O14776,urn:mavedb:00000352-a-1,stability,TCERG1 (Y438R mutant) trypsin digestion,915,659,18,427.0,26,"(428, 464)"
O14776,urn:mavedb:00000353-0-1,stability,TCERG1 (Y446L mutant) combined scores,928,656,17,427.0,18,"(428, 464)"
O14776,urn:mavedb:00000353-a-2,stability,TCERG1 (Y446L mutant) chymotrypsin digestion,928,656,17,427.0,18,"(428, 464)"
O14776,urn:mavedb:00000353-a-1,stability,TCERG1 (Y446L mutant) trypsin digestion,928,656,17,427.0,18,"(428, 464)"
O15259,urn:mavedb:00000186-0-1,stability,NPHP1 combined scores,1660,1117,0,152.0,59,"(153, 211)"
O15259,urn:mavedb:00000187-0-1,stability,NPHP1 (F13S) combined scores,1301,1100,19,152.0,48,"(153, 211)"
O15259,urn:mavedb:00000187-a-1,stability,NPHP1 (F13S) trypsin digestion,1301,1100,19,152.0,48,"(153, 211)"
O15259,urn:mavedb:00000187-a-2,stability,NPHP1 (F13S) chymotrypsin digestion,1301,1100,19,152.0,48,"(153, 211)"
O15259,urn:mavedb:00000936-a-1,abundance,NPHP1 SH3 domain domainome 1.0,1201,1126,0,151.0,60,"(152, 211)"
O15259,urn:mavedb:00000186-a-2,stability,NPHP1 chymotrypsin digestion,1660,1117,0,152.0,59,"(153, 211)"
O15259,urn:mavedb:00000186-a-1,stability,NPHP1 trypsin digestion,1660,1117,0,152.0,59,"(153, 211)"
O15259,urn:mavedb:00000188-0-1,stability,NPHP1 (V29A) combined scores,1301,1100,19,152.0,30,"(153, 211)"
O15259,urn:mavedb:00000188-a-2,stability,NPHP1 (V29A) chymotrypsin digestion,1301,1100,19,152.0,30,"(153, 211)"
O15259,urn:mavedb:00000188-a-1,stability,NPHP1 (V29A) trypsin digestion,1301,1100,19,152.0,30,"(153, 211)"
O43186,urn:mavedb:00000736-a-1,abundance,CRX Homeobox domain domainome 1.0,1121,1008,0,40.0,56,"(41, 96)"
O43186,urn:mavedb:00001227-a-2,activity,Scores from deep mutational scanning CRX transcription facto,5284,5284,0,0.0,299,"(2, 299)"
O60260,urn:mavedb:00001281-a-1,abundance,PRKN abundance MAVE,9205,8758,0,0.0,465,"(2, 465)"
O60260,urn:mavedb:00001281-a-2,activity,PRKN pSer65-Ub MAVE,9176,8751,0,0.0,465,"(2, 465)"
O60260,urn:mavedb:00001274-a-1,activity,Human parkin activity,9632,8750,0,0.0,465,"(1, 465)"
O60260,urn:mavedb:00000114-a-1,abundance,Parkin (PRKN) cellular abundance,9220,8756,0,0.0,465,"(1, 465)"
O75400,urn:mavedb:00000207-0-1,stability,PRPF40A combined scores,2367,1196,0,386.0,63,"(387, 449)"
O75400,urn:mavedb:00000994-a-1,abundance,PRPF40A FF domain domainome 1.0,1101,923,0,669.0,55,"(670, 724)"
O75400,urn:mavedb:00000992-a-1,abundance,PRPF40A FF domain domainome 1.0,1001,908,0,394.0,50,"(395, 444)"
O75400,urn:mavedb:00000993-a-1,abundance,PRPF40A FF domain domainome 1.0,1201,1084,0,744.0,60,"(745, 804)"
O75400,urn:mavedb:00000991-a-1,abundance,PRPF40A FF domain domainome 1.0,1081,962,0,458.0,54,"(459, 512)"
O75400,urn:mavedb:00000207-a-1,stability,PRPF40A trypsin digestion,2367,1196,0,386.0,63,"(387, 449)"
O75400,urn:mavedb:00000207-a-2,stability,PRPF40A chymotrypsin digestion,2367,1196,0,386.0,63,"(387, 449)"
O75400,urn:mavedb:00000995-a-1,abundance,PRPF40A WW domain domainome 1.0,1021,957,0,175.0,51,"(176, 226)"
O94993,urn:mavedb:00000452-0-1,stability,SOX30 combined scores,1255,1080,0,338.0,57,"(339, 395)"
O94993,urn:mavedb:00001067-a-1,abundance,SOX30 High mobility group box domain domainome 1.0,1341,1165,0,337.0,67,"(338, 404)"
O94993,urn:mavedb:00000452-a-2,stability,SOX30 chymotrypsin digestion,1255,1080,0,338.0,57,"(339, 395)"
O94993,urn:mavedb:00000452-a-1,stability,SOX30 trypsin digestion,1255,1080,0,338.0,57,"(339, 395)"
O95155,urn:mavedb:00000394-0-1,stability,UBE4B combined scores,5022,1304,0,1226.0,69,"(1227, 1295)"
O95155,urn:mavedb:00000394-a-1,stability,UBE4B trypsin digestion,5022,1304,0,1226.0,69,"(1227, 1295)"
O95155,urn:mavedb:00000394-a-2,stability,UBE4B chymotrypsin digestion,5022,1304,0,1226.0,69,"(1227, 1295)"
O95155,urn:mavedb:00001126-a-1,abundance,UBE4B U box domain domainome 1.0,1421,1206,0,1228.0,71,"(1229, 1299)"
P00441,urn:mavedb:00001217-a-4,activity,SOD1 activity map score set,2910,2655,0,0.0,154,"(2, 153)"
P00441,urn:mavedb:00001217-a-3,abundance,SOD1 abundance map score set,2906,2632,0,0.0,154,"(2, 153)"
P00740,urn:mavedb:00001200-d-1,abundance,F9 MultiSTEP F9 Gla domain scores,9682,8528,0,0.0,461,"(2, 461)"
P00740,urn:mavedb:00001200-b-1,abundance,F9 MultiStEP heavy chain scores,9682,8528,0,0.0,461,"(2, 461)"
P00740,urn:mavedb:00001200-c-1,abundance,F9 MultiSTEP light chain scores,9682,8528,0,0.0,461,"(2, 461)"
P00740,urn:mavedb:00001200-e-1,abundance,F9 MultiSTEP pan-Gla domain scores,9682,8528,0,0.0,461,"(2, 461)"
P00740,urn:mavedb:00001200-a-1,abundance,F9 MultiStEP strep II tag scores,9682,8528,0,0.0,461,"(2, 461)"
P00740,urn:mavedb:00001200-0-1,abundance,F9 predictor scores,9007,8964,0,0.0,461,"(2, 461)"
P00740,urn:mavedb:00000015-a-1,activity,Saturation mutagenesis MPRA of F9 promoter,984,0,0,,3,"(None, None)"
P00740,urn:mavedb:00001237-a-1,abundance,VarChAMP_Imaging_Localization_May_2025,430,0,0,0.0,461,"(None, None)"
P01116,urn:mavedb:00000115-a-14,binding,binding fitness from KRAS-SOS1 bindingPCA of KRAS block2,5949,917,0,0.0,150,"(63, 126)"
P01116,urn:mavedb:00000115-a-1,binding,binding free energy changes of KRAS-DARPin K55 interaction,3553,2994,348,0.0,150,"(2, 187)"
P01116,urn:mavedb:00000115-a-4,binding,binding free energy changes of KRAS-PIK3CGRBD interaction,3553,2792,290,0.0,150,"(2, 187)"
P01116,urn:mavedb:00000115-a-8,binding,binding fitness from KRAS-DARPin K55 bindingPCA of KRAS bloc,4970,605,259,0.0,150,"(125, 187)"
P01116,urn:mavedb:00000115-a-13,binding,binding fitness from KRAS-SOS1 bindingPCA of KRAS block3,3361,452,152,0.0,150,"(125, 187)"
P01116,urn:mavedb:00000115-a-2,binding,binding free energy changes of KRAS-DARPin K27 interaction,3553,2936,328,0.0,150,"(2, 187)"
P01116,urn:mavedb:00000115-a-26,binding,binding fitness from KRAS-DARPin K55 bindingPCA of KRAS bloc,12607,1185,0,0.0,150,"(2, 64)"
P01116,urn:mavedb:00000115-a-11,binding,binding fitness from KRAS-DARPin K27 bindingPCA of KRAS bloc,8666,1103,0,0.0,150,"(63, 126)"
P01116,urn:mavedb:00000115-a-10,binding,binding fitness from KRAS-DARPin K27 bindingPCA of KRAS bloc,4515,552,213,0.0,150,"(125, 187)"
P01116,urn:mavedb:00000115-a-9,binding,binding fitness from KRAS-DARPin K55 bindingPCA of KRAS bloc,8657,1106,0,0.0,150,"(63, 126)"
P01116,urn:mavedb:00000115-a-5,binding,binding free energy changes of KRAS-RALGDSRBD interaction,3553,2712,271,0.0,150,"(2, 187)"
P01116,urn:mavedb:00000115-a-12,binding,binding fitness from KRAS-DARPin K27 bindingPCA of KRAS bloc,14859,1190,0,0.0,150,"(2, 64)"
P01116,urn:mavedb:00000115-a-7,abundance,folding free energy changes of KRAS in abundancePCA,3553,3076,377,0.0,150,"(2, 187)"
P01116,urn:mavedb:00000115-a-6,binding,binding free energy changes of KRAS-RAF1RBD interaction,3553,2942,359,0.0,150,"(2, 187)"
P01116,urn:mavedb:00000115-a-3,binding,binding free energy changes of KRAS-SOS1 interaction,3553,2720,264,0.0,150,"(2, 187)"
P01116,urn:mavedb:00000115-a-24,binding,binding fitness from KRAS-RAF1RDB bindingPCA of KRAS block3,5163,625,290,0.0,150,"(125, 187)"
P01116,urn:mavedb:00000115-a-22,binding,binding fitness from KRAS-RAF1RDB bindingPCA of KRAS block1,14044,1189,0,0.0,150,"(2, 64)"
P01116,urn:mavedb:00000115-a-21,binding,binding fitness from KRAS-RALGDSRDB bindingPCA of KRAS block,13676,1185,0,0.0,150,"(2, 64)"
P01116,urn:mavedb:00000115-a-27,abundance,abundance fitness from abundancePCA of KRAS block2,8912,1122,0,0.0,150,"(63, 126)"
P01116,urn:mavedb:00000115-a-20,binding,binding fitness from KRAS-RALGDSRDB bindingPCA of KRAS block,5606,922,0,0.0,150,"(63, 126)"
P01116,urn:mavedb:00000115-a-25,binding,binding fitness from KRAS-RAF1RDB bindingPCA of KRAS block2,7459,1047,0,0.0,150,"(63, 126)"
P01116,urn:mavedb:00000115-a-28,abundance,abundance fitness from abundancePCA of KRAS block3,4695,580,245,0.0,150,"(125, 187)"
P01116,urn:mavedb:00000115-a-19,binding,binding fitness from KRAS-RALGDSRDB bindingPCA of KRAS block,3351,445,140,0.0,150,"(125, 187)"
P01116,urn:mavedb:00000115-a-18,binding,binding fitness from KRAS-PIK3CGRDB bindingPCA of KRAS block,11096,1177,0,0.0,150,"(2, 64)"
P01116,urn:mavedb:00000115-a-23,abundance,abundance fitness from abundancePCA of KRAS block1,13845,1188,0,0.0,150,"(2, 64)"
P01116,urn:mavedb:00000115-a-17,binding,binding fitness from KRAS-PIK3CGRDB bindingPCA of KRAS block,6893,996,0,0.0,150,"(63, 126)"
P01116,urn:mavedb:00000115-a-16,binding,binding fitness from KRAS-PIK3CGRDB bindingPCA of KRAS block,3833,493,187,0.0,150,"(125, 187)"
P01116,urn:mavedb:00000115-a-15,binding,binding fitness from KRAS-SOS1 bindingPCA of KRAS block1,12637,1188,0,0.0,150,"(2, 64)"
P01130,urn:mavedb:00000023-a-1,activity,"Saturation mutagenesis MPRA of LDLR promoter, replicate 1",1083,0,0,,3,"(None, None)"
P01130,urn:mavedb:00000023-a-2,activity,"Saturation mutagenesis MPRA of LDLR promoter, replicate 2",1093,0,0,,3,"(None, None)"
P01130,urn:mavedb:00001269-c-1,activity,LDLR missense variant effects on LDL uptake with VLDL.,7586,6752,0,0.0,860,"(2, 372)"
P01130,urn:mavedb:00001269-b-1,abundance,LDLR missense variant effects on LDLR cell-surface abundance,16796,15011,0,0.0,860,"(2, 860)"
P01130,urn:mavedb:00001269-a-1,activity,LDLR missense variant effects on LDL uptake.,17390,15507,0,0.0,860,"(2, 860)"
P02417,urn:mavedb:00000240-0-1,stability,rplI combined scores,1761,904,0,0.0,48,"(1, 48)"
P02417,urn:mavedb:00000241-0-1,stability,rplI (K12M) combined scores,955,797,16,0.0,36,"(1, 48)"
P02417,urn:mavedb:00000241-a-2,stability,rplI (K12M) chymotrypsin digestion,955,797,16,0.0,36,"(1, 48)"
P02417,urn:mavedb:00000241-a-1,stability,rplI (K12M) trypsin digestion,955,797,16,0.0,36,"(1, 48)"
P02417,urn:mavedb:00000242-0-1,stability,rplI (pross4) combined scores,859,840,18,0.0,26,"(1, 48)"
P02417,urn:mavedb:00000242-a-1,stability,rplI (pross4) trypsin digestion,859,840,18,0.0,26,"(1, 48)"
P02417,urn:mavedb:00000242-a-2,stability,rplI (pross4) chymotrypsin digestion,859,840,18,0.0,26,"(1, 48)"
P02417,urn:mavedb:00000243-0-1,stability,rplI (pross6) combined scores,863,826,36,0.0,26,"(1, 48)"
P02417,urn:mavedb:00000243-a-2,stability,rplI (pross6) chymotrypsin digestion,863,826,36,0.0,26,"(1, 48)"
P02417,urn:mavedb:00000243-a-1,stability,rplI (pross6) trypsin digestion,863,826,36,0.0,26,"(1, 48)"
P02417,urn:mavedb:00000244-0-1,stability,rplI (pross7) combined scores,860,787,72,0.0,21,"(1, 48)"
P02417,urn:mavedb:00000244-a-1,stability,rplI (pross7) trypsin digestion,860,787,72,0.0,21,"(1, 48)"
P02417,urn:mavedb:00000244-a-2,stability,rplI (pross7) chymotrypsin digestion,860,787,72,0.0,21,"(1, 48)"
P02417,urn:mavedb:00000245-0-1,stability,rplI (pross9) combined scores,862,0,0,,14,"(None, None)"
P02417,urn:mavedb:00000245-a-1,stability,rplI (pross9) trypsin digestion,862,0,0,,14,"(None, None)"
P02417,urn:mavedb:00000245-a-2,stability,rplI (pross9) chymotrypsin digestion,862,0,0,,14,"(None, None)"
P02417,urn:mavedb:00001023-a-1,abundance,"rplI Ribosomal protein L9, N-terminal domain domainome 1.0",941,804,0,0.0,47,"(1, 47)"
P02417,urn:mavedb:00000240-a-1,stability,rplI trypsin digestion,1761,904,0,0.0,48,"(1, 48)"
P02417,urn:mavedb:00000240-a-2,stability,rplI chymotrypsin digestion,1761,904,0,0.0,48,"(1, 48)"
P02640,urn:mavedb:00000219-0-1,stability,VIL1 combined scores,2879,1234,0,761.0,65,"(762, 826)"
P02640,urn:mavedb:00000209-0-1,stability,VIL1 combined scores,997,647,19,790.0,35,"(792, 826)"
P02640,urn:mavedb:00000374-0-1,stability,VIL1 combined scores,2135,1197,19,762.0,35,"(763, 826)"
P02640,urn:mavedb:00000395-0-1,stability,VIL1 combined scores,2110,1176,19,763.0,35,"(764, 826)"
P02640,urn:mavedb:00000209-a-2,stability,VIL1 chymotrypsin digestion,997,647,19,790.0,35,"(792, 826)"
P02640,urn:mavedb:00000219-a-2,stability,VIL1 chymotrypsin digestion,2879,1234,0,761.0,65,"(762, 826)"
P02640,urn:mavedb:00000209-a-1,stability,VIL1 trypsin digestion,997,647,19,790.0,35,"(792, 826)"
P02640,urn:mavedb:00000374-a-2,stability,VIL1 chymotrypsin digestion,2135,1197,19,762.0,35,"(763, 826)"
P02640,urn:mavedb:00000374-a-1,stability,VIL1 trypsin digestion,2135,1197,19,762.0,35,"(763, 826)"
P02640,urn:mavedb:00000219-a-1,stability,VIL1 trypsin digestion,2879,1234,0,761.0,65,"(762, 826)"
P02640,urn:mavedb:00000395-a-2,stability,VIL1 chymotrypsin digestion,2110,1176,19,763.0,35,"(764, 826)"
P02640,urn:mavedb:00000395-a-1,stability,VIL1 trypsin digestion,2110,1176,19,763.0,35,"(764, 826)"
P02640,urn:mavedb:00001138-a-1,abundance,VIL1 Villin headpiece domain domainome 1.0,1301,1235,0,761.0,65,"(762, 826)"
P02640,urn:mavedb:00001136-a-1,abundance,VIL1 Villin headpiece domain domainome 1.0,701,629,0,791.0,35,"(792, 826)"
P02829,urn:mavedb:00000011-a-1,fitness,Deep mutational scan of HSP90,568,171,0,581.0,9,"(582, 590)"
P02829,urn:mavedb:00000039-a-5,abundance,"Deep mutational scan of HSP90, GPD construct",182,164,0,581.0,9,"(582, 590)"
P02829,urn:mavedb:00000039-a-4,abundance,"Deep mutational scan of HSP90, CYCdter construct",189,171,0,581.0,9,"(582, 590)"
P02829,urn:mavedb:00000039-a-7,abundance,"Deep mutational scan of HSP90, TEFdter construct",184,166,0,581.0,9,"(582, 590)"
P02829,urn:mavedb:00000039-a-1,abundance,"Deep mutational scan of HSP90, ADH construct",189,171,0,581.0,9,"(582, 590)"
P02829,urn:mavedb:00000039-a-3,abundance,"Deep mutational scan of HSP90, CYC construct",189,171,0,581.0,9,"(582, 590)"
P02829,urn:mavedb:00000039-a-2,abundance,"Deep mutational scan of HSP90, ADHdter construct",185,167,0,581.0,9,"(582, 590)"
P02829,urn:mavedb:00000039-a-6,abundance,"Deep mutational scan of HSP90, TEF construct",187,169,0,581.0,9,"(582, 590)"
P02829,urn:mavedb:00000074-a-1,fitness,Yeast growth Hsp82 (Hsp90),4773,4323,0,0.0,232,"(2, 231)"
P02943,urn:mavedb:00000064-a-1,fitness,LamB resistance to phage λ,4023,1870,0,0.0,446,"(1, 446)"
P02943,urn:mavedb:00000064-b-1,activity,Maltose transportation of LamB,4023,213,0,0.0,446,"(5, 446)"
P04049,urn:mavedb:00001002-a-1,abundance,RAF1 Raf-like Ras-binding domain domainome 1.0,1421,1250,0,57.0,71,"(58, 128)"
P04049,urn:mavedb:00000061-e-1,binding,RAF variant selected after 10h,298,297,0,51.0,39,"(52, 90)"
P04049,urn:mavedb:00000061-f-1,binding,RAF variant selected after 12h,298,297,0,51.0,39,"(52, 90)"
P04049,urn:mavedb:00000061-g-1,binding,RAF variant selected after 24h,298,297,0,51.0,39,"(52, 90)"
P04049,urn:mavedb:00000061-a-1,binding,RAF variant selected after 2h,298,297,0,51.0,39,"(52, 90)"
P04049,urn:mavedb:00000061-h-1,binding,RAF variant selected after 48h,298,297,0,51.0,39,"(52, 90)"
P04049,urn:mavedb:00000061-b-1,binding,RAF variant selected after 4h,298,297,0,51.0,39,"(52, 90)"
P04049,urn:mavedb:00000061-c-1,binding,RAF variant selected after 6h,298,297,0,51.0,39,"(52, 90)"
P04049,urn:mavedb:00000061-i-1,binding,RAF variant selected after 72h,298,297,0,51.0,39,"(52, 90)"
P04049,urn:mavedb:00000061-d-1,binding,RAF variant selected after 8h,298,297,0,51.0,39,"(52, 90)"
P04637,urn:mavedb:00001234-c-1,activity,Scores from arrayed yeast-based assay of TP53 BAX promoter,2314,2314,0,0.0,393,"(2, 393)"
P04637,urn:mavedb:00001234-f-1,activity,Scores from arrayed yeast-based assay of TP53 GADD45 promote,2314,2314,0,0.0,393,"(2, 393)"
P04637,urn:mavedb:00001234-d-1,activity,Arrayed yeast-based assay of TP53 h1433snWT promoter,2314,2314,0,0.0,393,"(2, 393)"
P04637,urn:mavedb:00001234-b-1,activity,Scores from arrayed yeast-based assay of TP53 MDM2 promoter,2314,2314,0,0.0,393,"(2, 393)"
P04637,urn:mavedb:00001234-g-1,activity,Scores from arrayed yeast-based assay of TP53 Noxa promoter,2314,2314,0,0.0,393,"(2, 393)"
P04637,urn:mavedb:00001234-a-1,activity,Scores from arrayed yeast-based assay of TP53 p21WAF1 promot,2314,2314,0,0.0,393,"(2, 393)"
P04637,urn:mavedb:00001234-e-1,activity,Scores from arrayed yeast-based assay of TP53 p53AIP1 promot,2314,2314,0,0.0,393,"(2, 393)"
P04637,urn:mavedb:00001234-h-1,activity,Scores from arrayed yeast-based assay of TP53 p53R2 promoter,2314,2314,0,0.0,393,"(2, 393)"
P04637,urn:mavedb:00001234-0-1,activity,Median TP53 transcriptional activity scores,2314,2314,0,0.0,393,"(2, 393)"
P04637,urn:mavedb:00001236-0-1,activity,Combined score from naive Bayes classifier for TP53,7893,7463,19,0.0,321,"(2, 393)"
P04637,urn:mavedb:00001277-a-1,fitness,Scores from deep mutational scan of the p53 DBD,8058,0,0,,0,"(None, None)"
P04637,urn:mavedb:00000068-a-1,fitness,Mutated p53 paired with wildtype under nutlin-3,8274,7448,19,0.0,321,"(1, 393)"
P04637,urn:mavedb:00000068-c-1,fitness,Mutated p53 with etoposide,8274,7448,19,0.0,321,"(1, 393)"
P04637,urn:mavedb:00000068-b-1,fitness,Mutated p53 with nutlin-3,8274,7448,19,0.0,321,"(1, 393)"
P04637,urn:mavedb:00001235-a-1,binding,Scores from Nutlin-3a treatment of TP53 variant-expressing K,7893,7427,19,0.0,321,"(2, 393)"
P04637,urn:mavedb:00000059-a-1,fitness,p53 variant effect measured by cell growth,9273,2967,0,101.0,191,"(102, 292)"
P04637,urn:mavedb:00000068-0-1,activity,Combined score using three assays of TP53 activity that asse,8258,7448,19,0.0,321,"(1, 393)"
P04637,urn:mavedb:00001245-a-1,activity,TP53 ABE8e tiling screen with activity based selection (Etop,465,0,0,,0,"(None, None)"
P04637,urn:mavedb:00001245-a-2,activity,TP53 TadCBEd base editing tiling screen with activity based ,518,0,0,,0,"(None, None)"
P05067,urn:mavedb:00000113-a-2,binding,Single amino acid insertions,763,0,0,671.0,42,"(None, None)"
P05067,urn:mavedb:00000113-a-3,binding,Single amino acid substitutions,751,751,0,671.0,42,"(672, 713)"
P05067,urn:mavedb:00000058-a-1,fitness,Amino acid scores for Aβ42 variants,2162,92,704,671.0,42,"(685, 711)"
P06213,urn:mavedb:00001239-a-5,activity,mAb 83-07 Stimulated Signalling,19100,14054,0,0.0,955,"(28, 955)"
P06213,urn:mavedb:00001239-a-3,binding,mAb 83-14 Binding Assay,19100,14063,0,0.0,955,"(28, 955)"
P06213,urn:mavedb:00001239-a-2,binding,mAb 83-07 Binding Assay,19100,13912,0,0.0,955,"(28, 955)"
P06213,urn:mavedb:00001239-a-1,activity,Insulin Signalling Assay,19100,14186,0,0.0,955,"(28, 955)"
P06213,urn:mavedb:00001239-a-7,abundance,Cell Surface Expression Assay,19100,14189,0,0.0,955,"(28, 955)"
P06213,urn:mavedb:00001239-a-4,activity,mAb 83-14 Stimulated Signalling,19100,14071,0,0.0,955,"(28, 955)"
P06213,urn:mavedb:00001239-a-6,binding,Insulin Binding Assay,19100,13927,0,0.0,955,"(28, 955)"
P06239,urn:mavedb:00000151-0-1,stability,LCK combined scores,2343,1083,0,62.0,57,"(63, 119)"
P06239,urn:mavedb:00000875-a-1,abundance,LCK SH3 domain domainome 1.0,1161,1075,0,62.0,58,"(63, 120)"
P06239,urn:mavedb:00000151-a-1,stability,LCK trypsin digestion,2343,1083,0,62.0,57,"(63, 119)"
P06239,urn:mavedb:00000151-a-2,stability,LCK chymotrypsin digestion,2343,1083,0,62.0,57,"(63, 119)"
P06241,urn:mavedb:00000116-0-1,stability,FYN SH3 domain combined scores,1629,1090,0,83.0,58,"(84, 141)"
P06241,urn:mavedb:00000439-0-1,stability,FYN SH3 domain combined scores,1659,1097,19,83.0,46,"(84, 142)"
P06241,urn:mavedb:00000117-0-1,stability,FYN SH3 domain (E24S) combined scores,1276,1080,19,83.0,34,"(84, 141)"
P06241,urn:mavedb:00000117-a-2,stability,FYN SH3 domain (E24S) chymotrypsin digestion,1276,1080,19,83.0,34,"(84, 141)"
P06241,urn:mavedb:00000117-a-1,stability,FYN SH3 domain (E24S) trypsin digestion,1276,1080,19,83.0,34,"(84, 141)"
P06241,urn:mavedb:00000118-0-1,stability,FYN SH3 domain (F20A) combined scores,1278,1080,19,83.0,38,"(84, 141)"
P06241,urn:mavedb:00000118-a-2,stability,FYN SH3 domain (F20A) chymotrypsin digestion,1278,1080,19,83.0,38,"(84, 141)"
P06241,urn:mavedb:00000118-a-1,stability,FYN SH3 domain (F20A) trypsin digestion,1278,1080,19,83.0,38,"(84, 141)"
P06241,urn:mavedb:00000823-a-1,abundance,FYN SH3 domain domainome 1.0,1221,1142,0,82.0,61,"(83, 143)"
P06241,urn:mavedb:00000119-0-1,stability,FYN SH3 domain (L7S) combined scores,1276,1080,18,83.0,51,"(84, 141)"
P06241,urn:mavedb:00000119-a-2,stability,FYN SH3 domain (L7S) chymotrypsin digestion,1276,1080,18,83.0,51,"(84, 141)"
P06241,urn:mavedb:00000119-a-1,stability,FYN SH3 domain (L7S) trypsin digestion,1276,1080,18,83.0,51,"(84, 141)"
P06241,urn:mavedb:00000116-a-1,stability,FYN SH3 domain trypsin digestion,1629,1090,0,83.0,58,"(84, 141)"
P06241,urn:mavedb:00000439-a-1,stability,FYN SH3 domain trypsin digestion,1659,1097,19,83.0,46,"(84, 142)"
P06241,urn:mavedb:00000439-a-2,stability,FYN SH3 domain chymotrypsin digestion,1659,1097,19,83.0,46,"(84, 142)"
P06241,urn:mavedb:00000116-a-2,stability,FYN SH3 domain chymotrypsin digestion,1629,1090,0,83.0,58,"(84, 141)"
P06241,urn:mavedb:00000120-0-1,stability,FYN SH3 domain (V55A) combined scores,1276,1079,18,83.0,54,"(84, 141)"
P06241,urn:mavedb:00000120-a-2,stability,FYN SH3 domain (V55A) chymotrypsin digestion,1276,1079,18,83.0,54,"(84, 141)"
P06241,urn:mavedb:00000120-a-1,stability,FYN SH3 domain (V55A) trypsin digestion,1276,1079,18,83.0,54,"(84, 141)"
P07751,urn:mavedb:00000302-0-1,stability,SPTAN1 combined scores,1662,1120,0,965.0,59,"(966, 1024)"
P07751,urn:mavedb:00000284-0-1,stability,SPTAN1 combined scores,2281,812,526,971.0,42,"(984, 1036)"
P07751,urn:mavedb:00000194-0-1,stability,SPTAN1 combined scores,1663,834,285,981.0,43,"(983, 1036)"
P07751,urn:mavedb:00000232-0-1,stability,SPTAN1 combined scores,2287,1037,19,969.0,49,"(970, 1025)"
P07751,urn:mavedb:00000180-0-1,stability,SPTAN1 combined scores,1620,1083,0,967.0,57,"(968, 1024)"
P07751,urn:mavedb:00000396-0-1,stability,SPTAN1 combined scores,1230,0,0,,18,"(None, None)"
P07751,urn:mavedb:00000125-0-1,stability,SPTAN1 combined scores,1236,1044,19,968.0,42,"(969, 1024)"
P07751,urn:mavedb:00000375-0-1,stability,SPTAN1 combined scores,2961,869,436,963.0,45,"(965, 1027)"
P07751,urn:mavedb:00000195-0-1,stability,SPTAN1 combined scores,4103,893,247,950.0,44,"(952, 1010)"
P07751,urn:mavedb:00000148-0-1,stability,SPTAN1 combined scores,1595,0,0,,21,"(None, None)"
P07751,urn:mavedb:00000273-0-1,stability,SPTAN1 combined scores,1426,815,412,967.0,42,"(968, 1027)"
P07751,urn:mavedb:00000182-0-1,stability,SPTAN1 combined scores,1594,1043,18,968.0,41,"(969, 1024)"
P07751,urn:mavedb:00000126-0-1,stability,SPTAN1 (F47A) combined scores,1231,1021,38,968.0,42,"(969, 1024)"
P07751,urn:mavedb:00000126-a-1,stability,SPTAN1 (F47A) trypsin digestion,1231,1021,38,968.0,42,"(969, 1024)"
P07751,urn:mavedb:00000126-a-2,stability,SPTAN1 (F47A) chymotrypsin digestion,1231,1021,38,968.0,42,"(969, 1024)"
P07751,urn:mavedb:00000376-0-1,stability,SPTAN1 (F60A) combined scores,1522,874,436,963.0,45,"(965, 1027)"
P07751,urn:mavedb:00000376-a-2,stability,SPTAN1 (F60A) chymotrypsin digestion,1522,874,436,963.0,45,"(965, 1027)"
P07751,urn:mavedb:00000376-a-1,stability,SPTAN1 (F60A) trypsin digestion,1522,874,436,963.0,45,"(965, 1027)"
P07751,urn:mavedb:00000127-0-1,stability,SPTAN1 (L5S) combined scores,1232,1023,38,968.0,37,"(969, 1024)"
P07751,urn:mavedb:00000127-a-2,stability,SPTAN1 (L5S) chymotrypsin digestion,1232,1023,38,968.0,37,"(969, 1024)"
P07751,urn:mavedb:00000127-a-1,stability,SPTAN1 (L5S) trypsin digestion,1232,1023,38,968.0,37,"(969, 1024)"
P07751,urn:mavedb:00000149-0-1,stability,SPTAN1 (R44S) combined scores,1230,0,0,,21,"(None, None)"
P07751,urn:mavedb:00000149-a-1,stability,SPTAN1 (R44S) trypsin digestion,1230,0,0,,21,"(None, None)"
P07751,urn:mavedb:00000149-a-2,stability,SPTAN1 (R44S) chymotrypsin digestion,1230,0,0,,21,"(None, None)"
P07751,urn:mavedb:00000134-0-1,stability,SPTAN1 SH3 domain combined scores,1701,0,0,,18,"(None, None)"
P07751,urn:mavedb:00001076-a-1,abundance,SPTAN1 SH3 domain domainome 1.0,1181,1111,0,967.0,59,"(968, 1026)"
P07751,urn:mavedb:00000134-a-2,stability,SPTAN1 SH3 domain chymotrypsin digestion,1701,0,0,,18,"(None, None)"
P07751,urn:mavedb:00000134-a-1,stability,SPTAN1 SH3 domain trypsin digestion,1701,0,0,,18,"(None, None)"
P07751,urn:mavedb:00000195-a-1,stability,SPTAN1 trypsin digestion,4103,893,247,950.0,44,"(952, 1010)"
P07751,urn:mavedb:00000148-a-2,stability,SPTAN1 chymotrypsin digestion,1595,0,0,,21,"(None, None)"
P07751,urn:mavedb:00000148-a-1,stability,SPTAN1 trypsin digestion,1595,0,0,,21,"(None, None)"
P07751,urn:mavedb:00000302-a-1,stability,SPTAN1 trypsin digestion,1662,1120,0,965.0,59,"(966, 1024)"
P07751,urn:mavedb:00000182-a-2,stability,SPTAN1 chymotrypsin digestion,1594,1043,18,968.0,41,"(969, 1024)"
P07751,urn:mavedb:00000232-a-1,stability,SPTAN1 trypsin digestion,2287,1037,19,969.0,49,"(970, 1025)"
P07751,urn:mavedb:00000284-a-2,stability,SPTAN1 chymotrypsin digestion,2281,812,526,971.0,42,"(984, 1036)"
P07751,urn:mavedb:00000375-a-2,stability,SPTAN1 chymotrypsin digestion,2961,869,436,963.0,45,"(965, 1027)"
P07751,urn:mavedb:00000375-a-1,stability,SPTAN1 trypsin digestion,2961,869,436,963.0,45,"(965, 1027)"
P07751,urn:mavedb:00000195-a-2,stability,SPTAN1 chymotrypsin digestion,4103,893,247,950.0,44,"(952, 1010)"
P07751,urn:mavedb:00000125-a-1,stability,SPTAN1 trypsin digestion,1236,1044,19,968.0,42,"(969, 1024)"
P07751,urn:mavedb:00000180-a-2,stability,SPTAN1 chymotrypsin digestion,1620,1083,0,967.0,57,"(968, 1024)"
P07751,urn:mavedb:00000182-a-1,stability,SPTAN1 trypsin digestion,1594,1043,18,968.0,41,"(969, 1024)"
P07751,urn:mavedb:00000273-a-1,stability,SPTAN1 trypsin digestion,1426,815,412,967.0,42,"(968, 1027)"
P07751,urn:mavedb:00000302-a-2,stability,SPTAN1 chymotrypsin digestion,1662,1120,0,965.0,59,"(966, 1024)"
P07751,urn:mavedb:00000194-a-1,stability,SPTAN1 trypsin digestion,1663,834,285,981.0,43,"(983, 1036)"
P07751,urn:mavedb:00000180-a-1,stability,SPTAN1 trypsin digestion,1620,1083,0,967.0,57,"(968, 1024)"
P07751,urn:mavedb:00000284-a-1,stability,SPTAN1 trypsin digestion,2281,812,526,971.0,42,"(984, 1036)"
P07751,urn:mavedb:00000396-a-1,stability,SPTAN1 trypsin digestion,1230,0,0,,18,"(None, None)"
P07751,urn:mavedb:00000396-a-2,stability,SPTAN1 chymotrypsin digestion,1230,0,0,,18,"(None, None)"
P07751,urn:mavedb:00000232-a-2,stability,SPTAN1 chymotrypsin digestion,2287,1037,19,969.0,49,"(970, 1025)"
P07751,urn:mavedb:00000125-a-2,stability,SPTAN1 chymotrypsin digestion,1236,1044,19,968.0,42,"(969, 1024)"
P07751,urn:mavedb:00000194-a-2,stability,SPTAN1 chymotrypsin digestion,1663,834,285,981.0,43,"(983, 1036)"
P07751,urn:mavedb:00000273-a-2,stability,SPTAN1 chymotrypsin digestion,1426,815,412,967.0,42,"(968, 1027)"
P07751,urn:mavedb:00000150-0-1,stability,SPTAN1 (W36A) combined scores,1233,0,0,,15,"(None, None)"
P07751,urn:mavedb:00000150-a-1,stability,SPTAN1 (W36A) trypsin digestion,1233,0,0,,15,"(None, None)"
P07751,urn:mavedb:00000150-a-2,stability,SPTAN1 (W36A) chymotrypsin digestion,1233,0,0,,15,"(None, None)"
P07751,urn:mavedb:00000377-0-1,stability,SPTAN1 (W41S) combined scores,1518,851,455,963.0,39,"(965, 1027)"
P07751,urn:mavedb:00000377-a-1,stability,SPTAN1 (W41S) trypsin digestion,1518,851,455,963.0,39,"(965, 1027)"
P07751,urn:mavedb:00000377-a-2,stability,SPTAN1 (W41S) chymotrypsin digestion,1518,851,455,963.0,39,"(965, 1027)"
P0A9X9,urn:mavedb:00000752-a-1,abundance,"cspA Cold-shock protein, DNA-binding domain domainome 1.0",1361,1281,0,2.0,68,"(3, 70)"
P0A9X9,urn:mavedb:00000160-0-1,stability,cspA combined scores,1481,1277,0,2.0,68,"(3, 70)"
P0A9X9,urn:mavedb:00000630-0-1,stability,CspA combined scores,1457,1254,0,4.0,66,"(5, 70)"
P0A9X9,urn:mavedb:00000161-0-1,stability,cspA (G17A) combined scores,1499,1272,19,2.0,51,"(3, 70)"
P0A9X9,urn:mavedb:00000161-a-2,stability,cspA (G17A) chymotrypsin digestion,1499,1272,19,2.0,51,"(3, 70)"
P0A9X9,urn:mavedb:00000161-a-1,stability,cspA (G17A) trypsin digestion,1499,1272,19,2.0,51,"(3, 70)"
P0A9X9,urn:mavedb:00000162-0-1,stability,cspA (L43S) combined scores,1500,1272,19,2.0,42,"(3, 70)"
P0A9X9,urn:mavedb:00000162-a-1,stability,cspA (L43S) trypsin digestion,1500,1272,19,2.0,42,"(3, 70)"
P0A9X9,urn:mavedb:00000162-a-2,stability,cspA (L43S) chymotrypsin digestion,1500,1272,19,2.0,42,"(3, 70)"
P0A9X9,urn:mavedb:00000160-a-1,stability,cspA trypsin digestion,1481,1277,0,2.0,68,"(3, 70)"
P0A9X9,urn:mavedb:00000160-a-2,stability,cspA chymotrypsin digestion,1481,1277,0,2.0,68,"(3, 70)"
P0A9X9,urn:mavedb:00000630-a-2,stability,CspA chymotrypsin digestion,1457,1254,0,4.0,66,"(5, 70)"
P0A9X9,urn:mavedb:00000630-a-1,stability,CspA trypsin digestion,1457,1254,0,4.0,66,"(5, 70)"
P0CG63,urn:mavedb:00000038-b-2,binding,"Ubiquitin-E1 yeast display amino acid scores, excess E1, reg",185,168,0,67.0,9,"(68, 76)"
P0CG63,urn:mavedb:00000038-b-1,binding,"Ubiquitin-E1 yeast display amino acid scores, excess E1, reg",188,171,0,39.0,9,"(40, 48)"
P0CG63,urn:mavedb:00000038-a-1,binding,"Ubiquitin-E1 yeast display amino acid scores, limiting E1",1528,1380,0,1.0,75,"(2, 76)"
P0CG63,urn:mavedb:00000037-a-1,fitness,Ubiquitin EMPIRIC amino acid scores,1343,1195,0,1.0,75,"(2, 76)"
P11413,urn:mavedb:00001266-0-1,abundance,G6PD Combined Functional Scores,9504,8570,0,0.0,515,"(2, 511)"
P11413,urn:mavedb:00001266-b-1,abundance,G6PD VAMP-seq Scores,10674,9676,0,0.0,515,"(2, 514)"
P11413,urn:mavedb:00001266-a-1,fitness,G6PD Yeast Growth Scores,10675,8217,0,0.0,515,"(2, 510)"
P11413,urn:mavedb:00001266-c-1,activity,G6PD Yeast Growth (Control) Scores,9145,8227,0,0.0,515,"(1, 515)"
P11413,urn:mavedb:00001237-a-2,abundance,VarChAMP_Imaging_Morphological_Change_May_2025,430,0,0,0.0,515,"(None, None)"
P11961,urn:mavedb:00000212-0-1,stability,pdhC combined scores,1663,803,18,125.0,31,"(126, 169)"
P11961,urn:mavedb:00000211-0-1,stability,pdhC combined scores,1001,678,18,127.0,38,"(128, 168)"
P11961,urn:mavedb:00000368-0-1,stability,pdhC combined scores,1186,792,0,128.0,43,"(129, 171)"
P11961,urn:mavedb:00000210-0-1,stability,pdhC combined scores,954,803,18,125.0,40,"(126, 169)"
P11961,urn:mavedb:00000954-a-1,abundance,pdhC Peripheral subunit-binding domain domainome 1.0,961,891,0,125.0,48,"(126, 173)"
P11961,urn:mavedb:00000212-a-1,stability,pdhC trypsin digestion,1663,803,18,125.0,31,"(126, 169)"
P11961,urn:mavedb:00000368-a-1,stability,pdhC trypsin digestion,1186,792,0,128.0,43,"(129, 171)"
P11961,urn:mavedb:00000211-a-1,stability,pdhC trypsin digestion,1001,678,18,127.0,38,"(128, 168)"
P11961,urn:mavedb:00000212-a-2,stability,pdhC chymotrypsin digestion,1663,803,18,125.0,31,"(126, 169)"
P11961,urn:mavedb:00000210-a-2,stability,pdhC chymotrypsin digestion,954,803,18,125.0,40,"(126, 169)"
P11961,urn:mavedb:00000368-a-2,stability,pdhC chymotrypsin digestion,1186,792,0,128.0,43,"(129, 171)"
P11961,urn:mavedb:00000210-a-1,stability,pdhC trypsin digestion,954,803,18,125.0,40,"(126, 169)"
P11961,urn:mavedb:00000211-a-2,stability,pdhC chymotrypsin digestion,1001,678,18,127.0,38,"(128, 168)"
P12931,urn:mavedb:00000041-a-1,activity,Amino acid scores for Src CD,3506,3372,0,269.0,250,"(270, 519)"
P12931,urn:mavedb:00000041-b-1,activity,Deep mutational scan of Src SH4,360,342,0,1.0,18,"(2, 19)"
P12931,urn:mavedb:00001079-a-1,abundance,SRC SH3 domain domainome 1.0,1141,963,0,86.0,57,"(87, 143)"
P17480,urn:mavedb:00000629-0-1,stability,UBTF combined scores,1082,930,0,487.0,50,"(488, 537)"
P17480,urn:mavedb:00001128-a-1,abundance,UBTF High mobility group box domain domainome 1.0,1241,1168,0,407.0,62,"(408, 469)"
P17480,urn:mavedb:00000629-a-2,stability,UBTF chymotrypsin digestion,1082,930,0,487.0,50,"(488, 537)"
P17480,urn:mavedb:00000629-a-1,stability,UBTF trypsin digestion,1082,930,0,487.0,50,"(488, 537)"
P20936,urn:mavedb:00000329-0-1,stability,RASA1 combined scores,3732,1137,0,280.0,60,"(281, 340)"
P20936,urn:mavedb:00001007-a-1,abundance,RASA1 SH3 domain domainome 1.0,1221,1158,0,280.0,61,"(281, 341)"
P20936,urn:mavedb:00000329-a-2,stability,RASA1 chymotrypsin digestion,3732,1137,0,280.0,60,"(281, 340)"
P20936,urn:mavedb:00000329-a-1,stability,RASA1 trypsin digestion,3732,1137,0,280.0,60,"(281, 340)"
P29597,urn:mavedb:00001271-a-1,abundance,TYK2-VampDMS,23698,22516,0,0.0,1187,"(1, 1187)"
P29597,urn:mavedb:00001270-a-7,activity,"TYK2-DMS: IFN-alpha, 100U/mL + BMS-986202, 20 nM (duplicate ",23719,22533,0,0.0,1187,"(1, 1187)"
P29597,urn:mavedb:00001270-a-9,activity,"TYK2-DMS: IFN-alpha, 100U/mL (duplicate assay)",23719,22533,0,0.0,1187,"(1, 1187)"
P29597,urn:mavedb:00001270-a-6,activity,"TYK2-DMS: IFN-alpha, 100U/mL",23723,22536,0,0.0,1187,"(1, 1187)"
P29597,urn:mavedb:00001270-a-2,activity,"TYK2-DMS: IFN-alpha, 100U/mL + BMS-986202, 10 uM",23723,22536,0,0.0,1187,"(1, 1187)"
P29597,urn:mavedb:00001270-a-3,activity,"TYK2-DMS: IFN-alpha, 100U/mL + NDI-034858, 7 nM",23719,22533,0,0.0,1187,"(1, 1187)"
P29597,urn:mavedb:00001270-a-4,activity,"TYK2-DMS: IFN-alpha, 10U/mL",23723,22536,0,0.0,1187,"(1, 1187)"
P29597,urn:mavedb:00001270-a-8,activity,"TYK2-DMS: IFN-alpha, 100U/mL + BMS-986202, 1 uM",23720,22533,0,0.0,1187,"(1, 1187)"
P29597,urn:mavedb:00001270-a-5,activity,"TYK2-DMS: IFN-alpha, 100U/mL + BMS-986202, 20 nM",23720,22533,0,0.0,1187,"(1, 1187)"
P29597,urn:mavedb:00001270-a-1,activity,"TYK2-DMS: IFN-alpha, 1U/mL",23723,22536,0,0.0,1187,"(1, 1187)"
P29597,urn:mavedb:00001270-a-10,activity,"TYK2-DMS: IFN-alpha, 100U/mL + NDI-034858, 1 uM",23720,22533,0,0.0,1187,"(1, 1187)"
P32081,urn:mavedb:00000753-a-1,abundance,"cspB Cold-shock protein, DNA-binding domain domainome 1.0",1341,1266,0,0.0,67,"(1, 67)"
P32081,urn:mavedb:00000130-0-1,stability,cspB combined scores,1830,1262,0,0.0,67,"(1, 67)"
P32081,urn:mavedb:00000131-0-1,stability,cspB (F49A) combined scores,1475,1251,19,0.0,48,"(1, 67)"
P32081,urn:mavedb:00000131-a-2,stability,cspB (F49A) chymotrypsin digestion,1475,1251,19,0.0,48,"(1, 67)"
P32081,urn:mavedb:00000131-a-1,stability,cspB (F49A) trypsin digestion,1475,1251,19,0.0,48,"(1, 67)"
P32081,urn:mavedb:00000132-0-1,stability,cspB (F9S) combined scores,1473,1248,19,0.0,58,"(1, 67)"
P32081,urn:mavedb:00000132-a-2,stability,cspB (F9S) chymotrypsin digestion,1473,1248,19,0.0,58,"(1, 67)"
P32081,urn:mavedb:00000132-a-1,stability,cspB (F9S) trypsin digestion,1473,1248,19,0.0,58,"(1, 67)"
P32081,urn:mavedb:00000130-a-1,stability,cspB trypsin digestion,1830,1262,0,0.0,67,"(1, 67)"
P32081,urn:mavedb:00000130-a-2,stability,cspB chymotrypsin digestion,1830,1262,0,0.0,67,"(1, 67)"
P35557,urn:mavedb:00000096-b-1,abundance,GCK variant abundance measured by DHFR-PCA,9201,8396,0,0.0,465,"(2, 465)"
P35557,urn:mavedb:00000096-a-1,activity,GCK activity measured by complementation,9362,8570,0,0.0,465,"(2, 465)"
P35557,urn:mavedb:00001247-a-1,binding,GCK Y2H,8387,7583,0,0.0,465,"(2, 465)"
P37840,urn:mavedb:00001249-a-1,fitness,Concentration-Dependent Deep Mutational Scanning of alpha-Sy,2800,2725,0,0.0,140,"(1, 140)"
P37840,urn:mavedb:00001249-a-3,fitness,Concentration-Dependent Deep Mutational Scanning of alpha-Sy,2800,2731,0,0.0,140,"(1, 140)"
P37840,urn:mavedb:00001249-a-2,fitness,Concentration-Dependent Deep Mutational Scanning of alpha-Sy,2800,2733,0,0.0,140,"(1, 140)"
P37840,urn:mavedb:00001249-a-4,fitness,Concentration-Dependent Deep Mutational Scanning of alpha-Sy,2800,2643,0,0.0,140,"(1, 140)"
P37840,urn:mavedb:00001272-a-1,binding,Deep Mutational Scanning of alpha-Synuclein Aggregation in Y,2800,2596,0,0.0,140,"(1, 140)"
P37840,urn:mavedb:00000045-k-1,abundance,Deep Mutational Scanning of alpha-Synuclein based on Express,2800,2728,0,0.0,140,"(1, 140)"
P37840,urn:mavedb:00000045-l-1,fitness,Deep Mutational Scanning of alpha-Synuclein based on Toxicit,2800,2738,0,0.0,140,"(1, 140)"
P37840,urn:mavedb:00000045-g-1,fitness,Deep Mutational Scanning of alpha-Synuclein based on Toxicit,2800,2643,0,0.0,140,"(1, 140)"
P37840,urn:mavedb:00000045-b-1,fitness,Deep Mutational Scanning of alpha-Synuclein based on Toxicit,2800,1927,0,0.0,140,"(1, 140)"
P37840,urn:mavedb:00000045-d-1,fitness,Deep Mutational Scanning of alpha-Synuclein based on Toxicit,2800,2643,0,0.0,140,"(1, 140)"
P37840,urn:mavedb:00000045-e-1,fitness,Deep Mutational Scanning of alpha-Synuclein based on Toxicit,2800,1926,0,0.0,140,"(1, 140)"
P37840,urn:mavedb:00000045-a-1,fitness,Deep Mutational Scanning of alpha-Synuclein based on Toxicit,2800,2387,0,0.0,140,"(1, 140)"
P37840,urn:mavedb:00000045-c-1,fitness,Deep Mutational Scanning of alpha-Synuclein based on Toxicit,2800,2727,0,0.0,140,"(1, 140)"
P37840,urn:mavedb:00000045-i-1,fitness,Deep Mutational Scanning of alpha-Synuclein based on Toxicit,2800,2643,0,0.0,140,"(1, 140)"
P37840,urn:mavedb:00000045-f-1,fitness,Deep Mutational Scanning of alpha-Synuclein based on Toxicit,2800,2392,0,0.0,140,"(1, 140)"
P37840,urn:mavedb:00000045-j-1,fitness,Deep Mutational Scanning of alpha-Synuclein based on Toxicit,2800,2393,0,0.0,140,"(1, 140)"
P37840,urn:mavedb:00000045-h-1,fitness,Deep Mutational Scanning of alpha-Synuclein based on Toxicit,2800,2739,0,0.0,140,"(1, 140)"
P38398,urn:mavedb:00000003-a-2,activity,Enrich2 amino acid variant scores for BRCA1 E3,12316,3701,9,1.0,173,"(2, 304)"
P38398,urn:mavedb:00000003-a-1,activity,Enrich2 nucleotide variant scores for BRCA1 E3,20724,1135,4,1.0,173,"(2, 304)"
P38398,urn:mavedb:00000081-a-2,activity,BRCA1 RING and BRCT domains mean HDR fluorescence score,2820,2749,0,0.0,1863,"(2, 302)"
P38398,urn:mavedb:00000081-a-1,activity,BRCA1 RING and BRCT domains depletion scores,1061,1055,0,0.0,1863,"(2, 242)"
P38398,urn:mavedb:00000003-b-1,binding,Enrich2 nucleotide variant scores for BRCA1 Y2H,20724,1245,5,1.0,173,"(2, 304)"
P38398,urn:mavedb:00000003-b-2,binding,Enrich2 amino acid variant scores for BRCA1 Y2H,12316,4132,10,1.0,173,"(2, 304)"
P38398,urn:mavedb:00000093-a-1,activity,BASE_ACMG quantities derived from the RING domain M2H functi,853,659,0,0.0,100,"(2, 100)"
P38398,urn:mavedb:00001222-a-2,activity,Scores from growth assay of BRCA1 variants,1427,1359,0,1672.0,191,"(1673, 1863)"
P38398,urn:mavedb:00000097-0-2,fitness,BRCA1 SGE Normalized Scores,3893,0,0,,0,"(None, None)"
P38398,urn:mavedb:00001222-b-2,activity,Scores from multiplexed functional assay of BRCA1 variants,2271,2140,10,1576.0,250,"(1577, 1863)"
P40040,urn:mavedb:00000635-0-1,stability,THO1 combined scores,1281,1102,0,120.0,58,"(121, 178)"
P40040,urn:mavedb:00000407-0-1,stability,THO1 combined scores,2370,814,19,0.0,43,"(2, 44)"
P40040,urn:mavedb:00000382-0-1,stability,THO1 combined scores,1597,733,38,0.0,28,"(2, 41)"
P40040,urn:mavedb:00001103-a-1,abundance,THO1 SAP domain domainome 1.0,981,915,0,0.0,49,"(1, 49)"
P40040,urn:mavedb:00000382-a-1,stability,THO1 trypsin digestion,1597,733,38,0.0,28,"(2, 41)"
P40040,urn:mavedb:00000407-a-2,stability,THO1 chymotrypsin digestion,2370,814,19,0.0,43,"(2, 44)"
P40040,urn:mavedb:00000635-a-2,stability,THO1 chymotrypsin digestion,1281,1102,0,120.0,58,"(121, 178)"
P40040,urn:mavedb:00000382-a-2,stability,THO1 chymotrypsin digestion,1597,733,38,0.0,28,"(2, 41)"
P40040,urn:mavedb:00000635-a-1,stability,THO1 trypsin digestion,1281,1102,0,120.0,58,"(121, 178)"
P40040,urn:mavedb:00000407-a-1,stability,THO1 trypsin digestion,2370,814,19,0.0,43,"(2, 44)"
P40238,urn:mavedb:00001214-a-1,activity,Constitutive active variants of TpoR,620,589,0,480.0,31,"(481, 511)"
P40238,urn:mavedb:00001214-a-2,activity,Constitutively active variants of TpoR,193,0,0,480.0,31,"(None, None)"
P40238,urn:mavedb:00000043-a-2,activity,Novel Modifiers of MPL-dependent Oncogenic Transformation,1966,543,59,486.0,18,"(487, 517)"
P40238,urn:mavedb:00000043-a-1,fitness,Novel Drivers of MPL-dependent Oncogenic Transformation,2415,562,0,486.0,31,"(487, 517)"
P40238,urn:mavedb:00001214-b-2,activity,Sequence requirement of S505N-induced constitutive activatio,168,0,0,480.0,24,"(None, None)"
P40238,urn:mavedb:00001214-b-1,activity,Sequence requirement of S505N-induced constitutive activatio,978,910,19,480.0,24,"(481, 529)"
P40238,urn:mavedb:00001214-j-1,abundance,Surface presentation level of hTpoR variants,978,929,0,480.0,49,"(481, 529)"
P40238,urn:mavedb:00001214-j-2,abundance,Surface levels of hTpoR variants,157,0,0,480.0,49,"(None, None)"
P40238,urn:mavedb:00001214-e-1,abundance,Surface presentation levels of variants on S505N hTpoR backg,162,0,0,480.0,24,"(None, None)"
P40238,urn:mavedb:00001214-e-2,abundance,Surface presentation levels of variants on S505N hTpoR backg,978,910,19,480.0,24,"(481, 529)"
P40238,urn:mavedb:00001214-c-2,binding,TpoR activation by high dosage of avatrombopag,155,0,0,480.0,49,"(None, None)"
P40238,urn:mavedb:00001214-c-1,binding,TpoR activation by high dosage of avatrombopag,972,923,0,480.0,49,"(481, 529)"
P40238,urn:mavedb:00001214-d-2,binding,TpoR activation by high dosage of eltrombopag,976,927,0,480.0,49,"(481, 529)"
P40238,urn:mavedb:00001214-d-1,binding,TpoR activation by high dosage of eltrombopag,161,0,0,480.0,49,"(None, None)"
P40238,urn:mavedb:00001214-h-2,binding,TpoR activation by high dosage of lusutrombopag,157,0,0,480.0,49,"(None, None)"
P40238,urn:mavedb:00001214-h-1,binding,TpoR activation by high dosage of lusutrombopag,970,921,0,480.0,49,"(481, 529)"
P40238,urn:mavedb:00001214-p-1,binding,TpoR activation by high dosage of romi-peptide,970,921,0,480.0,49,"(481, 529)"
P40238,urn:mavedb:00001214-p-2,binding,TpoR activation by high dosage of romi-peptide,158,0,0,480.0,49,"(None, None)"
P40238,urn:mavedb:00001214-i-2,binding,TpoR activation by high dosage of Tpo,165,0,0,480.0,49,"(None, None)"
P40238,urn:mavedb:00001214-i-1,binding,TpoR activation by high dosage of Tpo,978,929,0,480.0,49,"(481, 529)"
P40238,urn:mavedb:00001214-l-2,binding,TpoR activation by low dosage of avatrombopag,970,921,0,480.0,49,"(481, 529)"
P40238,urn:mavedb:00001214-l-1,binding,TpoR activation by low dosage of avatrombopag,156,0,0,480.0,49,"(None, None)"
P40238,urn:mavedb:00001214-f-1,binding,TpoR activation by low dosage of eltrombopag,160,0,0,480.0,49,"(None, None)"
P40238,urn:mavedb:00001214-f-2,binding,TpoR activation by low dosage of eltrombopag,969,920,0,480.0,49,"(481, 529)"
P40238,urn:mavedb:00001214-g-1,binding,TpoR activation by low dosage of lusutrombopag,959,910,0,480.0,49,"(481, 529)"
P40238,urn:mavedb:00001214-g-2,binding,TpoR activation by low dosage of lusutrombopag,156,0,0,480.0,49,"(None, None)"
P40238,urn:mavedb:00001214-o-2,binding,TpoR activation by low dosage of romi-peptide,151,0,0,480.0,49,"(None, None)"
P40238,urn:mavedb:00001214-o-1,binding,TpoR activation by low dosage of romi-peptide,948,899,0,480.0,49,"(481, 529)"
P40238,urn:mavedb:00001214-n-1,binding,TpoR activation by low dosage of Tpo,961,913,0,480.0,49,"(481, 529)"
P40238,urn:mavedb:00001214-n-2,binding,TpoR activation by low dosage of Tpo,155,0,0,480.0,49,"(None, None)"
P42081,urn:mavedb:00000046-a-3,fitness,CD86 susceptibility to MARCH1,7635,489,0,243.0,27,"(244, 270)"
P42081,urn:mavedb:00000046-a-1,abundance,CD86 Surface Expression,32347,511,0,243.0,27,"(244, 270)"
P42081,urn:mavedb:00000046-a-2,fitness,CD86 susceptibility to MIR2,4360,467,0,243.0,27,"(244, 270)"
P46934,urn:mavedb:00000408-0-1,stability,NEDD4 combined scores,1140,747,56,834.0,40,"(838, 877)"
P46934,urn:mavedb:00000408-a-1,stability,NEDD4 trypsin digestion,1140,747,56,834.0,40,"(838, 877)"
P46934,urn:mavedb:00000408-a-2,stability,NEDD4 chymotrypsin digestion,1140,747,56,834.0,40,"(838, 877)"
P46934,urn:mavedb:00000934-a-1,abundance,NEDD4 WW domain domainome 1.0,921,852,0,835.0,46,"(836, 881)"
P46937,urn:mavedb:00001147-a-1,abundance,YAP1 WW domain domainome 1.0,921,845,0,164.0,46,"(165, 210)"
P46937,urn:mavedb:00001146-a-1,abundance,YAP1 WW domain domainome 1.0,941,878,0,225.0,47,"(226, 272)"
P46937,urn:mavedb:00001148-a-1,abundance,YAP1 WW domain domainome 1.0,1001,928,0,161.0,50,"(162, 211)"
P46937,urn:mavedb:00000002-a-1,binding,Enrich2 nucleotide variant scores for YAP65 WW domain,48183,203,0,169.0,34,"(170, 203)"
P46937,urn:mavedb:00000002-a-2,binding,Enrich2 amino acid variant scores for YAP65 WW domain,30487,513,0,169.0,34,"(170, 203)"
P49815,urn:mavedb:00001201-a-1,activity,TSC2 functional assay using prime editing in HAP1s,208,128,0,0.0,1807,"(534, 1797)"
P49815,urn:mavedb:00001267-0-3,stability,TSC2 Updated Combined Scores,9496,8946,0,0.0,1807,"(554, 1805)"
P49815,urn:mavedb:00001267-0-1,stability,TSC2 Combined Scores,9253,8891,0,0.0,1807,"(554, 1805)"
P49815,urn:mavedb:00001267-b-3,abundance,TSC2 RapGAP Domain Updated Scores,5731,5415,0,1511.0,294,"(1512, 1805)"
P49815,urn:mavedb:00001267-b-1,abundance,TSC2 RapGAP Domain Scores,5648,5409,0,1511.0,294,"(1512, 1805)"
P49815,urn:mavedb:00001267-a-1,abundance,TSC2 Tuberin Domain Scores,3605,3482,0,553.0,204,"(554, 757)"
P49815,urn:mavedb:00001267-a-3,abundance,TSC2 Tuberin Domain Updated Scores,3765,3531,0,553.0,204,"(554, 757)"
P51587,urn:mavedb:00001224-a-1,activity,Scores from arrayed screen of BRCA2 homology directed repair,462,462,0,0.0,3418,"(2483, 3191)"
P51587,urn:mavedb:00001268-0-1,fitness,Global scores from saturation mutagenesis of BRCA2 exon 13,252,0,0,,0,"(None, None)"
P51587,urn:mavedb:00001263-a-2,fitness,Saturation Genome Editing of BRCA2 scores,871,0,0,,0,"(None, None)"
P51587,urn:mavedb:00001268-c-1,fitness,Scores from SGE of BRCA2 exon 13,252,0,0,,0,"(None, None)"
P51587,urn:mavedb:00001268-a-1,fitness,Scores from SGE of BRCA2 exon 13 with cisplatin drug selecti,252,0,0,,0,"(None, None)"
P51587,urn:mavedb:00001268-b-1,fitness,Scores from SGE of BRCA2 exon 13 with olaparib drug selectio,252,0,0,,0,"(None, None)"
P51587,urn:mavedb:00001279-a-1,fitness,Scores from SGE of BRCA2 exons 15 to 26 in Hap1 cells,6959,0,0,,0,"(None, None)"
P51681,urn:mavedb:00000047-b-1,binding,CCR5 Ab 2D7 binding,7020,6552,0,0.0,351,"(7, 337)"
P51681,urn:mavedb:00000047-c-1,binding,CCR5 HIV binding,7020,6632,0,0.0,351,"(7, 337)"
P51681,urn:mavedb:00000047-a-1,abundance,CCR5 surface expression,7020,6639,0,0.0,351,"(7, 337)"
P60484,urn:mavedb:00000102-0-1,abundance,PTEN VAMP-seq Combined,5477,5276,0,0.0,403,"(1, 403)"
P60484,urn:mavedb:00000054-a-1,activity,PTEN lipid phosphatase scores,8681,7260,0,0.0,403,"(1, 403)"
P60484,urn:mavedb:00000013-a-1,abundance,PTEN VAMP-seq,4409,4112,0,0.0,403,"(1, 403)"
P60484,urn:mavedb:00000101-a-1,abundance,PTEN VAMP-seq Fill-in,4514,4347,0,0.0,403,"(2, 403)"
P61073,urn:mavedb:00000048-c-1,binding,CXCR4 Ab 12G5 binding,7021,6645,0,0.0,351,"(15, 352)"
P61073,urn:mavedb:00000048-b-1,binding,CXCR4 CXCL12 binding,7021,6645,0,0.0,351,"(15, 352)"
P61073,urn:mavedb:00000048-a-1,abundance,CXCR4 surface expression,7021,6645,0,0.0,351,"(15, 352)"
P78352,urn:mavedb:00000768-a-1,abundance,DLG4 PDZ domain domainome 1.0,1761,1672,0,308.0,88,"(309, 396)"
P78352,urn:mavedb:00000769-a-1,abundance,DLG4 PDZ domain domainome 1.0,1881,1776,0,59.0,94,"(60, 153)"
P78352,urn:mavedb:00000770-a-1,abundance,DLG4 PDZ domain domainome 1.0,1801,1680,0,156.0,90,"(157, 246)"
P78352,urn:mavedb:00000053-a-2,fitness,Single mutations in PSD95 PDZ3,1235,57,1178,310.0,83,"(330, 376)"
Q06187,urn:mavedb:00000183-0-1,stability,BTK combined scores,2005,1102,0,215.0,58,"(216, 273)"
Q06187,urn:mavedb:00000710-a-1,abundance,BTK SH3 domain domainome 1.0,1181,1107,0,214.0,59,"(215, 273)"
Q06187,urn:mavedb:00000183-a-2,stability,BTK chymotrypsin digestion,2005,1102,0,215.0,58,"(216, 273)"
Q06187,urn:mavedb:00000183-a-1,stability,BTK trypsin digestion,2005,1102,0,215.0,58,"(216, 273)"
Q13148,urn:mavedb:00001090-a-1,abundance,"TARDBP TAR DNA-binding protein 43, N-terminal domain domaino",1441,1283,0,4.0,72,"(5, 76)"
Q13148,urn:mavedb:00000060-a-1,fitness,TDP-43 toxicity,704,32,636,0.0,414,"(12, 41)"
Q13148,urn:mavedb:00000060-a-2,fitness,TDP-43 toxicity,714,49,625,0.0,414,"(2, 37)"
Q13501,urn:mavedb:00000256-0-1,stability,SQSTM1 combined scores,1669,847,0,388.0,45,"(389, 433)"
Q13501,urn:mavedb:00001077-a-1,abundance,"SQSTM1 Sequestosome-1, UBA domain domainome 1.0",1041,983,0,388.0,52,"(389, 440)"
Q13501,urn:mavedb:00000256-a-2,stability,SQSTM1 chymotrypsin digestion,1669,847,0,388.0,45,"(389, 433)"
Q13501,urn:mavedb:00000256-a-1,stability,SQSTM1 trypsin digestion,1669,847,0,388.0,45,"(389, 433)"
Q13501,urn:mavedb:00001078-a-1,abundance,"SQSTM1 Zinc finger, ZZ-type domain domainome 1.0",1041,974,0,119.0,52,"(120, 171)"
Q13526,urn:mavedb:00000337-0-1,stability,PIN1 combined scores,717,0,0,,12,"(None, None)"
Q13526,urn:mavedb:00000269-0-1,stability,PIN1 combined scores,903,624,36,3.0,34,"(6, 39)"
Q13526,urn:mavedb:00000333-0-1,stability,PIN1 combined scores,1357,701,74,-4.0,39,"(1, 39)"
Q13526,urn:mavedb:00000336-0-1,stability,PIN1 combined scores,797,0,0,,12,"(None, None)"
Q13526,urn:mavedb:00000334-0-1,stability,PIN1 (S16E mutant) combined scores,920,695,93,-4.0,23,"(1, 39)"
Q13526,urn:mavedb:00000334-a-2,stability,PIN1 (S16E mutant) chymotrypsin digestion,920,695,93,-4.0,23,"(1, 39)"
Q13526,urn:mavedb:00000334-a-1,stability,PIN1 (S16E mutant) trypsin digestion,920,695,93,-4.0,23,"(1, 39)"
Q13526,urn:mavedb:00000337-a-1,stability,PIN1 trypsin digestion,717,0,0,,12,"(None, None)"
Q13526,urn:mavedb:00000269-a-2,stability,PIN1 chymotrypsin digestion,903,624,36,3.0,34,"(6, 39)"
Q13526,urn:mavedb:00000337-a-2,stability,PIN1 chymotrypsin digestion,717,0,0,,12,"(None, None)"
Q13526,urn:mavedb:00000333-a-2,stability,PIN1 chymotrypsin digestion,1357,701,74,-4.0,39,"(1, 39)"
Q13526,urn:mavedb:00000336-a-2,stability,PIN1 chymotrypsin digestion,797,0,0,,12,"(None, None)"
Q13526,urn:mavedb:00000333-a-1,stability,PIN1 trypsin digestion,1357,701,74,-4.0,39,"(1, 39)"
Q13526,urn:mavedb:00000269-a-1,stability,PIN1 trypsin digestion,903,624,36,3.0,34,"(6, 39)"
Q13526,urn:mavedb:00000336-a-1,stability,PIN1 trypsin digestion,797,0,0,,12,"(None, None)"
Q13526,urn:mavedb:00000153-0-1,stability,PIN1 WW domain combined scores,1028,721,0,5.0,39,"(6, 44)"
Q13526,urn:mavedb:00000960-a-1,abundance,PIN1 WW domain domainome 1.0,801,684,0,0.0,40,"(1, 40)"
Q13526,urn:mavedb:00000153-a-1,stability,PIN1 WW domain trypsin digestion,1028,721,0,5.0,39,"(6, 44)"
Q13526,urn:mavedb:00000153-a-2,stability,PIN1 WW domain chymotrypsin digestion,1028,721,0,5.0,39,"(6, 44)"
Q13813,urn:mavedb:00000414-0-1,stability,SPTAN1 (A10S) combined scores,1318,1058,76,964.0,36,"(965, 1024)"
Q13813,urn:mavedb:00000414-a-1,stability,SPTAN1 (A10S) trypsin digestion,1318,1058,76,964.0,36,"(965, 1024)"
Q13813,urn:mavedb:00000414-a-2,stability,SPTAN1 (A10S) chymotrypsin digestion,1318,1058,76,964.0,36,"(965, 1024)"
Q13813,urn:mavedb:00000412-0-1,stability,SPTAN1 combined scores,1597,1005,57,968.0,40,"(969, 1024)"
Q13813,urn:mavedb:00000413-0-1,stability,SPTAN1 combined scores,1319,1080,56,964.0,40,"(965, 1024)"
Q13813,urn:mavedb:00001075-a-1,abundance,SPTAN1 EF-hand domain domainome 1.0,1461,1102,0,2326.0,73,"(2327, 2399)"
Q13813,urn:mavedb:00000415-0-1,stability,SPTAN1 (M24A) combined scores,1320,0,0,,22,"(None, None)"
Q13813,urn:mavedb:00000415-a-1,stability,SPTAN1 (M24A) trypsin digestion,1320,0,0,,22,"(None, None)"
Q13813,urn:mavedb:00000415-a-2,stability,SPTAN1 (M24A) chymotrypsin digestion,1320,0,0,,22,"(None, None)"
Q13813,urn:mavedb:00000412-a-2,stability,SPTAN1 chymotrypsin digestion,1597,1005,57,968.0,40,"(969, 1024)"
Q13813,urn:mavedb:00000412-a-1,stability,SPTAN1 trypsin digestion,1597,1005,57,968.0,40,"(969, 1024)"
Q13813,urn:mavedb:00000413-a-1,stability,SPTAN1 trypsin digestion,1319,1080,56,964.0,40,"(965, 1024)"
Q13813,urn:mavedb:00000413-a-2,stability,SPTAN1 chymotrypsin digestion,1319,1080,56,964.0,40,"(965, 1024)"
Q15743,urn:mavedb:00001207-a-2,abundance,GPR68 mutational scan of surface eppression,9258,7081,0,0.0,365,"(2, 365)"
Q15743,urn:mavedb:00001207-a-1,activity,GPR68 mutational scan of cAMP signaling at pH 6.5,9258,7091,0,0.0,365,"(2, 365)"
Q15743,urn:mavedb:00001207-a-3,activity,GPR68 cAMP signaling at pH 5.5,9258,7092,0,0.0,365,"(2, 365)"
Q16512,urn:mavedb:00000206-0-1,stability,PKN1 combined scores,1559,1285,57,118.0,68,"(122, 189)"
Q16512,urn:mavedb:00000961-a-1,abundance,PKN1 HR1 rho-binding domain domainome 1.0,1221,1120,0,128.0,61,"(129, 189)"
Q16512,urn:mavedb:00000206-a-2,stability,PKN1 chymotrypsin digestion,1559,1285,57,118.0,68,"(122, 189)"
Q16512,urn:mavedb:00000206-a-1,stability,PKN1 trypsin digestion,1559,1285,57,118.0,68,"(122, 189)"
Q7Z6Z7,urn:mavedb:00000234-0-1,stability,HUWE1 combined scores,1474,743,37,1314.0,40,"(1317, 1356)"
Q7Z6Z7,urn:mavedb:00000234-a-2,stability,HUWE1 chymotrypsin digestion,1474,743,37,1314.0,40,"(1317, 1356)"
Q7Z6Z7,urn:mavedb:00000234-a-1,stability,HUWE1 trypsin digestion,1474,743,37,1314.0,40,"(1317, 1356)"
Q7Z6Z7,urn:mavedb:00000854-a-1,abundance,HUWE1 Ubiquitin-associated domain domainome 1.0,821,774,0,1315.0,41,"(1316, 1356)"
Q8VZS8,urn:mavedb:00001287-a-1,activity,Deep mutational scanning of the hormone receptor PYL1 across,3523,3351,0,0.0,221,"(33, 209)"
Q8VZS8,urn:mavedb:00001288-a-1,activity,Deep mutational scanning of the hormone receptor PYL1 across,3523,3351,0,0.0,221,"(33, 209)"
Q8VZS8,urn:mavedb:00001289-a-1,activity,Deep mutational scanning of the hormone receptor PYL1 across,3526,3352,0,0.0,221,"(33, 209)"
Q8VZS8,urn:mavedb:00001290-a-1,activity,Deep mutational scanning of the hormone receptor PYL1 across,3524,3351,0,0.0,221,"(33, 209)"
Q8VZS8,urn:mavedb:00001291-a-1,activity,Deep mutational scanning of the hormone receptor PYL1 across,3525,3352,0,0.0,221,"(33, 209)"
Q8VZS8,urn:mavedb:00001292-a-1,activity,Deep mutational scanning of the hormone receptor PYL1 across,3529,3355,0,0.0,221,"(33, 209)"
Q8VZS8,urn:mavedb:00001293-a-1,activity,Deep mutational scanning of the hormone receptor PYL1 across,3529,3355,0,0.0,221,"(33, 209)"
Q8VZS8,urn:mavedb:00001294-a-1,activity,Deep mutational scanning of the hormone receptor PYL1 across,3511,3338,0,0.0,221,"(33, 209)"
Q8VZS8,urn:mavedb:00001295-a-1,activity,Deep mutational scanning of the hormone receptor PYL1 across,3523,3350,0,0.0,221,"(33, 209)"
Q8VZS8,urn:mavedb:00001296-a-1,activity,Deep mutational scanning of the hormone receptor PYL1 across,3528,3354,0,0.0,221,"(33, 209)"
Q8VZS8,urn:mavedb:00001297-a-1,activity,Deep mutational scanning of the hormone receptor PYL1 across,3524,3350,0,0.0,221,"(33, 209)"
Q8VZS8,urn:mavedb:00001298-a-1,activity,Deep mutational scanning of the hormone receptor PYL1 across,3524,3351,0,0.0,221,"(33, 209)"
Q8VZS8,urn:mavedb:00001299-a-1,abundance,Deep mutational scanning of the hormone receptor PYL1 stabil,3533,3358,0,0.0,221,"(33, 209)"
Q8VZS8,urn:mavedb:00001300-a-1,abundance,Deep mutational scanning of the hormone receptor PYL1 stabil,3533,3358,0,0.0,221,"(33, 209)"
Q96J02,urn:mavedb:00000386-0-1,stability,ITCH combined scores,1765,595,18,478.0,33,"(480, 512)"
Q96J02,urn:mavedb:00000386-a-1,stability,ITCH trypsin digestion,1765,595,18,478.0,33,"(480, 512)"
Q96J02,urn:mavedb:00000386-a-2,stability,ITCH chymotrypsin digestion,1765,595,18,478.0,33,"(480, 512)"
Q96J02,urn:mavedb:00000857-a-1,abundance,ITCH WW domain domainome 1.0,1081,1022,0,473.0,54,"(474, 527)"
Q96J02,urn:mavedb:00000856-a-1,abundance,ITCH WW domain domainome 1.0,1001,940,0,427.0,50,"(428, 477)"
Q9BUJ2,urn:mavedb:00000221-0-1,stability,HNRNPUL1 combined scores,2110,675,128,-1.0,37,"(1, 37)"
Q9BUJ2,urn:mavedb:00000850-a-1,abundance,HNRNPUL1 SAP domain domainome 1.0,841,755,0,0.0,42,"(1, 42)"
Q9BUJ2,urn:mavedb:00000221-a-2,stability,HNRNPUL1 chymotrypsin digestion,2110,675,128,-1.0,37,"(1, 37)"
Q9BUJ2,urn:mavedb:00000221-a-1,stability,HNRNPUL1 trypsin digestion,2110,675,128,-1.0,37,"(1, 37)"
Q9H0M0,urn:mavedb:00000367-0-1,stability,WWP1 combined scores,1414,725,0,493.0,39,"(494, 532)"
Q9H0M0,urn:mavedb:00000367-a-2,stability,WWP1 chymotrypsin digestion,1414,725,0,493.0,39,"(494, 532)"
Q9H0M0,urn:mavedb:00000367-a-1,stability,WWP1 trypsin digestion,1414,725,0,493.0,39,"(494, 532)"
Q9H0M0,urn:mavedb:00001142-a-1,abundance,WWP1 WW domain domainome 1.0,961,895,0,342.0,48,"(343, 390)"
Q9H161,urn:mavedb:00000324-0-1,stability,ALX4 combined scores,1726,903,0,219.0,48,"(220, 267)"
Q9H161,urn:mavedb:00000686-a-1,abundance,ALX4 Homeobox domain domainome 1.0,1121,1031,0,215.0,56,"(216, 271)"
Q9H161,urn:mavedb:00000324-a-2,stability,ALX4 chymotrypsin digestion,1726,903,0,219.0,48,"(220, 267)"
Q9H161,urn:mavedb:00000324-a-1,stability,ALX4 trypsin digestion,1726,903,0,219.0,48,"(220, 267)"
Q9NV35,urn:mavedb:00000055-0-1,stability,NUDT15 combined scores,3015,2844,0,0.0,164,"(2, 164)"
Q9NV35,urn:mavedb:00000055-b-1,activity,NUDT15 activity scores,3100,2934,0,0.0,164,"(2, 164)"
Q9NV35,urn:mavedb:00000055-a-1,abundance,NUDT15 protein stability scores,3100,2922,0,0.0,164,"(2, 164)"
Q9ULT8,urn:mavedb:00000392-0-1,stability,HECTD1 combined scores,8139,1250,114,1264.0,55,"(1269, 1336)"
Q9ULT8,urn:mavedb:00000844-a-1,abundance,"HECTD1 FKBP3, basic tilted helix bundle domain domainome 1.0",1361,1254,0,1891.0,68,"(1892, 1959)"
Q9ULT8,urn:mavedb:00000392-a-2,stability,HECTD1 chymotrypsin digestion,8139,1250,114,1264.0,55,"(1269, 1336)"
Q9ULT8,urn:mavedb:00000392-a-1,stability,HECTD1 trypsin digestion,8139,1250,114,1264.0,55,"(1269, 1336)"
Q9Y5K6,urn:mavedb:00000247-0-1,stability,CD2AP (pross9) combined scores,1023,0,0,,13,"(None, None)"
Q9Y5K6,urn:mavedb:00000247-a-2,stability,CD2AP (pross9) chymotrypsin digestion,1023,0,0,,13,"(None, None)"
Q9Y5K6,urn:mavedb:00000247-a-1,stability,CD2AP (pross9) trypsin digestion,1023,0,0,,13,"(None, None)"
Q9Y5K6,urn:mavedb:00000721-a-1,abundance,CD2AP SH3 domain domainome 1.0,1221,1081,0,108.0,61,"(109, 169)"
Q9Y5K6,urn:mavedb:00000722-a-1,abundance,CD2AP SH3 domain domainome 1.0,1181,991,0,0.0,59,"(1, 59)"
Q9Y5K6,urn:mavedb:00000720-a-1,abundance,CD2AP SH3 domain domainome 1.0,1221,1153,0,270.0,61,"(271, 331)"
