Entry	Entry Name	Gene Names (primary)	Organism
O15245	S22A1_HUMAN	SLC22A1	Homo sapiens (Human)
O94993	SOX30_HUMAN	SOX30	Homo sapiens (Human)
P00480	OTC_HUMAN	OTC	Homo sapiens (Human)
P04626	ERBB2_HUMAN	ERBB2	Homo sapiens (Human)
P15391	CD19_HUMAN	CD19	Homo sapiens (Human)
P31645	SC6A4_HUMAN	SLC6A4	Homo sapiens (Human)
Q9ULT8	HECD1_HUMAN	HECTD1	Homo sapiens (Human)
P08100	OPSD_HUMAN	RHO	Homo sapiens (Human)
P31689	DNJA1_HUMAN	DNAJA1	Homo sapiens (Human)
P35520	CBS_HUMAN	CBS	Homo sapiens (Human)
P48052	CBPA2_HUMAN	CPA2	Homo sapiens (Human)
P51580	TPMT_HUMAN	TPMT	Homo sapiens (Human)
P63165	SUMO1_HUMAN	SUMO1	Homo sapiens (Human)
P63279	UBC9_HUMAN	UBE2I	Homo sapiens (Human)
Q12906	ILF3_HUMAN	ILF3	Homo sapiens (Human)
Q13526	PIN1_HUMAN	PIN1	Homo sapiens (Human)
Q15311	RBP1_HUMAN	RALBP1	Homo sapiens (Human)
Q16512	PKN1_HUMAN	PKN1	Homo sapiens (Human)
Q9BXL7	CAR11_HUMAN	CARD11	Homo sapiens (Human)
Q9BYF1	ACE2_HUMAN	ACE2	Homo sapiens (Human)
Q9NV35	NUD15_HUMAN	NUDT15	Homo sapiens (Human)
Q9Y617	SERC_HUMAN	PSAT1	Homo sapiens (Human)
P01112	RASH_HUMAN	HRAS	Homo sapiens (Human)
P01116	RASK_HUMAN	KRAS	Homo sapiens (Human)
P28482	MK01_HUMAN	MAPK1	Homo sapiens (Human)
P32302	CXCR5_HUMAN	CXCR5	Homo sapiens (Human)
P37840	SYUA_HUMAN	SNCA	Homo sapiens (Human)
P42898	MTHR_HUMAN	MTHFR	Homo sapiens (Human)
P60484	PTEN_HUMAN	PTEN	Homo sapiens (Human)
P78352	DLG4_HUMAN	DLG4	Homo sapiens (Human)
Q00688	FKBP3_HUMAN	FKBP3	Homo sapiens (Human)
Q9UQ13	SHOC2_HUMAN	SHOC2	Homo sapiens (Human)
O15118	NPC1_HUMAN	NPC1	Homo sapiens (Human)
P04049	RAF1_HUMAN	RAF1	Homo sapiens (Human)
P05121	PAI1_HUMAN	SERPINE1	Homo sapiens (Human)
P07550	ADRB2_HUMAN	ADRB2	Homo sapiens (Human)
P0DP23	CALM1_HUMAN	CALM1	Homo sapiens (Human)
P12931	SRC_HUMAN	SRC	Homo sapiens (Human)
P14151	LYAM1_HUMAN	SELL	Homo sapiens (Human)
P31150	GDIA_HUMAN	GDI1	Homo sapiens (Human)
P37231	PPARG_HUMAN	PPARG	Homo sapiens (Human)
P42574	CASP3_HUMAN	CASP3	Homo sapiens (Human)
P54725	RD23A_HUMAN	RAD23A	Homo sapiens (Human)
Q12809	KCNH2_HUMAN	KCNH2	Homo sapiens (Human)
Q8TE49	OTU7A_HUMAN	OTUD7A	Homo sapiens (Human)
Q99697	PITX2_HUMAN	PITX2	Homo sapiens (Human)
Q99801	NKX31_HUMAN	NKX3-1	Homo sapiens (Human)
Q9GZX7	AICDA_HUMAN	AICDA	Homo sapiens (Human)
Q9H3S4	TPK1_HUMAN	TPK1	Homo sapiens (Human)
O00257	CBX4_HUMAN	CBX4	Homo sapiens (Human)
O75400	PR40A_HUMAN	PRPF40A	Homo sapiens (Human)
P11712	CP2C9_HUMAN	CYP2C9	Homo sapiens (Human)
P15382	KCNE1_HUMAN	KCNE1	Homo sapiens (Human)
P29374	ARI4A_HUMAN	ARID4A	Homo sapiens (Human)
P51587	BRCA2_HUMAN	BRCA2	Homo sapiens (Human)
P51681	CCR5_HUMAN	CCR5	Homo sapiens (Human)
Q9BQB6	VKOR1_HUMAN	VKORC1	Homo sapiens (Human)
Q9H2K2	TNKS2_HUMAN	TNKS2	Homo sapiens (Human)
Q9UKV5	AMFR_HUMAN	AMFR	Homo sapiens (Human)
O15297	PPM1D_HUMAN	PPM1D	Homo sapiens (Human)
O95155	UBE4B_HUMAN	UBE4B	Homo sapiens (Human)
Q14524	SCN5A_HUMAN	SCN5A	Homo sapiens (Human)
P43246	MSH2_HUMAN	MSH2	Homo sapiens (Human)
P02724	GLPA_HUMAN	GYPA	Homo sapiens (Human)
P35557	HXK4_HUMAN	GCK	Homo sapiens (Human)
P08397	HEM3_HUMAN	HMBS	Homo sapiens (Human)
P62993	GRB2_HUMAN	GRB2	Homo sapiens (Human)
O60260	PRKN_HUMAN	PRKN	Homo sapiens (Human)
O95071	UBR5_HUMAN	UBR5	Homo sapiens (Human)
P04035	HMDH_HUMAN	HMGCR	Homo sapiens (Human)
P08581	MET_HUMAN	MET	Homo sapiens (Human)
P29323	EPHB2_HUMAN	EPHB2	Homo sapiens (Human)
P38398	BRCA1_HUMAN	BRCA1	Homo sapiens (Human)
P40238	TPOR_HUMAN	MPL	Homo sapiens (Human)
P55210	CASP7_HUMAN	CASP7	Homo sapiens (Human)
Q13148	TADBP_HUMAN	TARDBP	Homo sapiens (Human)
P46937	YAP1_HUMAN	YAP1	Homo sapiens (Human)
Q5VST9	OBSCN_HUMAN	OBSCN	Homo sapiens (Human)
P04637	P53_HUMAN	TP53	Homo sapiens (Human)
P05067	A4_HUMAN	APP	Homo sapiens (Human)
Q9BX66	SRBS1_HUMAN	SORBS1	Homo sapiens (Human)
O43521	B2L11_HUMAN	BCL2L11	Homo sapiens (Human)
Q64337	SQSTM_MOUSE	Sqstm1	Mus musculus (Mouse)
Q8VEB2	SAV1_MOUSE	Sav1	Mus musculus (Mouse)
Q8CGF7	TCRG1_MOUSE	Tcerg1	Mus musculus (Mouse)
Q9ES00	UBE4B_MOUSE	Ube4b	Mus musculus (Mouse)
O54790	MAFG_MOUSE	Mafg	Mus musculus (Mouse)
P35561	KCNJ2_MOUSE	Kcnj2	Mus musculus (Mouse)
Q8BUR4	DOCK1_MOUSE	Dock1	Mus musculus (Mouse)
O88544	CSN4_MOUSE	Cops4	Mus musculus (Mouse)
Q53Z42	Q53Z42_HUMAN	HLA-A	Homo sapiens (Human)
O00633	PTEN_HUMAN		
P08396	HEM3_HUMAN		
P29354	GRB2_HUMAN		
