gene,search_hits,urns,status
ATP1A3,0,,no_published_keyword_search_hit
CACNA1A,0,,no_published_keyword_search_hit
CACNA1C,0,,no_published_keyword_search_hit
CHD8,0,,no_published_keyword_search_hit
CSNK2B,0,,no_published_keyword_search_hit
DDX3X,19,urn:mavedb:00000658-a-1;urn:mavedb:00000658-j-1;urn:mavedb:00000658-k-1;urn:mavedb:00000658-l-1;urn:mavedb:00000658-m-1;urn:mavedb:00000658-n-1;urn:mavedb:00000658-o-1;urn:mavedb:00000658-p-1;urn:mavedb:00000658-q-1;urn:mavedb:00000658-b-1;urn:mavedb:00000658-c-1;urn:mavedb:00000658-d-1;urn:mavedb:00000658-e-1;urn:mavedb:00000658-f-1;urn:mavedb:00000658-g-1;urn:mavedb:00000658-h-1;urn:mavedb:00000658-i-1;urn:mavedb:00000658-0-1;urn:mavedb:00001228-a-1,candidate_requires_variant_and_scope_validation
GABRA1,0,,no_published_keyword_search_hit
GRIN1,0,,no_published_keyword_search_hit
GRIN2A,0,,no_published_keyword_search_hit
GRIN2B,0,,no_published_keyword_search_hit
KCNB1,0,,no_published_keyword_search_hit
MECP2,1,urn:mavedb:00000895-a-1,candidate_requires_variant_and_scope_validation
SCN2A,0,,no_published_keyword_search_hit
SCN8A,0,,no_published_keyword_search_hit
SETD5,0,,no_published_keyword_search_hit
SHANK3,0,,no_published_keyword_search_hit
SLC6A1,0,,no_published_keyword_search_hit
STXBP1,0,,no_published_keyword_search_hit
SYNGAP1,0,,no_published_keyword_search_hit
UBE3A,1,urn:mavedb:00001125-a-1,candidate_requires_variant_and_scope_validation
