gene,search_hits,urns,status,loaded_assays
ATP1A3,0,,not_located_in_this_keyword_search,0
CACNA1A,0,,not_located_in_this_keyword_search,0
CACNA1C,0,,not_located_in_this_keyword_search,0
CHD8,0,,not_located_in_this_keyword_search,0
CSNK2B,0,,not_located_in_this_keyword_search,0
DDX3X,19,urn:mavedb:00000658-a-1;urn:mavedb:00000658-j-1;urn:mavedb:00000658-k-1;urn:mavedb:00000658-l-1;urn:mavedb:00000658-m-1;urn:mavedb:00000658-n-1;urn:mavedb:00000658-o-1;urn:mavedb:00000658-p-1;urn:mavedb:00000658-q-1;urn:mavedb:00000658-b-1;urn:mavedb:00000658-c-1;urn:mavedb:00000658-d-1;urn:mavedb:00000658-e-1;urn:mavedb:00000658-f-1;urn:mavedb:00000658-g-1;urn:mavedb:00000658-h-1;urn:mavedb:00000658-i-1;urn:mavedb:00000658-0-1;urn:mavedb:00001228-a-1,candidate_DNA_SGE_requires_splicing_aware_protein_mapping,0
GABRA1,0,,not_located_in_this_keyword_search,0
GRIN1,0,,not_located_in_this_keyword_search,0
GRIN2A,0,,not_located_in_this_keyword_search,0
GRIN2B,0,,not_located_in_this_keyword_search,0
KCNB1,0,,not_located_in_this_keyword_search,0
MECP2,1,urn:mavedb:00000895-a-1,loaded_domain_stability_proxy,1
SCN2A,0,,not_located_in_this_keyword_search,0
SCN8A,0,,not_located_in_this_keyword_search,0
SETD5,0,,not_located_in_this_keyword_search,0
SHANK3,0,,not_located_in_this_keyword_search,0
SLC6A1,0,,not_located_in_this_keyword_search,0
STXBP1,0,,not_located_in_this_keyword_search,0
SYNGAP1,0,,not_located_in_this_keyword_search,0
UBE3A,1,urn:mavedb:00001125-a-1,loaded_domain_stability_proxy,1
